review_id,author_playtime_forever,voted_up,votes_up,clean_text
232116782,12.3,True,0,otimo jogo para jogar solo como também com os amigos!! me surpreendi
232113998,124.85,True,0,caralho pegar todas as receitas é um infernoooo mas 10/10
232092827,5.7,True,0,"joguinho bom pra relaxar a mente , trilha sonora boa , bom para passar o tempo . coisas que não gostei : nenhuma"
232079500,17.816666666666666,True,0,"Melhor jogo pra quem gosta de relaxar e passar o tempo, recomendo muito."
232079425,133.45,True,0,"Usei o jogo pra fugir da corrida dos ratos achando que ia descansar. Agora trabalho numa fazenda onde a cidade inteira depende de mim, eu planto, pesco, minero, cuido dos animais, restauro o Centro Comunitário, faço favor pra todo mundo e ainda sou obrigada a procurar a cueca perdida do prefeito que fica dando uns pega na Marnie enquanto eu resolvo os problemas que era pra ele resolver. Jogo perfeito."
232075079,36.2,True,0,"joguei 7 horas e dropei, depois de quase 6 meses dei outra chance... to viciado jogo mt denso, rushei 16 horas numa fazenda recentemente que voltei so que eu ja tava no inverno e tinha feito muita coisa errada, agora estou na 4 cantos com 5 horas nela jogando com calma, o jogo te ensina sobre recomeço e paciencia, tem muita variedade de itens e diversidade de desafios, se for ``zerar´´ vai ter boas horas garantidas, o tipo de jogo que depois que você ja esta avançado, começar do zero é prazeroso, obrigado stardew valley por me fazer voltar a amar jogos <3"
232072967,110.81666666666666,True,0,Uma delicia pena que nao da para casar com a Robin
130183955,146.75,True,0,"A complexidade dos Npcs, o desenvolvimento de cada um deles e o crescimento da sua fazenda deixa esse jogo absurdamente perfeito, com toda e absoluta certeza um dos melhores jogos que eu já joguei em toda minha vida. Por que no fim não era apenas um jogo de fazendinha as plantações eram só um detalhe, o verdadeiro crescimento nunca aconteceu na fazenda, mas em quem dedicou tempo de verdade para cuidar dela."
232055782,84.23333333333333,True,0,"Assim como Minecraft, Stardew Valley já é um clássico. É aquele tipo de jogo que sempre faz você voltar. Todo ano bate aquela vontade de criar uma fazenda nova, recomeçar do zero e passar horas cuidando das plantações, dos animais e conhecendo novamente os moradores da vila. Seja sozinho ou com amigos, a experiência continua sendo incrível. É um daqueles jogos atemporais que nunca saem de moda. Bom demais."
203357841,182.25,True,0,"AMO esse jogo, o único defeito foi ter acabado com minha vida social DITO ISSO: 1000/10"
225523221,586.0666666666667,True,0,"I don't know exactly what to say, but I'm writing this anyway. I loved every second of this game, even the moments when it made me angry. Stardew Valley changed my life and helped me through times when I was feeling down and no one could help me, or when I felt alone. Even then, it helped distract me. I love this game, and I always will. Thank you to everyone who helped create it, and thank you to the Stardew Valley community as well, for making me feel like I can always count on you to help me feel better and have fun. I finally achieved perfection !!!. :3"
232013623,193.48333333333332,True,0,"Stardew Valley sempre vai ser meu jogo favorito. 🤍 É o meu lugar de paz, aquele jogo que eu posso abrir em qualquer dia e sentir um conforto inexplicável. Amo cuidar da minha fazendinha, plantar, colher, decorar cada cantinho, criar meus animaizinhos e ver tudo crescendo aos poucos. Não tem pressa, não tem competição, só a sensação gostosa de construir uma vida do seu jeito. E, claro, amo minha vidinha lá com o amor da minha vida. 🥹 Cada estação, cada festival e cada dia na fazenda faz esse jogo parecer um lar. É um daqueles jogos que você nunca enjoa, porque sempre tem algo novo para fazer ou simplesmente um cantinho para aproveitar. Stardew Valley é muito mais do que um jogo para mim, é meu refúgio. 🌻🍓🐓💚"
232010608,107.73333333333333,True,0,"aside from the ever lingering fear of the ferngill distric war and the ever rising inflation, stardew valley is quite relaxing if you're not on a fishing day, you can do everything you want how you want, even if it isn't the most optime way to do so, although i do not recommend trying to do the prairie king minigame, is flat out unfair and a waste of your sanity"
232006821,9.083333333333334,True,0,"Jogo muito bom, musicas e gameplay relaxantes, historia envolvente. O único defeito é que você não pode pegar mulher casada"
232005608,110.76666666666667,True,0,"Se vc pudesse viver num jogo, qual seria? ESSE COM TODA CERTEZA"
232004817,38.916666666666664,True,0,Da pra pegar a loirinha!! (EEEEEEHHH LOIRINHA COVARDE VIU MOVEI)
231995563,1229.6666666666667,True,2,Descobri que sou perfeccionista e em um dia não da pra fazer nada
231994664,102.58333333333333,True,0,"jogo bem tranquilo com missões, tem tudo de bom sério"
231989004,6.05,True,0,"Jogo relaxante. Num geral, é ótimo para jogar solo e em conjunto!"
231985835,4.666666666666667,True,0,"jogasso,me mijei de tao prazeroso que é pegar um pirarucu"
231982487,6.466666666666667,True,0,"Esse jogo é muito além de um simples jogo de fazenda. Existe um vasto mapa e varias rotas e lugares pra explorar, personagens carismáticos, trilha sonora maravilhosa, design aconchegante, entre outras coisas legais além de plantar e ganhar dinheiro. Melhor jogo de fazenda que joguei, recomendo demais!"
231942397,77.13333333333334,True,0,"Ja joguei esse jogos em outras plataformas e foi um dos melhores jogos que joguei, ele pode ser meio bobo porem ele me ajudou muito na depressão. Recomendo muito"
231940738,13.25,True,0,"jogo barato e com muito conteudo, otimo para se jogar com os amigos tambem, todo dia descubro algo novo"
231936859,29.016666666666666,True,2,"Jogo de fazendinha que até que é bem legalzinho rs. Eu não sou muito de consumir esse tipo de jogo, mas joguei quase 30h e confesso que gostei. É um jogo que tu vai no seu tempo, pode parar e voltar quando quiser e acredito que você pode continuar para sempre. É basicamente tu cuidar e evoluir a fazenda que herdou do seu avô e ajudar sua comunidade. O jogo é interessante por ter muitas coisas para fazer: você pode pescar, plantar, colher, crafitar, limpar, criar animais, conhecer pessoas, casar, vender e comprar itens, participar de eventos, ajudar pessoas, construir estruturas, etc e etc... realmente tem muitas coisas para fazer. Tem muitas ideias legais como: a ideia de ter estações do ano, em que você planta algumas sementes só em determinada estação, assim como pescar a noite para ter acesso a determinados peixes, e por aí vai. Realmente é bem criativo. O gráfico é ok, nada de mais. Eu particularmente não gosto muito de jogos infinitos, apesar de saber que o jogo tem um tipo de ""final"" que dá para você alcançar através da conquista Perfeição. É uma conquista que leva bastante tempo, dedicação e dinheiro para alcançá-la e ela não encerra o seu jogo. Gostei mais de saber sobre a historia de sucesso do dev, do que do próprio jogo rsrs, mas é um bom jogo casual e relaxante, que vale o preço cheio, mas dá para pegar em boas promoções também. Recomendo, mas sem muita empolgação."
110707115,59.75,True,0,"Jogo simples, honesto, representa o trabalhador brasileiro classe média, faz seus corre e sonha em pegar a vizinha"
231935419,8.2,True,0,"legal, jogo ele para relaxar depois de um dia longo no sitio"
231934189,239.65,True,0,"jogo muito bom, pena que não dá pra pegar mulher casada :,("
231932702,50.65,True,0,"Jogo incrivel, você passa horas convesando com npc's, mais horas fazendo missoes,9/10 so não ganha 10 pq nn pode ficar com mulher casada"
157813733,204.93333333333334,True,0,"This game is absurd, it is undisputably the best farming game of today, this game is deep but not in the way that gives you headackes when trying to 100% in fact 100%ing this game is almost a very relaxing task, the way this game tells stories is incredible every Npc is very deep in its own storyline and i've nearly reached perfection and im already willing to do it again just to experience eveything one more time, if you're looking for a deep and casual game with a bit of challenge in some parts this game is definetly for you"
182768075,479.28333333333336,True,0,"eu estou amando o jogo, super recomendo jogo desde sempre pelo telefone e agora que minha namorada comprou para mim eu passo a maior parte do tempo plantando e colhendo para vender"
231923913,117.91666666666667,True,0,"O que posso dizer é que me arrependo de não ter jogado antes. As pessoas não amam esse jogo a toa, ele tem algo especial que faz a gente se apaixonar e se apegar, ele é lindo, feito com tanto amor e carinho que é impossível não notar nos pequenos detalhes. Tem MUITO conteúdo. Eu não fazia a menor ideia do tanto de coisas pra fazer que esse jogo teria, achei que ia só plantar e pescar, que nada. Quando você pensa que tá acabando vem mais coisas e isso é simplesmente incrível. Eu viciei tanto que já passei das 100h de jogo. Só posso dizer isso: vale muito a pena dar uma chance. Fiquei surpresa quando descobri que o criador ainda adiciona conteúdo de tempos em tempos, espero que ele siga atualizando. Graças a esse jogo eu agora quero largar a vida chata da cidade e me mudar pro campo. Quem me dera ter um vovô que me deixasse uma fazenda de herança... :("
231923653,306.65,True,0,"Muito bom! Só cuidado quando for jogar com suas namoradas, algumas podem ficar com ciúmes e outras podem competir pelas personagens com você hahaha"
231897857,54.95,True,0,"Eu amo esse jogo, dei uma chance à ele porque queria um joguinho simples e calmo, e foi perfeito. Um jogo que apesar de muito simples é também bastante complexo e desafiador. Indico muito."
231863420,1060.7166666666667,True,0,"simplesmente meu jogo favorito da vida, apenas joguem!!!!!(e deem uma chance pro harvey, nao irao se arrepender rsrs"
231863038,23.0,True,0,"jogo incrivel, nunca me senti TÃO nerd em jogo de fazenda, inclusive, ESSES SEBASTIAN SEU GOSTOSO DA DESGRAÇA, ops"
231849959,125.0,True,0,"Bom jogo, mas infelizmente não tem como fazer amor com a Sra. Evelyn"
231844453,670.7666666666667,True,0,"um jogo que relaxa a gente, gosto de jogar no meu tempo, e fico horas interminaveis."
231843942,172.45,True,0,"Não tenho palavras pra descrever o amor que sinto por este jogo tão aconchegante e amável. Foi desafiador e gratificante em medidas proporcionais, e se tornou meu jogo favorito, e mesmo platinando não irei parar de jogar."
231822269,73.33333333333333,True,0,"Começo a Jogar, primeira primaveira, chamo a hailey para dançar levo um fora, logo em seguida eu ganho um objetivo de vida que é casar com ela, mas no meio do processo acabo começando a gostar dela."
141908268,655.0833333333334,True,0,"This game is another one that holds a very special place in my heart. It came into my life back in 2019, and I haven't stopped playing it ever since. At first, I made a lot of silly mistakes — like sleeping through whole nights just to clear the wood on the farm and get married faster. One thing I really love is how it feels like the characters aren't just programmed NPCs, but real people. Since I grew up spending a lot of time on my grandfather's farm, this game brings back incredible memories. At his place, right as you walked out of the house, there was brush to your left and right, but right in front of you stood a massive forest. Nothing but giant trees — and that's the exact same feeling you get when you start Stardew, right? You step out of your cabin and there’s this huge forest right in front of you. Again, I love this game because it brings back memories of a time that won't ever come back. People I knew and lived with on that farm are no longer alive... Playing this game and being able to step back into the past for a moment is deeply relaxing. It’s no wonder my dream is to own a farm one day: raising animals, planting crops, and growing trees, just like my grandfather and the neighbors used to do. Like I said, this game has a deeply personal value to me, way beyond its story, gameplay, or graphics. It genuinely brings me the peace of being a kid again, remembering a place that unfortunately no longer exists, and honoring the people who shared those moments with me and are no longer here..."
231819298,16.1,True,0,muito bom mas não dá pra casar com a Robin
231787341,6.766666666666667,True,0,"JOGO MASSA DEMAIS, UNICA COISA Q NN GOSTEI FOI EU TERQ NAMORAR O SHANE PARA GANHA A GALINHA AZUL E DPS DESCOBRIR Q ELA NN MUDA NADA DAS NORMAIS"
231787340,20.866666666666667,True,0,"Tive problemas pra iniciar, mas assim que consegui, o jogo foi direto, e fiquei 8 horas seguidas nele, recomendo"
231785918,39.333333333333336,True,1,"AMO MTO MTO MTO CUIDAR DA MINHA FAZENDINHA COM MEU MARIDO HAHAHAHEHEHEHHEHE. Com toda certeza um dos meus jogos favoritos e que tenho mto carinho. Joguinho de conforto, recomendaria para todos jogar uma vez pelo menos <3"
231779073,14.4,True,0,"o jogo tem uma premissa muito boa , tem diversas situações inusitadas, e um conceito muito bom, uma arte muito bacana e o stilo pixel que é bem retro e eu gosto, muitos dialogos , mas a maioria é um pouco irrelevante, mas adorei as historias e o jogo, jogo com meus amigos, estou começando a gostar, 10 horas de gameplay ^^"
154544999,55.7,True,1,"Stardew Valley é, sem dúvida, o meu jogo favorito. Jogo há muitos anos, tanto no celular quanto no PC, embora ainda não tenha tido a oportunidade de experimentá-lo em outras plataformas. Na minha opinião, é um jogo incrível, com uma proposta relaxante e muitas possibilidades de exploração, evolução da fazenda e interação com os personagens. Apesar de, em alguns momentos, o jogo poder se tornar um pouco repetitivo, isso não chega a prejudicar a experiência. Com um pouco de criatividade e objetivos diferentes a cada partida, sempre há algo novo para fazer. Além disso, atualizações e mods (no PC) ajudam a renovar a jogabilidade. É um jogo que claramente foi feito com muito carinho, e isso fica evidente em cada detalhe. Com certeza é um título que recomendo e que continuarei jogando por muito tempo."
180208220,247.26666666666668,True,0,"Stardew Valley começa com o jogador herdando a fazenda de seu avô, próxima a uma cidadezinha muito tranquila. O jogador deixa para trás a vida agitada e corrida da cidade grande para se aventurar em uma vida simples no campo. A cidade de ""Pelican"" é rica em personagens únicos, cada um com sua própria história e rotina, o que adiciona profundidade ao jogo. A jogabilidade é variada e cativante. O jogador pode plantar e colher diversas culturas, criar animais, pescar, minerar e até se envolver em batalhas leves contra criaturas nas minas (a depender da sua escolha de fazenda, na fazenda também surgirão inimigos a noite). A liberdade oferecida ao jogador é um dos pontos altos do jogo, permitindo que cada um escolha como deseja passar seu tempo na fazenda. Os gráficos em pixel art são encantadores e nostálgicos, remetem aos jogos de GameBoy e outros. A trilha sonora é relaxante e se adapta às diferentes estações do ano e às atividades que o jogador realiza, enriquecendo ainda mais a experiência. Interagir com os habitantes de Vila Pelican é um aspecto importante do jogo. Cada personagem tem sua própria personalidade, e o jogador pode formar amizades, participar de eventos e até se casar e formar uma família. Desde seu lançamento, o jogo recebeu diversas atualizações que adicionaram novos conteúdos, como novas culturas para plantar, eventos, opções de personalização e até modo multiplayer. Esse é um jogo de temática tranquila, rica e gratificante. Combina simulação de fazenda com RPG e elementos sociais. Um ótimo exemplo de como um jogo independente pode fazer muito sucesso e alcançar grande reconhecimento."
231746831,22.5,True,0,"Um dos melhores jogos feitos pela humanidade, possivelmente entra num pódio de jogos com mais conteúdo. Completo, relaxante e divertido de jogar, diversas coisas para fazer, você escolhe o rumo que quer tomar. Mecânicas fáceis de decorar, trilha sonora boa, visual bonito, NPCs muito bons, o jogo não tem defeito. Obra-prima dos videogames"
167342539,45.93333333333333,True,0,Esse jogo é tão perfeito que faz você ter vontade de abandonar a vida na cidade e a CLT e se mudar pra um vilarejo afastado e começar a plantar Chirívia e Batata. Recomendo
231704242,329.7,True,0,"perfeito apenas, melhor jogo para quem quer se desconectar do cotidiano chato e passar um tempo ampliando suas habilidades de fazendeiro"
231703343,224.1,True,0,"O jogo que mais acalma uma pessoa no mudo , simplesmente joguem"
231698847,67.83333333333333,True,0,"muito bom,provavelmente um dos melhores jogos q eu ja joguei."
231693500,62.55,True,0,"já jogava no celular e devo dizer que esse é um dos melhores jogos que tive o prazer de conhecer na minha vida. é muito envolvente, de fácil jogabilidade, gráficos lindíssimos e tem seus mecanismos bem intuitivos. o jogo propõe um mundo enorme de possibilidades, com histórias divertidas para os NPCs, missões um pouco mais difíceis pra quem gosta de desafios enquanto mantém a casualidade para alguém que teve um dia longo e só quer relaxar. minhas únicas reclamações são em relação ao zoom-out do computador, que não deixa a imagem tão aberta quanto no celular, e a impossibilidade de pode salvar o progresso a qualquer momento da jogatina. algumas questões como a repetição e monotonia após o 3° ano/perfeição são válidas e importantes de serem revistas, apesar de eu não acreditar que tornem o jogo massivo e tedioso. espero ansiosa pelas próximas atualizações e pelo novo jogo do criador."
231689814,13.183333333333334,True,0,"definitivamente é e sempre vai ser o jogo mais incrível e terapêutico da história, sensacional"
231688243,55.1,True,0,"jogo este jogo a anos mas somente a um mês migrei para o pc, o melhor jogo do nicho, recomendo"
220194476,181.38333333333333,True,0,"Stardew Valley é um jogo bem simples, mas que prende muito rápido. Minha dica é evitar jogar vendo vídeos e guias no começo, jogar no seu tempo e descobrir as coisas por conta própria faz a experiência ser muito melhor. Em alguns momentos a rotina pode ficar repetitiva, mas isso faz parte do charme do jogo."
231482279,79.65,True,0,"Pra mim um dos jogos mais ""relaxantes"". Muito bom simplesmente"
231681108,806.85,True,0,"que joguinho BOM. não canso nunca dessa porcaria, sério, que jogo BOM. MUITO BOM."
231672010,177.5,True,0,planta colhe planta colhe planta colhe planta colhe planta colhe planta colhe planta colhe planta colhe planta colhe planta colhe planta colhe planta colhe planta colhe planta colhe planta colhe planta colhe planta colhe planta colhe planta colhe planta colhe planta colhe planta colhe planta colhe planta colhe planta colhe planta colhe planta colhe planta colhe casa planta colhe planta colhe planta colhe planta colhe planta colhe planta colhe planta colhe planta colhe planta colhe separa planta colhe planta colhe planta colhe planta colhe planta colhe planta colhe planta colhe planta colhe planta colhe casa de novo
231663439,378.8,True,0,"O melhor jogo de fazenda que já joguei. Seu trama, a estética e com certeza as musicas, são icônicas e espero que você se divirta desvendando os mistérios da Vila Pelicanos. Não confie na Joja."
231634791,121.15,True,0,esse é de lonfe o melhor jogo que ja joguei. o lado ruim é que agora só quero jogos nessa qualidade e estilo de gameplay e não consigo achar nada que valha o mesmo tempo que utilizei em Stardew Valley. e o shane é gostoso.
231631153,92.98333333333333,True,0,"Simplesmente incrivel, estou com 5 digitos na conta plantar uma fruta ou legume que nem sabia que existia, trilha sonora espetacular, simplesmente perfeito."
231629964,10.966666666666667,True,0,"muito bom, ótimo pra jogar depois de um dia estressante, JOGAÇO!"
231605139,147.43333333333334,True,0,"Meu amigo me deu esse jogo de presente de aniversário e foi incrível! Há cerca de 3 anos eu jogo Stardew Valley, e embora nunca tenha casado ou completado o centro comunitário, o jogo continua sendo muito interessante. Os modders da comunidade também fazem um ótimo trabalho tornando a experiência ainda mais divertida, abrindo espaço para uma experiência totalmente nova. ConcernedApe fez um ótimo do trabalho neste jogo, parabéns!"
231596891,651.6833333333333,True,3,Um ótimo jogo tanto para jogar com os amigos ou sozinho. O único defeito é que não dá pra roubar a Caroline do Pierre.
231591088,49.75,True,0,"EU SEMPRE DROPO ESSA MARAVILHA AAAAAAAAAAAAAAAAA EU NÃO SEI PQ, O JOGO É MARAVILHOSO SIM JOGUEM ISSO ANTES DE MORRER POR FAVOR, EU AINDA VOU ZERAR E PLATINAR, NÃO DROPEM E INSISTEM, LARGUEM A DOPAMINA RÁPIDA E AAAAHALWEJRLRKEPWJQPASX"
90218428,1023.2,True,0,"Apesar de parecer só mais um simulador de fazenda, esse jogo consegue transmitir uma das melhores sensações ao se jogar, seja no modo singleplayer ou multiplayer. Um jogo onde você consegue ser você mesmo e progredir conforme o seu próprio ritmo. Não tem concorrentes, é apenas você e sua fazenda. É sobre redescobrir o sentido de rotina, redescobrir e desafiar a sua capacidade de organizar suas tarefas e conseguir finalizar o dia com a segurança de que tudo no outro dia estará bem. Os detalhes são inúmeros: - Interações com os moradores da Vila Pelicanos e histórias tanto quanto cativantes, que por sinal pode se dizer o ponto alto do jogo. - Trilha sonora e sons de ambiente impecáveis, com o poder de fazer qualquer um querer continuar jogando por horas (ou comprar a soundtrack). - Easter eggs meio peculiares e únicos, com algumas referências a elementos da vida real. (temos um espantalho do howl) - O tempo passa, e rápido! apesar de ser um jogo extenso, o jogo também conta com as estações do ano com aspectos muito legais na coloração e especialidades que você consegue encontrar pelo mapa, sem contar nas plantações que mudam toda estação. No fim, esse é o único jogo que eu recomendaria de olhos fechados pra qualquer pessoa. Não que pode agradar a todos, mas porque existe algo nele que conversa com cada um de um jeito diferente, seja a idade, gosto ou experiência.. elas acabam importando muito menos do que aquilo que o jogo faz a gente sentir."
138658690,124.2,True,2,"é um jogo com uma ambientação e uma proposta muito boas. Possuí uma trilha sonora totalmente envolvente... um dos melhores jogos que já joguei Continuo jogando esse jogo desde 2019. Comecei na versão mobile, e depois vim pro PC, simplesmente, incrível."
231562371,84.4,True,2,"Sim, o jogo é perfeito. Não tenho dúvidas de que é o melhor jogo indie já feito. Esse jogo me traz uma paz e uma tranquilidade indescritível. Recomendo para qualquer pessoa que goste de videogames."
231553161,68.7,True,1,"demorei muito para experimentar o jogo e finalmente tive a oportunidade de jogar... caraca o jogo e maravilhoso em todos os detalhes, algo simples, leve e facil de rodar porem extremamente bem feito. sabe aquela sensação de que algo foi feito com amor? esse jogo passa isso"
161616829,68.56666666666666,True,1,"Stardew Valley é o maior golpe da indústria dos games. Você compra pensando: ""Vou plantar umas batatas e jogar por meia hora."" Quando olha o relógio... São 4 da manhã. Você sabe exatamente qual dia da estação é, onde cada NPC vai estar às 14h30, qual peixe aparece quando tá chovendo e tá brigando mentalmente porque esqueceu de regar uma plantação. No começo você é um fazendeiro. Depois vira pescador. Mineiro. Pecuarista. Chef. Empresário. Caçador de monstros. E, de alguma forma, ainda encontra tempo pra casar. A mina começa parecendo tranquila... Até aparecer uma serpente voadora a 300 km/h querendo devolver você pra fazenda na base da porrada. E quando você finalmente pensa: ""Agora minha fazenda tá perfeita."" Você descobre que existe outra coisa pra otimizar. Sempre existe. ⭐⭐⭐⭐⭐ 10/10. Stardew Valley é o único jogo que consegue transformar trabalho no campo em terapia... E fazer você esquecer completamente que tinha planos pra vida real."
231552071,45.18333333333333,True,0,"jogo bom, unico problema e que n da para pegar casada"
231547763,47.25,True,0,amei tudo!!!!! mas poderia atualizar mais né? falta coisa ae
231546242,43.63333333333333,True,0,"jogo muito bom pra passar o tempo e relaxar recomendo, fica melhor ainda jogando com os amigos"
171006128,245.65,True,1,"Um joguinho que logo de cara você pensa que é simples. De fato, suas mecânicas são, mas tanto sua lore, quanto seu amor investidos são indescritíveis nessa obra de arte! Simplesmente você nota que tudo aqui foi feito com carinho e zelo, nada é apressado. Stardew Valley te prende do início ao fim, despertando um sentimento de lista de afazeres, amor aos NPCs, os quais todos têm uma personalidade única e uma imensa ânsia por querer sempre fazer mais dentro das quatro cercas da sua fazendinha! Só não sei pq tratam o LINUS mal, já que ele obviamente é uma divindade disfarçada testando a bondade dos humanos na Terra kkkkkkk!"
231542452,77.23333333333333,True,0,"enjoei rapido pq nao tenho porra de amigo pa jgr,mas se tem e tem dinheiro pra comprar,compre,é bao"
231533756,103.25,True,0,"eu não sei dizer o que exatamente me faz gostar tanto desse jogo, mas é o unico jogo cozy que realmente gosto e jogo regularmente. É tipo minecraft, uma hr vc sente que quer jogar e seu save ta la te esperando. mas se eu pudesse dar uma dica seria: não tenha pressa, eu so passei a gostar do jogo depois q comecei a ignorar oq os tutoriais diziam. jogue no seu ritmo e use apenas a wiki como guia, os tutoriais dao uma pressao que o jogo nao deve ter"
231532683,206.1,True,0,"simplesmente o meu jogo favorito, nao tenho palavras para descrever o quao bom é"
231529132,12.833333333333334,True,0,"É relaxante, me traz muita paz depois de um dia agitado de trabalho."
231528467,163.51666666666668,True,1,"ótimo jogo fez uma bela evolução do gênero que ele se inspirou, mas é sacanagem ter que fazer 100% do jogo para poder ver os créditos, e o mapa poderia ter uma colisão melhor, e algumas alterações na hud para aumentar as informações dadas sobre os npc e itens ajudaria, eu cansei de ter que pesquisar na wiki como faz algo e de qual estação é a semente que eu tenho, porque o dev só escreveu isso em algumas sementes enquanto outras se você não pesquisar você as perde quando elas morrem lá no campo."
231527130,101.71666666666667,True,0,"Sinceramente? Fazia muito tempo, muito mesmo, que um jogo não me prendia, não me dar horas e horas de vício jogando e ao mesmo tempo me divertindo, acho que tudo se resume a empolgação, cada descoberta, cada personagem que você descobre as peculiaridades, os eventos, tudo tão reconfortante, definitivamente meu jogo favorito do momento."
231519281,9.95,True,0,"recomendo jogar para desestressar, jogue sem pressa e não tente fazer 'melhor rota', apenas se divirta e relaxe"
231492815,78.26666666666667,True,0,"Exelente, comprei porque vi um video no youtube sobre o deselvevolvedor ter feito todo jogo sozinho desde o codgio, artes, musica e etc, que faz updates a uma decada. Comprei em respeito ao dev e achando que seria cozy game pra joga antes de dormir. Quando percenbi ja tava cracudo no jogo kkkkk ele pega muuito porque tem faz ter que gerencia muito bem tempo, energia e recursos. Tem a parte de farm da flora e fauna, minas que uma parte de combate e mineração, culinaria, relacionamento social com os habitantes do vilarejo, muitos colecionaveis, eventos e easter eggs. De fato da pra notar a decada investida por esse dev, que sozinho fez um jogo muito bom mesmo, recomendo. 10\10"
231489952,14.133333333333333,True,0,"acordar, cuida da plantação, ganha coração com moradores, pescar, ir na mina, voltar pra casa, dormi na frente da porta pq o gato ficou na frente, ótimo jg muito relaxante"
231487088,60.78333333333333,True,0,"jogo leve, intuitivo e divertido principalmente de jogar com amigos"
231481541,68.21666666666667,True,0,"Bicho, vou ser sincera, não botava fé no jogo, mas me surpreendi DEMAIS. Dá pra cultivar, criar animais (incluindo cães e gatos), aumentar a fazenda, minerar, tem estações do ano, dá pra CASAR COM NPC, e a trilha sonora? Minha nossa senhora, é perfeita demais. Recomendo pra kralho."
231480472,39.516666666666666,True,0,"Hi devs! Adorei o game, mas queria casar com a robin. Casei com a penny, ela me ama felas. Tenho 20 horas de game e nem perto de descobrir tudo, infelizmente tenho um amigo mal, que não me explica quase nada 10/10 comprem sem se arrepender"
231479031,153.38333333333333,True,0,"jogo top, um dos primeiros que eu comprei e na real foi bem divertido plantar ervas no quintal da fazenda do meu avô."
231474256,120.13333333333334,True,0,Um jogo completamente para desacelerar e aproveitar a jogatina. Excelente.
231469483,14.55,True,0,"jogo otimo, vale a pena jogar sozinho ou em co-op com amigos"
231447337,83.51666666666667,True,0,Muito bom! Relaxante e muito viciante quando voce menos perceber ja tem 300 horas de gameplay!
231441913,111.96666666666667,True,0,"Um dos melhores jogos cozy que joquei na steam, a jogabilidade é excelente, e o fato de depois de mais de 70 horas de jogo ainda existir um mundo inteiro para descobrir no stardew deixa o jogo melhor ainda."
231440033,42.05,True,0,"Stardew Valley é um daqueles jogos que conseguem ser relaxantes e viciantes ao mesmo tempo. Cuidar da fazenda, conhecer os moradores, explorar as minas e ver a propriedade evoluindo é uma experiência extremamente gratificante. O modo cooperativo deixa tudo ainda melhor. Jogar ao lado da minha esposa tornou cada conquista mais especial, desde organizar a fazenda até participar dos festivais e descobrir tudo o que o jogo tem a oferecer. É um jogo que proporciona momentos divertidos e tranquilos para compartilhar. Com muito conteúdo, liberdade para jogar no seu próprio ritmo e uma trilha sonora maravilhosa, Stardew Valley é um dos melhores jogos de simulação já feitos."
231419167,77.58333333333333,True,0,"Simplesmente o melhor jogo de fazendinha já criado Erick Barone, você fez um ato heroico quando SOZINHO criou essa obra prima, amo vc e sua esposa bjs"
231417492,3.7666666666666666,True,0,"Muito realista! Conquistei quase tudo que tenho na vida real, menos uma namorada"
231415525,197.68333333333334,True,0,"Jogo MUITO viciante, antes de jogar parece só mais um jogo de pixel que vai passar uma semana e não vai ter mais oque fazer, aqui não, quando vc acha que terminou tudo aparece mais 100 mil coisas para fazer, isso no jogo vanilla sem mods, recomendo para todos que gostam de jogos indies, e de relaxar, guerrear, lucrar e uma infinidade de combinações."
231415238,132.88333333333333,True,0,"o jogo é muito relaxante, você perde o tempo do mundo real quando tá jogando ele é pra quem tem paciência, até demais meu jogo preferido"
231400771,29.266666666666666,True,0,"depois de jogar valorant, nada melhor que se acalmar nesse game."
231395201,154.56666666666666,True,0,Jogo perfeito! Pena que não dá pra pegar mulher casada.
231393789,7.583333333333333,True,0,Resumo Haley Ser humilhado por loira bonita por um ano inteiro só para casar...
231391022,17.5,True,0,"Simplesmente é um tipo de jogo que eu nunca pensei que gostaria, mas nas férias, meu amigo me falou para dar uma chance pro jogo e que ele me instruiria para fazer as coisas no jogo. Acabei no final começando realmente a gostar do jogo, REAL, o jogo é muito bom, quanto mais você vai jogando, com mais vontade você fica de jogar. Simplesmente incrível"
153834454,216.86666666666667,True,0,"9/10, só não é 10/10 pq não tem como pegar mulher casada."
231382201,318.01666666666665,True,0,"comprei pq falaram q da pra casar com um emo, nao me arrependo"
231377983,13.0,True,0,Jogo para você que deseje um pouco de paz em um mundo cada vez mais caótico. As vezes fazer uma pausa é a melhor coisa
231371517,292.3833333333333,True,0,Infelizmente ainda não da pra casar com a melhor personagem
231362836,18.5,True,0,"jogo 10/10,se passa horas jogando mas mesmo assim é como se fosse iniciante, cada personagem tem falas e personalidade unicas e tals, é muita coisa pra um jogo só"
231359548,38.766666666666666,True,0,"É um jogo calmo e relaxante, podendo jogar com amigos também"
168365879,389.1166666666667,True,4,"aiai esse joguinho de fazendinha, como ele é uma delicinha. é aquele tipo de jogo que você abre só pra regar as plantações por cinco minutinhos e, quando percebe, já se passaram seis horas e você esqueceu completamente que você tem uma vida fora do pc. eu simplesmente fico obcecada pelas pessoas casadas desse jogo. e, por algum motivo, fico mais obcecada ainda justamente por saber que elas são casadas. desculpa, robin. desculpa, caroline. eu jamais faria isso na vida real, mas, na vila dos pelicanos, eu sou completamente sem caráter! mesmo sendo um jogo relativamente ""curto"", ele nunca enjoa. sempre tem uma fazenda nova pra criar, um desafio diferente, uma profissão que você quer testar ou um monte de coisa pra colecionar. e, sinceramente, jogar stardew valley sem mods já é ótimo, mas jogar com mods é absurdo de bom. eu adoro baixar uns 456793 mods diferentes até o jogo ficar irreconhecível. mudo as cores, os gráficos, adiciono mapa, roupa, cabelo, diálogo, evento... tudo. e, claro, tem o mais amado ( ou não ) mod de poligamia, que todo mundo julga, mas eu me recuso a elaborar. se o jogo deixa, quem sou eu pra reclamar? como se isso já não fosse suficiente, ainda tem mod de demon slayer com o genya, o sanemi e o rengoku, todos casáveis. eu não tenho maturidade nenhuma pra isso e nem faço questão de ter. stardew valley é um daqueles jogos que sempre encontra um jeito de fazer você voltar. seja pela paz, pelo caos, pelos mods ou simplesmente porque você sentiu saudade de cuidar das suas vaquinhas. eu amo esse jogo e provavelmente vou continuar voltando pra ele por muitos e muitos anos."
231334777,174.81666666666666,True,0,Esconde uma riqueza impressionante de jogabilidade e detalhes sob gráficos nostálgicos. Principalmente com muitos mods!!
184362376,15.933333333333334,False,0,"Jogo horrivel n compensa oque vc paga nele,repetitivo horrivel, perdi dinheiro nesse lixo, fui estrupado jogando stardew valley 0/10"
231327285,124.56666666666666,True,1,Nem com speedrun você zera esse jogo rápido. Dito isso 10/10
231322097,30.816666666666666,True,0,"só comprei pq a muie obrigoukkkkkkkkkkkkkkkkkkkkkkkkkkkkk, mas eh legalzinho, vale a pena guys"
231316909,92.78333333333333,True,0,"Otimo na sua proposta, pena que não tenho com quem jogar"
231316047,57.833333333333336,True,3,muito bom mas não da pra pegar mulher casada. triste =(
231305880,3.2,True,0,"Perdi minha namorada, agora unica coisa que me resta é uma fazenda"
231300706,95.51666666666667,True,0,"Um daqueles jogos que você abre pra jogar 30 minutos e quando vê já passou horas. Relaxante, charmoso e com um monte de coisa pra fazer. Vale cada centavo. <3"
231296584,98.01666666666667,True,1,"nao sei como conseguem chamar isso de um jogo calmo, o tempo e seu dinheiro"
231285326,98.31666666666666,True,1,"eu amo demais esse jogo, demais demais, é um jogo simples mas muito encantador, te prende por horas sem enjoar, você nem lembra do resto do mundo"
231283673,51.93333333333333,True,0,jogo esse jogo a 4 anos e até hoje nunca consegui completar o centro comunitário. bom demais
180174318,43.96666666666667,True,0,"O QUE EU ACHEI DE STARDEW VALLEY Você herda uma fazenda abandonada e pensa: “vida simples e pacata''. Cinco minutos depois está correndo em pânico porque esqueceu de regar a couve e agora sente culpa moral com pixels. Criado por Eric Barone, também conhecido como “o homem que transformou ansiedade em mecânica de jogo”. ● Jornada 7x7. ●Mineração noturna com risco de morte. ●Relacionamentos baseados em subornar pessoas com geleia. Em resumo: Stardew Valley é sobre encontrar paz interior… enquanto otimiza uma vinícola industrial . Relaxante? Sim. Principalmente quando você desmaia às 2h da manhã porque estava colhendo cranberry como se o FMI dependesse disso. ABSOLUTE CINEMA!"
86259245,1510.05,True,0,"Stardew Valley é aquele jogo que nunca cansa. Se depender de mim, vou continuar jogando pelo resto da vida. Nem preciso falar muito: já são mais de **1.500 horas** só na minha conta, sem contar as horas no PlayStation e no notebook da minha esposa, haha. É um jogo aconchegante, viciante e cheio de carinho em cada detalhe. Sempre tem mais uma fazenda para começar. Sempre lembre: morangos no dia 12 da primavera, mirtilos no verão, oxicoco no outono e muita fé no inverno <3"
231245344,33.03333333333333,True,0,"Ótimo jogo para passar um tempo, posso jogar por horas sem perceber que se passou 1 minuto, história um pouco fraca, acho que o jogo peca um pouco nisso, porém compensa em todo resto, NPCs com rotina própria que te deixa curioso em saber o que cada um está fazendo naquele momento, trilha sonora muito boa, músicas calmas e relaxantes que te fazem sentir o cheiro da brisa do mar e do vento fresco da fazenda, eventos realmente interessantes, mas tenho uma sugestão, poderia ter eventos que se intercalassem entre anos, por exemplo um evento que aconteça a cada 2 anos e que intercale com outro que acontece a cada 2 também e assim sucessivamente, acho que isso daria uma sensação de cada ano é diferente tirando um pouco da monotonia dos eventos que geralmente são sempre iguais. Nota: 1000/10000"
231243284,158.35,True,0,"Bem, o que dizer desta obra prima, um jogo tão relaxante, quanto agoniante, obviamente digo isso pelo inicio do jogo, onde você quer tudo, melhorar sua fazenda, completar o centro comunitário, melhorar sua casa e etc... paciência, essa é a graça do jogo."
231240016,9.266666666666667,True,0,"Stardew Valley né galera, simplesmente. Não há mais nada a ser dito <3"
231239636,69.26666666666667,True,0,"meu jogo favorito, perfeito no simples. não tem como não gostar. vou virar agroboy por conta desse jogo 100/10"
154677074,260.0,True,0,"Não é saudável jogar um jogo por tanto tempo na vida, mas eu jogaria esse jogo pelo dobro de horas FÁCIL. Recomendo, muito bom e não seja jojista (sério, não seja, aquele homem é a representação de mal e ódio no coração, desprovido de beleza e amor, somente com sua ganância e desejo de destruir a felicidade de pessoas inocentes). Definitivamente uma das jogatinas já feitas desse jogo. Edit: Depois de uns anos eu sempre acho essas edits muito estranhas, sério, é muito cringe, pelo menos o jogo é bom"
231214305,127.11666666666666,True,0,"jogo espetacular de viciante, só não gostei do bug que te impede de casar com a Robin"
231044488,69.81666666666666,True,0,Jogar esse jogo escutando calcinha preta (forró boys) e uma experiência.
231183679,103.6,True,0,"Você abandona a rotina exaustiva do trabalho corporativo para relaxar no campo e, em três semanas de jogo, está gerenciando uma planilha no Excel para otimizar a colheita de carambola."
231166289,38.25,True,0,"Juntando essas horas da Steam com as da Microsoft, devo ter batido umas 350 horas. Com o pouco tempo que gastei nesse jogo eu fico em duvida se recomendo pra alguém ou se obrigo ela a jogar. O jogo é maravilhoso, na minha opinião é um dos pilares dos jogos Indies, saber que o Erick Barone fez tudo sozinho me enche determinação (UFF REFERENCIAS). Falando sério, pode jogar sem medo, o começo do jogo é meio complicado, mas depois fica bem relaxante e natural. Jogue, Aproveite e VIVA!"
231165363,3.65,True,0,"só consigo jogar com outras pessoas, é preciso ter muita paciência e força de vontade pra jogar sozinho. Apesar disso, é uma boa experiência quando se joga com amigos."
231162072,30.05,True,0,"jogar isso escutando musica é uma das melhores coisas pra fazer, queria que tivesse mais coisas ainda pra fazer e dar mais profundidade em algumas coisas mas o jogo é mt bom"
231156579,450.3666666666667,True,0,"Existem jogos que a gente termina e esquece. Stardew Valley é o completo oposto. Para mim, ele é muito mais do que um jogo: é um lugar para onde eu sempre volto quando preciso relaxar, esquecer um pouco da correria ou simplesmente me sentir em paz. Além de ser uma experiência incrível, é um jogo muito acessível. O preço costuma ser justo, principalmente considerando a enorme quantidade de conteúdo que oferece. É um daqueles raros jogos em que você sente que cada centavo valeu a pena. Saber que tudo isso foi criado por praticamente uma única pessoa faz com que eu admire ainda mais essa obra-prima. Dá para sentir o carinho colocado em cada detalhe. Stardew Valley é o meu jogo favorito e, sinceramente, acho que sempre será. Não importa quantos jogos novos eu experimente, sempre existe um momento em que sinto vontade de voltar para a Vila Pelicanos. Alguns jogos divertem. Outros deixam lembranças para a vida toda. Stardew Valley fez os dois."
231153372,44.31666666666667,True,0,"não aguento mais sempre perder minhas plantações no fim das estações, a mina é um inferno, pescaria é chata, mas enfim super recomendo"
231151930,70.21666666666667,True,0,"é um jogo imenso cheio de coisas para fazer procure por dicas de como jogar mas jogue do seu jeito e no seu tempo, jogue-o relaxado e use-o para relaxar nota 10/10"
231145873,9.75,True,2,"Minha história com Stardew Valley começou no mobile. É um jogo incrível e que tem um espaço no meu coração. Mas creio que você não esteja aqui para saber disso, né? Enfim, é um jogo muito bom e divertido, perfeito para passar o tempo ou relaxar depois de um dia estressante."
231142029,324.7,True,0,Aqui é o lugar pro cara relaxar e esquecer tudo.
231141475,297.1166666666667,True,0,"Digníssimos confrades desta comunidade jogatória, venho, mui respeitosamente, exarar meu parecer laudatório concernente a este primoroso artefato de entretenimento digital, cuja excelência transcende, em larga medida, as expectativas outrora nutridas por este humilde apreciador. Cumpre-me salientar, preliminarmente, que a arquitetura ludológica ora em apreço ostenta uma engenhosidade deveras notável, porquanto amalgama, com invulgar maestria, os elementos constitutivos da jogabilidade a uma narrativa de indiscutível envergadura estética. As mecânicas, longe de padecerem de qualquer vício redibitório, apresentam-se escorreitas e primorosamente calibradas, propiciando ao usuário fruição ininterrupta e desprovida de dissabores. No que tange ao apartado audiovisual, seria despiciendo alongar-me em demasia, bastando asseverar que a direção artística logra êxito absoluto em sua empreitada, conquanto ouso afirmar que os panoramas contemplados neste mister rivalizam com as mais insignes manifestações pictóricas de que se tem notícia. Destarte, e sem embargo de eventuais minudências passíveis de aprimoramento, não hesito em outorgar a esta obra o mais irrestrito encômio, exortando os presentes a dela se acercarem com a máxima presteza, sob pena de incorrerem em lamentável privação cultural."
231107815,87.78333333333333,True,0,Esse jogo me fez perder muito tempo para pegar uma unidade de minério (fragmento prismático) porém sempre quis ser um fazendeiro
169716877,102.3,True,1,"É um dos meus jogos favoritos, acho que é tanto conteúdo e tantas possibilidades de inventar (fora os mods da comunidade e a abertura pra galera criar mais conteúdo ainda) que fazem o jogo não ter fim, e de uma forma que não fique enjoativo! ce sempre tem algo pra melhorar, algo pra conquistar, uma missãozinha pra fazer (do jogo ou meta pessoal mesmo). Te amo Stardew Valley ((e te amo Leah"
231098072,285.21666666666664,True,0,"Stardew Valley virou um dos meu jogos favoritos, mesmo jogando há alguns anos ele ainda consegue prender a atenção. No começo pode ser estressante, em alguns momentos o jogo pode parecer lento, a falta de energia e tempo pode ser um dos maiores problemas, mas conforme você vai jogando e evoluindo, aprende a como administrar as coisas e a dominar novas mecânicas. Conforme você joga percebe que o jogo tem muito mais a oferecer, sempre terá algum objetivo: Melhorar a fazenda, fazer amizade com os moradores, decorar a casa, pescar, minerar ou passar o dia organizando plantações. O jogo te dá a liberdade de fazer as coisas em seu próprio tempo. É uma gameplay relaxante e uma ótima opção para jogar com amigos. 10/10"
231088855,9.9,True,0,"Eu adorei as músicas, jogabilidade, a ideia de coletar recursos e cultivar o solo, regar e plantar as sementes e vender seus produtos."
231083866,58.5,True,0,"Maravilhoso, ótimo para passar o tempo. Jogo há mais de três anos e nunca enjoou."
231081225,21.3,True,0,"Se você procura um jogo indie, RPG, calmo e sem pressa, Stardew é uma ótima opção! Eu gosto muito desse tipo de jogo. Stardew entrou na minha lista de jogos pra passar o tempo que são muito bons."
231065583,129.51666666666668,True,0,Stardew Valley é simplesmente uns dos melhores jogos que já joguei e uns dos que eu não dava nada.
231063888,876.25,True,0,Can't date the wizard. what the ♥♥♥♥ are we even doing as a society?
231063397,141.28333333333333,True,0,QUE JOGAÇO!!! já joguei pelo xbox e pelo celular varias vezes e todas as vezes foram do krl
36724290,466.3333333333333,True,20,"Uma obra-prima que todo jogador deveria experimentar. Depois de 466 horas e 100% das conquistas (49/49), posso dizer com total tranquilidade: Stardew Valley é um dos melhores jogos que já joguei. É impressionante como um jogo aparentemente simples consegue oferecer tanto conteúdo. Você começa plantando algumas sementes e, quando percebe, já está administrando uma fazenda inteira, explorando minas, pescando, fazendo amizade com os moradores, decorando sua propriedade, descobrindo segredos e sempre encontrando um novo objetivo. O mais incrível é que o jogo nunca obriga você a seguir um caminho específico. Quer focar em agricultura? Pode. Prefere mineração, pesca ou criar animais? Também pode. Cada jogador vive sua própria experiência, e isso faz com que nenhuma fazenda seja igual à outra. Outro ponto que merece destaque é o carinho colocado em cada detalhe. Os moradores têm personalidade, rotinas, histórias emocionantes e evoluem ao longo do tempo. A trilha sonora é maravilhosa, a pixel art envelheceu como um bom vinho e cada estação do ano tem uma identidade única. Mesmo depois de centenas de horas, Stardew Valley continua surpreendendo com novos desafios, objetivos e pequenas descobertas que fazem você querer jogar ""só mais um dia""... até perceber que já passaram horas. Também é impossível não elogiar o trabalho do ConcernedApe. É admirável pensar que grande parte desse jogo foi criada por uma única pessoa, que ainda continuou adicionando atualizações gratuitas anos após o lançamento. Isso mostra uma dedicação rara na indústria. Se um jogo consegue prender minha atenção por 466 horas, me motivar a fazer 100% das conquistas e ainda me deixar com vontade de voltar no futuro para criar uma nova fazenda, ele merece todos os elogios possíveis. Stardew Valley não é apenas um excelente jogo indie. É uma verdadeira obra-prima dos videogames. ❤️ Obrigado, ConcernedApe, por criar uma experiência tão especial."
181595018,937.9666666666667,True,0,"Um jogo sensacional, não dá para medir em palavras, mas depois de um tempo jogando e fazendo as coisas (é muito tempo, n se preocupa com isso por pelo menos umas 100-200hrs), não da pra fazer muita coisa a mais, só fazer dinheiro pra comprar plantações e ganhar mais dinheiro, mas é uma experiência muito boa, se vc tiver pataco no bolso COMPRE E JOGUE ESSE JOGO."
231046791,112.61666666666666,True,0,"jogo calmo, perfeito para um domingo a noite quando a depressão da clt bate"
231020972,43.53333333333333,True,0,MUITO BOMM! Um dos melhores jogos que eu já joguei
231015414,228.28333333333333,True,0,Delicioso viciante que nem droga no inicio vc so quer jogasr essa porra mto bom.
231008532,10.566666666666666,True,0,"Um jogo muito divertido, estou tendo a experiência de jogar coop em uma fazenda com outros amigos. Mecânicas que aumentam de complexidade com o uso, mas não necessariamente são essenciais. O jogo pode ser tão simples ou complexo quanto você quiser."
231003045,156.88333333333333,True,0,"Um jogo simples e incrível, cheio de histórias e bons momentos. Quem chega na Vila Pelicanos, não quer sair mais."
231000048,126.9,True,0,"Melhor experiência para jogar é multiplayer, mas jogue solo caso você deseje platinar (a não ser que a outra pessoa anime te ajudar nisso). O conteúdo é muito bem feito e bem extenso, acho que já explorei bastante do jogo para me deixar satisfeito, mas um dia vou analisar se ainda volto para fazer a platina, e estou ansioso para o próximo jogo do Barone"
230999296,9.016666666666667,True,0,"Stardew Valley é um daqueles jogos que conseguem prender você por horas sem perceber o tempo passar. O que começa como uma simples fazenda logo se transforma em uma experiência completa, com agricultura, pesca, mineração, criação de animais, festivais e amizades com os moradores da vila. O charme dos gráficos em pixel art, a trilha sonora relaxante e a enorme quantidade de conteúdo fazem com que sempre exista um novo objetivo para alcançar. Cada estação traz desafios diferentes, e a sensação de ver sua fazenda crescer aos poucos é extremamente gratificante. Outro grande destaque é a liberdade: você pode jogar no seu próprio ritmo, sem pressão. Quer focar em plantar, explorar cavernas, completar o centro comunitário ou apenas decorar sua fazenda? Todas essas opções funcionam muito bem. É um jogo feito com muito carinho e isso fica evidente em cada detalhe. Seja jogando sozinho ou no modo cooperativo com amigos, Stardew Valley oferece centenas de horas de diversão e continua sendo um dos melhores jogos do gênero. Recomendo sem pensar duas vezes! 🌾💚"
230985526,115.58333333333333,True,0,"Aquele tipo de jogo que você pode levar no seu ritmo ou simplesmente rushar, jogo bão pra passar o tempo, recomendei até pra minha vó"
230985272,123.3,True,0,"muito bom e calmo, recomendo para jogadores de minecraft e pessoas que gostem de jogos calmos"
230978526,117.01666666666667,True,0,"Só para deixar claro logo, sim, recomendo. Eu achava que a proposta era um jogo casual, relaxante. Até entrar na jornada da pradaria (MEEEEEEU SENHOR SÓ ÓDIO POR ESSE MINIGAME). Mas assim o jogo cumpre o que promete, tem várias coisas que o desenvolvedor podia ter colocado, mas sinceramente o que o jogo tem no momento é mais do que o suficiente para se divertir, até pq é um simulador de fazenda gente, ""joga semente, rega e colhe"". A coisa mais chata é que tu tem que ta com a wiki aberta para saber muitas coisas (MUITAS COISAS MESMO, se não tu passa a vida só plantando o que só é um problema caso vc queira platinar claro). A minha jornada foi prazerosa, um pouco mais longa do que eu planejava, mas valeu a pena, 8/10, bem bom."
130711923,177.56666666666666,True,0,"Pegue a fazenda de seu falecido avô, faça amizade com as pessoas mais tóxicas possíveis que só te pedem serviço, reconstrua pontes, ônibus e até mesmo o Centro Comunitário, coisa essa que o prefeito da cidade, UM VELHO ENCOSTADO, só curte pegar senhoras e receber imposto. Depois de arrumar a cidade capenga, aparece na sua vida UMA ILHA, que basicamente você tem que conversar com papagaio e com uma criança-papagaio para fazer ainda mais trabalhos. Ah, e tem cassino, então jogo muito bom, recomendo."
230959114,1151.45,True,0,"Um dos melhores jogos do gênero de Fazenda que já joguei. A história é marcante, os personagens são interessantes e tudo parece ser tão vivo. ConcernedApe até hoje nos presenteia com atualizações, que diferente de muitos outros desenvolvedores, firiam fazer diversas DLC."
230950534,118.21666666666667,True,0,"COM CERTEZA melhor jogo de fazenda da história, relaxante, as vezes c passa uma raiva aq ali, mas faz parte, ótimos npcs. joguei muito mesmo durante a pandemia e finalmente pude comprar e recomendo esse jogo a todas as almas boas da terra"
230943491,11.416666666666666,True,0,"perfeito, eu tenho 500 horas no xbox e agora vou pro pc"
230939436,26.533333333333335,True,0,"Chegou o dia da análise do famoso jogo da fazendinha. Stardew Valley é um jogo com arte visual em estilo pixel art que transmite uma sensação de paz e tranquilidade aos players. Seu objetivo é simples: criar uma fazenda, cuidar das colheitas, cuidar dos animais e socializar com os moradores da vila onde você vive. O jogo não tem muitos segredos e apresenta uma experiência fácil e tranquila, mas não pense que a vida de fazendeiro será sempre simples. É preciso ficar atento às estações do ano para não perder suas preciosas colheitas e conseguir evoluir sua fazenda da melhor forma possível. Falando sobre sua trilha sonora, o jogo transmite muita energia positiva através das suas músicas calmas e relaxantes. Cada melodia combina perfeitamente com a atmosfera tranquila e acolhedora da aventura. *Selo de jogo bem feito*"
230938893,55.36666666666667,True,2,"Simples e viciante, me deu vontade de largar tudo e ir pro meio do mato cuidar de uma fazenda."
230934999,36.43333333333333,True,0,"vacas, galinhas, porcos, galinhas pretas e tudo mais o foda é ser roubado na rua mas de boas ]"
230925782,57.75,True,3,"Abre o Jogo -> Não entende Nada -> Planta -> Caverna -> Dinheiro Jogo simples, viciante e muito satisfatório. Nota 10/10."
230913831,158.5,True,3,"esse jogo é simplemente incrível, pra quem gosta de jogar ouvindo uma musica, jogo com vários ambiente legais para explorar"
230910152,54.416666666666664,True,0,"EU GOSTEIII BASTANTEE DE SV ;) Stardew Valley parece um jogo simples sobre plantar batata, mas, quando você percebe, já está organizando sua vida inteira em volta da plantação, do aniversário dos moradores e de uma galinha que decidiu dormir do lado de fora. O começo pode ser um pouco cansativo. Você tem pouca energia, quase nenhum dinheiro e passa boa parte do dia arrancando mato, quebrando pedra e tentando entender por que regar oito plantas já deixou seu personagem à beira da morte. Mesmo assim, existe algo muito gostoso em ver a fazenda crescendo aos poucos e saber que cada melhoria aconteceu porque você realmente trabalhou por ela. O jogo também não obriga você a seguir um único caminho. Dá para focar na fazenda, explorar as minas, pescar, decorar a casa, criar animais ou simplesmente passar o dia inteiro conversando com os moradores. Cada personagem tem seus próprios problemas, defeitos e histórias, então a cidade deixa de parecer apenas um cenário e começa a parecer um lugar onde você realmente vive. A parte mais perigosa de Stardew Valley é que sempre existe “só mais uma coisa” para fazer. Só mais um dia para colher as plantações, só mais um andar na mina, só mais um peixe antes de dormir. Quando você olha novamente para o relógio, já perdeu algumas horas da vida real tentando conquistar um personagem que continua recebendo seus presentes com desprezo. Não é um jogo perfeito. Algumas tarefas ficam repetitivas, a pesca pode ser irritante e tentar fazer tudo ao mesmo tempo transforma uma experiência relaxante em uma planilha de produtividade. Ainda assim, Stardew Valley é um daqueles jogos que conseguem ser confortáveis sem serem vazios. Em resumo, é um jogo sobre plantar, construir e ganhar dinheiro, mas também é sobre recomeçar, criar vínculos e encontrar felicidade em uma rotina mais simples. Você entra achando que vai cuidar de uma fazenda e termina emocionalmente apegado a um monte de pixels."
230905447,24.816666666666666,True,0,Stardew Valley É Perfeito 1 Dos Melhores Jogos Que Já Joguei Sem Dúvidas!!
230901805,17.75,True,0,esse jogo passa mo sensação de paz e divertido demais
230888254,450.71666666666664,True,0,"comprei esse jogo em 2020, a cada uns 2 anos da uma vontade de jogar, dessa vez fiz 100%, foi sofrido, mas foi uma boa experiencia. conclusao: é bonzinho ein"
230887956,73.96666666666667,True,0,"esse jogo me relaxa depois de uma semana de trabalho intensa, fico madrugadas e mais madrugadas jogando esse jogo sem perceber de tão bom que ele é, super recomendo."
230885830,207.91666666666666,True,0,"Eu te amo, Stardew Valley, eu te amo!!! Eu não sou muito boa de resenhas, até porque quem me conhece sabe (rsrs), eu sou totalmente coração, ainda mais na hora de falar de algo que eu amo, como desse jogo, mas definitivamente não meço elogios para ele, que me acompanha há tantos anos. É um espaço de conforto, tanto para momentos felizes com pessoas que eu amo quanto para momentos tristes em que precisei ficar sozinha!"
179404004,791.2166666666667,True,1,"Diria que para mim é o jogo perfeito. De longe o melhor na minha opinião. Amo jogar Stardew em todos os momentos, seja quando quero relaxar e até quando preciso de uma certa interação humana, afinal, para mim os NPCs já estão no meu coração. É um jogo de fazenda, onde seu objetivo é apenas ter uma nova vida como fazendeiro e dar um jeito no velho terreno que o seu avô te deixou. Stardew é um jogo muito relaxante como já dito, cuidar das plantações e animais, pescar e até minerar é tranquilo, isso sem falar dos NPCs. Sinceramente, Stardew Valley mudou minha vida, além das falas reflexivas que os próprios moradores da tão amada Vila Pelicanos dizem, ainda temos a atmosfera que traz aquele ar de calmaria depois de um dia cheio. É como um porto seguro mesmo, posso esquecer dos meus problemas e cuidar das minhas carambolas por dias sem cansar. Além disso, é um jogo extremamente divertido, mesmo com todos os momentos sérios de cutscene sempre temos aquela piada de pescador do Willy no fim do dia para dar umas risadas. Não é só um simulador de fazenda, mas é como uma vida mesmo. Sem dúvidas me fez querer ter minha própria fazenda na vida real. Enfim, recomendo incrivelmente para a maioria dos jogadores. Além de um jogo calmo e tranquilo também tem sua parte dinâmica e corrida. Não é um jogo repetitivo, só precisa saber aproveitar do melhor jeito a história e se divertir com coisas simples, seja pescando, minerando, plantando, decorando, o que você gostar mais. Uma farta colheita para todos!"
230880661,36.6,True,0,"O jogo como um todo é incrivel do inicio ao fim, sendo extremamente engajante e divertido, mas naturalmente sempre é melhor jogar ele com outras pessoas, se não pode sofrer com uma solidão por ter tudo que quis mas faltar alguem pra compartilhar tudo aquilo que conseguiu."
230877333,189.36666666666667,True,0,"é legal que, mesmo depois de 4 anos no jogo, ainda tem coisa pra fazer. Eu fui descobrir a uns meses que existe uma ilha. Infelizmente depois de um GRANDE tempo jogando acaba enjoando, mas recomendo sim!"
230875191,57.0,True,0,Eu ansioso para terminar o trabalho para poder trabalhar em casa
230875118,571.85,True,0,"Esse jogo se tornou um dos meus jogos favoritos! Se você está buscando um jogo de fazenda para passar o tempo, esse jogo definitivamente será para você. Ele é bem completo, te dando uma gama de possibilidades de coisas para fazer e deixando você jogar no seu tempo. Você pode pescar, cuidar da fazenda (de animais, de colheita), mineirar, desenvolver relações com os moradores locais, entre outras coisa. Foi um jogo bem divertido de explorar e jogar, queria muito que tivesse como rejogar como se fosse a primeira vez."
230874808,42.333333333333336,True,2,"Otimo para sentar na frente do computador e relaxar por horas. peguei pirata pro celular e pude me redimir comprando ele na steam, vale cada centavo gasto e cada hora de jogo dedicada. COMPRE AGORA"
230873699,30.333333333333332,True,0,"mano muito bom, gosto de jogar por causa da liberdade que te dao"
230873491,6.783333333333333,True,0,"Jogo muito bom, dá para jogar por horas a fio sem enjoar, simplesmente maravilhoso"
230873430,59.28333333333333,True,1,"Eu adoro esse jogo e é um dos poucos que consigo jogar por horas seguidas, joguei no mobile antes (também é legal), mas é muito melhor num notebook, e roda bem tranquilo. Recomendo para quem gosta desse estilo de jogo. Valeu muito a pena!"
230872533,55.38333333333333,True,0,"Posso me casar, ter uma vida tranquila e ser amado por todos em uma cidade pequena. O único problema é o PIerre n abrir às quartas. 10/10."
230872082,301.4,True,0,"viciante. nao caia na armadilha de querer ""otimizar"" e ""jogar certo"", esse e um jogo pra voce descrobrir as coisas sozinho"
230868492,16.333333333333332,True,0,"bão dimais, e bom pra passa o tedio, o problema mesmo e CONQUISTA AS MUIE, O COISA DIFICIL DA PESTE"
230866145,27.716666666666665,True,0,"Não importa oq aconteça, esse jogo sempre, sempre, sempre, sempre, será o maior jogo de todos os tempo"
106981248,168.98333333333332,True,0,"Jogo de fazenda infinita, mas o jogo é bom. Baixa o mod expanded, vira outro jogo e tem muiito mais coisas a se fazer"
230857338,252.76666666666668,True,0,"Eu amo esse jogo com todas as minhas forças. Não sou muito de fazer reviews na Steam mas esse daqui mereceu uma estrelinha de honra. ANSIOSISSIMA pra ver os proximos jogos do Barone, queria muito ter a experiencia de jogar isso daqui de novo pela primeira vez."
230856795,121.05,True,0,"É um jogo viciante, divertido e simplesmente fácil de se apegar."
151390046,412.93333333333334,True,0,"Jogo mt bom ,um dos primeiros que joguei, muito relaxante e lindo demaizeeee Uma das minhas melhores platinas"
230851203,98.25,True,0,"No princípio eu senti que não sabia jogar, mas daí procurei dicas na internet e descobri como começar, e agora estou um pouco viciada xD gosto do jogo, só não queria ter que interagir com os npc , queria só jogar sozinha mesmo na natureza. Mas o jogo é bom sim."
230844917,104.66666666666667,True,0,"Muito bom, adoro a facilidade comparado com o mundo real"
230838901,87.85,True,0,"Extremamente fora da curva, infinitas possibilidades e melhor ainda com mods"
230836412,42.733333333333334,True,0,Jogo bom para relaxar ouvindo música ou jogando com seus amigos
230835715,175.7,True,3,"Não tem muito o que falar, dificel alguém não conhecer Standew Valley hoje em dia. Divertido com os amigos, sem os amigos, sem uma esposa, com uma esposa, pensando na vida, perguntando porque ainda estou jogando após o terceiro ano, matando incontaveis inocentes monstros quietos nas minas pra fazer grana e por ai vai. O clássico jogo de fazendinha, aonde qualquer caminho que seguir vai ser lucrativo, e no fim, o que importa é o lucro que fazemos no caminho, viva o capitalismo $$$$"
230832324,99.91666666666667,True,0,"O jogo é divertido e tem bastante conteúdo, traz a nostalgia de Harvest Moon."
230823553,75.0,True,0,esse jogo e muito bom ele e calmo divertido se vc gosta de jogo 2d como eu vc vai gosta muito desse jogo
230809602,5.15,True,0,"É um ótimo jogo, gostei das missões, é possível explorar cavernas em buscar de minérios, poder montar a sua própria fazenda, os gráficos são lindos, chega até dar sensação de paz e conforto quando está olhando para a paisagem."
230808922,85.05,True,0,"Joguinho bom demais! Me lembra a época em que eu jogava Harvest Moon do Nintendo 64 e no PSP no emulador... bons tempos. Mas, sinceramente, Stardew Valley consegue ser ainda melhor. Lembro que jogava muito quando tinha uns 14 ou 15 anos, na versão pirata. Hoje, mais velho, fiz questão de comprar o jogo para apoiar o desenvolvedor, porque ele merece. É um daqueles jogos que valem cada centavo"
230808617,90.91666666666667,True,0,"simplismente incrivel, recomendo dms, comprem e aproveitem essa obra prima"
230805917,48.9,True,0,"Este jogo é muito bom, possui várias mecânicas interessantes e formas de jogar, joguei mais de 680 horas na versão mobile."
230804558,79.95,True,0,"Que jogo maravilhoso, traz uma paz imensa mesmo sendo 24h clt, unico ruim é que se jogar por bastante tempo enjoa e fica com ressaca até voltar a jogar de novo"
230803552,40.18333333333333,True,0,"Bom para jogar no tedio e para relaxar, otimo para computadores fracos!"
230802913,2.1166666666666667,True,0,Simplesmente uma obra de arte. Um daqueles jogos que você irá jogar para sempre quando quiser relaxar !
230801223,55.71666666666667,True,0,olha eu baixei esse jogo esperando jogar 1 hora para testar se eu gostasse eu pedia reembolso no fim na minha primeira vez jogando joguei 4 horas e nem reparei achei tambem que seria somente um jogo de fazenda bem basico plantar colher e acabou mas no fim tem muita coisa interessante so joguei 8 horas e recomendo mas se quiser uma dica não procure tutoriais sobre o jogo tente aprender e aproveitar o jogo mas nota 11/10
230801065,90.36666666666666,True,0,jofo otimo para pssar o tempo gostei bastante graficos lindos musica bonita e estilo de jogo tambem gostei e um jogo que nao te força a ir por um caminho especifico e nao te apressar a zerar o jogo super recomendo
147596962,361.31666666666666,True,0,"Fiz anos atrás uma analise e hoje estou atualizando. Comprei stardew valley com o dinheiro do meu emprego, joguei muito, mas depois que sai de jovem aprendiz para outro emprego eu tinha parado de jogar por não ter tempo. Recentemente eu sai desse emprego após processar por danos morais, e eu estava em casa em crise pela falta do emprego - não preciso voltar a trabalhar até ano que vem, mas minha personalidade tinha virado o meu >emprego<, tava ficando depressivo e nada animava, até eu finalmente voltar a jogar stardew valley mais uma vez! Era só uma olhada, mas isso me trouxe a animação que eu não sentia a dias, semanas, meses.. a anos! Obrigado, ConcernedApe."
192062400,22.333333333333332,True,0,"Review — Stardew Valley Stardew Valley é um RPG de simulação agrícola encantador e extenso, desenvolvido pela ConcernedApe. A história começa quando seu personagem herda a fazenda em ruínas do avô em Stardew Valley, oferecendo uma fuga da rotina da vida urbana. Jogabilidade: Você passará seu tempo transformando os campos cobertos de mato em uma fazenda próspera ao: Cultivar: plantar e colher uma variedade de culturas sazonais. Criar animais: Cuidar de galinhas, vacas, porcos e muito mais, e coletar seus produtos. Pescar: Passar tardes relaxantes nos pontos de pesca locais. Mineração: Explorar cavernas vastas e misteriosas, encontrar monstros e descobrir minérios e pedras preciosas valiosas. Coleta: Recolher recursos silvestres como frutas silvestres, cogumelos e raízes. Artesanato: Criar máquinas úteis, ferramentas e produtos artesanais. Além da fazenda, você pode: Construir relacionamentos: Fazer amizade com mais de 30 moradores únicos de Pelican Town, participar de suas vidas e até mesmo se casar com um dos doze solteiros ou solteiras elegíveis. Explorar: Descobrir novas áreas, desvendar segredos e encontrar eventos únicos. Personalizar: Personalizar seu fazendeiro e sua casa de fazenda com centenas de opções. Participar de festivais: Aproveite eventos sazonais com os moradores da cidade, como o Luau, o festival da Véspera do Espírito e a Festa da Estrela de Inverno. Restaurar o Centro Comunitário: Ajude a revitalizar o coração de Pelican Town completando pacotes de mercadorias. Principais recursos: Jogabilidade aberta: Não há um enredo rígido nem limite de tempo, permitindo que você jogue no seu próprio ritmo e se concentre no que mais gosta. Progressão de habilidades: À medida que você se envolve em diferentes atividades, você aumenta o nível de suas habilidades em agricultura, mineração, combate, pesca e coleta, desbloqueando novas receitas e habilidades. Multijogador: Em uma atualização posterior, o jogo introduziu um modo multijogador onde você pode convidar de 1 a 7 amigos para se juntarem à sua fazenda online, trabalharem juntos, compartilharem recursos e até mesmo se casarem. Atualizações regulares: O jogo continua recebendo atualizações com novos conteúdos, recursos e melhorias, mantendo a experiência renovada mesmo após centenas de horas de jogo. Atualizações recentes adicionaram novos layouts de fazenda (como a Fazenda Meadowlands, ideal para amantes de animais), um Sistema de Maestria para progressão adicional, novos festivais e eventos (como o Trout Derby e o Festival do Deserto), novas culturas, itens e muito mais. Conclusão: Stardew Valley é amplamente elogiado por sua jogabilidade relaxante, mas envolvente, seu charmoso estilo de pixel art, personagens memoráveis e a enorme quantidade de conteúdo que oferece. Ele combina com sucesso a simulação de fazenda com elementos de RPG, criando uma experiência profundamente satisfatória e comovente que pode facilmente absorver centenas de horas do seu tempo. Seja para cuidar de plantações, explorar cavernas misteriosas, construir relacionamentos com moradores peculiares ou simplesmente fugir para o campo tranquilo, Stardew Valley oferece um mundo rico e gratificante no qual mergulhar. É mais do que apenas um jogo de agricultura; é um simulador de vida com muito coração e possibilidades infinitas. Nota: 10/10."
230785346,7.516666666666667,True,0,"(historia do meu primo)depois de ser corno com a abigail,pedi o divórcio,humm uma loirinha gulosa. fui falar com ela,e fui humilhado,nn desisti assim conseguindo dançar com ela no festival,e hj somos casados. 10/10 jogo muito recomendavel"
230778885,27.6,True,0,"Jogo bom para passar o tempo e se divertir com os caminhos enquanto conversa, planta e cuida de animais!"
230778384,380.05,True,0,"Eu gosto do jogo, tem gente que nao gosta, mas eu gosto. Eu recomendo! 👍"
230775370,220.98333333333332,True,0,"Muito bom, o jogo nunca travou em momento algum. Gráficos e gameplay muito ótima"
230774529,85.03333333333333,True,0,"É muito legal, muito divertido eu e minha bestie rimos muito enquanto jogavamos e sempre vou jogar com ela!!! Recomendo muitooo!!! Ameiiiiiiiiiiii"
230763974,23.783333333333335,True,0,Este jogo fez eu começar a namorar com uma ruiva
230761155,39.666666666666664,True,0,"Não sei explicar muito bem, mas o Stardew Valley apareceu na minha vida justamente quando eu mais precisava de um lugar tranquilo. Em dias difíceis, cuidar da fazendinha, conversar com os moradores e ouvir a música do jogo me fazia esquecer um pouco do mundo lá fora. É engraçado como um jogo tão simples conseguiu me trazer tanta paz. Talvez eu nunca consiga explicar o quanto Stardew Valley significou para mim. Só sei que, em uma fase complicada da minha vida, ele esteve lá. Dito isso, eu era maluco naquela loira patricinha da Haley. Ela me ensinou a lidar com rejeição"
230756972,211.85,True,0,"como explicar a minha gameplay de 183 horas? um jogo que te prende e vicia muito facilmente, você começa a jogar e então BUM! já está jogando a 3 horas seguidas. Não tem como você querer jogar com o pensamento ''deixa pra depois''."
230755563,51.13333333333333,True,0,comprei faz menos de uma semana jogo muito bom seria melhor se o online poderia dar pra jogar com outras plataformas
230729498,120.93333333333334,True,0,"esse jogo é muito legal, ele me faz passar o tempo de solidao feliz! recomendo que joguem"
230726516,17.716666666666665,True,0,"Estou na saga de me casar com a Haley, o jogo e maravilhoso."
128400264,279.5833333333333,True,0,"O jogo é distinto da realidade, não achem que flores e ametistas ganharão corações. Entretanto, melhor jogo da minha vida=), comprei para uma garota jogar comigo, gosto bastante dela. (Sério, eu amo esse jogo!)"
230721989,14.55,True,0,"Jogo calmo, tranquilo e ÓTIMO para jogar no tempo livre."
148932846,177.2,True,1,o jogo é muito bom mas não da para plantar maconha
230717930,35.06666666666667,True,0,melhor jogo de mundo eu vou jogar pra sempre te amop
230716151,63.833333333333336,True,0,"JOGO DE FAZENDA, COM MISSÕES E ESTRATEGIA. VALE MUITO A PENA SEM FALAR QUE O JOGO É VICIANTE"
230710251,205.9,True,0,"Jogo muito viciante, perfeito para passar o tempo e se distrair!"
230688791,90.81666666666666,True,0,"Simplesmente uma obra de arte. Personagens carismáticos, Trilha sonora marcante, gameplay sensacional. Jogue, por favor."
230651436,43.233333333333334,True,0,"esse jogo é muito sem sentido pra mim, um dia eu compro ele, entro, fico entediado e saio, no outro eu não consigo parar de jogar e try hardar, dito isso, amo minha loirinha(Haley)"
230651140,25.633333333333333,True,0,"Stardew Valley é, sem dúvida, o meu jogo favorito de todos os tempos. Passei incontáveis horas jogando no celular e, quando finalmente comprei a versão para PC, tive a certeza de que valeu cada centavo. É um jogo que nunca perde a magia. Sempre encontro um novo objetivo, uma nova fazenda para criar ou simplesmente um lugar para relaxar. O carinho colocado em cada detalhe é impressionante. Cultivar, cuidar dos animais, explorar as minas, conhecer os moradores e construir relacionamentos faz com que a vila pelicanos pareça um segundo lar. Poucos jogos conseguem transmitir tanta paz e, ao mesmo tempo, oferecer tantas coisas para fazer. O mais incrível é saber que tudo isso foi criado praticamente por uma única pessoa. As atualizações gratuitas mostram o quanto o desenvolvedor se importa com a comunidade, e isso só faz eu admirar ainda mais este jogo. Stardew Valley não é apenas um jogo para mim, é uma experiência que sempre me faz voltar com um sorriso no rosto. Vale cada centavo investido e recomendo para qualquer pessoa, mesmo para quem nunca jogou um simulador de fazenda. É uma verdadeira obra-prima."
230648576,518.4666666666667,True,0,"Eu poderia usar todos os caracteres disponíveis pra falar sobre esse jogo, mas nunca, jamais seria o suficiente."
230648083,32.8,True,1,"só precisava ter mais detalhes das interações com os npcs, porém recomendo mt quem curte farmar e um rpg q nunca acaba"
230646787,437.26666666666665,True,1,"Lindo jogo, casei com a loira que te humilha e foi a melhor decisão que eu tomei."
230645101,64.78333333333333,True,0,"Jogo roda bem até em uma batata. Jogo simplesmente maravilhoso, jogo para jogar a qualquer hora, qualquer dia, qualquer momento, não importa como você esteja pois o jogo pode te fazer relaxar muito bem, faça sua vida no campo, case, tenha filhos, faça oque você quiser, recomendo muito o game para todo mundo, jogo 1000/10 não tem como, NECESSITO DA OPÇÃO DE INIMIZADE COM O CLINT A EMILY É MINHA MULHER, M-I-N-H-A, vou continuar a dar lixo pra ele já que n preciso de ter amizade com ele para nada."
230644722,155.65,True,0,"Demorei muito pra começar a jogar, sempre achei que seria algo bem básico e tonto, mas esse jogo é MARAVILHOSO e tenho certeza que vou passar das 300hrs FÁCIL!"
181165060,216.45,True,20,"O que torna Stardew Valley tão especial é sua capacidade de transformar algo aparentemente mundano — cuidar de uma fazenda — em uma jornada de autodescoberta e conexão. Ele te convida a uma vida pacata, mas profundamente significativa, em um pequeno vilarejo rural. O jogo não te apressa, não te julga e, acima de tudo, te dá liberdade. Você pode passar dias inteiros cultivando a terra, pescando à beira do rio, explorando cavernas misteriosas ou simplesmente conversando com os moradores, cada um com sua história única e cativante. A trilha sonora é outro ponto alto. Suave e nostálgica, ela embala cada momento com perfeição. Impossível não se apaixonar. Além disso, Stardew Valley tem algo que poucos jogos conseguem capturar: alma. Ele trata de temas profundos como solidão, pertencimento e propósito, mas com uma leveza que não pesa. Você se vê refletido nos personagens e, muitas vezes, nas escolhas que faz para sua fazenda e sua vida no jogo. Caso você nunca tenha jogado, com certeza recomendo que reserve um tempinho para começar a cuidar da sua fazenda de pixels. ;)"
230628224,111.96666666666667,True,0,"Um dos jogos que mais joguei em minha vida, simplesmente sensacional."
230626243,52.333333333333336,True,0,"jogo bem dificil de progredir sozinho, porém jogando com os amigos e bem divertido e o tempo passa voando"
230626078,757.3,True,0,Viciante quando você começa a jogar os challenges que a comunidade criou
201248066,91.45,True,0,"Jogo deveras maneiro quando curte esse estilo de jogo, mas se n for seu estilo nem se arrisque."
217658181,80.18333333333334,True,0,"Stardew Valley é um jogo que consegue transformar uma simples fazenda em uma experiência extremamente relaxante e divertida. O jogo oferece uma grande liberdade para o jogador construir sua própria rotina, podendo plantar, cuidar dos animais, pescar, explorar cavernas, melhorar sua fazenda e conhecer os moradores da cidade. Um dos maiores pontos positivos é a sensação de evolução. No começo, o jogador possui apenas uma pequena fazenda, mas com o tempo consegue expandir seu espaço, desbloquear novas áreas, melhorar ferramentas e criar uma fazenda cada vez mais completa. Essa progressão faz com que sempre exista algo novo para fazer. A cidade também é um dos destaques do jogo. Os personagens possuem histórias próprias, personalidades diferentes e eventos que fazem o mundo parecer mais vivo. A possibilidade de criar amizades, participar de festivais e acompanhar a vida dos moradores aumenta bastante a imersão. A trilha sonora e o estilo visual combinam perfeitamente com a proposta do jogo, criando uma atmosfera tranquila e agradável. Além disso, a variedade de atividades permite que cada jogador tenha uma experiência diferente, escolhendo seu próprio jeito de jogar. Porém, depois de muitas horas, algumas tarefas podem acabar ficando repetitivas, principalmente para jogadores que buscam mais ação ou objetivos mais rápidos. O ritmo mais calmo do jogo pode não agradar todos os tipos de jogadores, e algumas mecânicas podem parecer demoradas até serem totalmente desbloqueadas. No geral, Stardew Valley é um jogo muito bem feito, com uma proposta simples, mas extremamente bem executada. Ele oferece uma experiência relaxante, cheia de detalhes e com muita liberdade para o jogador criar sua própria história. Nota final: 8/10"
230623636,73.9,True,0,"Comprei na promo, e.... jogaço. Pense um game que você fica horas ali na frente do PC, quando vai olhar o relogio, já é madrugada kkk. Tem muita coisa para fazer no começo e conforme o avanço, os itens liberados vão auxiliar a realizar um sistema automatico, então, é muito bom mesmo esse jogo. Recomendo demais."
229944262,35.733333333333334,True,0,"tycoon, pescas, mineração, administração de recursos e simulador de encontros, tudo que um ser humano precisa"
230609417,501.75,True,0,O melhor jogo cozy que já joguei até hoje. Joguei em diversos momentos e cada atualização foi perfeita!
230606566,641.2,True,0,"Uma das melhores experiências de jogo single-player, amigável à todos os tipos de jogadores e com a experiência multi-player isso se eleva potencialmente! O Barone (desenvolvedor do jogo) mandou muito nessa bomba."
230599224,520.5666666666667,True,2,muito bom recomendo pra quem quer se esquecer da vida real por algumas horas
78529190,105.31666666666666,True,1,"Muito divertido e com um visual artístico que com certeza foi criado com muito carinho. O jogo passa uma sensação de conforto e bem estar e as tantas mecânicas e caminhos que o jogador pode tomar não torna o jogo entediante tão facilmente. É muito gostosinho arrumar a própria fazenda e ir aprendendo novas receitas, além de claro, aumentar o nível das habilidades. Vale muito a pena jogar com os amigos, por mais que se torne um pouco mais demorado para avançar no jogo, já que os recursos serão compartilhados, o sentimento de jogar Stardew junto com alguém é muito bom."
230584294,93.55,True,0,man deixa de ser preguiçoso e faz prr da fazenda
133970524,1173.65,True,0,Só não dou 5 estrelas porque não dá para pegar mulher casada
230574311,2.3,True,0,"Mt foda e relaxante, em algumas partes, em outras da raiva, o maldito do prefeito corrupto que n faz nada na vila fica se fazendo de coitado, sou comunista mais nesse jogo torço pro capitalismo vencer mesmo. Ótimo game, seria melhor com o Linus de prefeito e a Haley vivendo na extrema pobreza."
230573456,65.75,True,0,"Jogo muito complete, otimo pra passar o tempo RECOMENDO DEMAIS !!!!!"
230573117,99.5,True,0,"no inicio parece chato, ate eu dar minha alma pra uma loira de olho azul so pra ser tratado bem por ela... te amo haley"
191244290,186.63333333333333,True,1,"seguinte, esse jogo é igual crack, gostoso demais de jogar, mas vc vai vender sua alma para o eric barone e jogar 150+ HORAS disso no MÍNIMO, muito bom recomendo"
230570557,55.43333333333333,True,0,sair do trabalho da vida real pra chegar em casa e trabalhar no joguinho
230569990,112.43333333333334,True,1,"Ótimo pra jogar sozinho, ótimo pra jogar co-op, ótimo pra jogar em geral Leva tempo pra conseguir a perfeição e a platina mas é muito bom aquela amiga que é hackeada e perde todas as horas do jogo"
83828933,376.48333333333335,True,0,"Eu amo vacas e vadias,esse jogo tem os dois muito hype"
230566784,1122.1333333333334,True,0,"É o jogo mais lindo, encantador e delicioso de jogar. Uma bela terapia ocupacional! Dá pra jogar pra sempre! Para ser perfeito, falta melhorar e ampliar as falas das personagens conforme o avanço do tempo!"
230557986,16.333333333333332,True,0,"Nunca achei que ser CLT em um jogo de pixel art seria tao relaxante 9/10 (nao é 10 porque a robin é casada, te odeio Demetrius)"
230557087,81.25,True,0,"Acho que ninguém vai ler as avaliações de Stardew Valley, mas comprem esse jogo. Sinceramente, é um dos melhores jogos que eu já joguei e um dos poucos em que senti que cada centavo valeu a pena. Se você gosta de jogos tranquilos, com muito conteúdo e feitos com carinho, pode comprar sem medo. Vale muito o investimento."
230556972,54.8,False,0,"ninguem me ajuda nesse porra, tem algo destruido deixa pro coitado aqui querbou algo deixa comigo essa cidade nao tem perfeito nao ae ELA TEM. Mas ele nunca faz nada sempre sou eu fazendo tudo me sinto um coitadinho da silva"
230553161,51.36666666666667,True,0,"Jogo muito bom. Acho que dispensa comentários, inclusive. Muito o que fazer, equilibrado, enfim. Apenas joguem!"
230551814,84.58333333333333,True,0,"23 Horas no save Principal. Joguei ""Pouco"" ate agora mas é um excelente jogo principalmente se estiver em promoção"
230547114,75.25,True,0,"gente nn existem reclamaçoes desse jogo por mim, pq simplesmente ele eh perfeito!!!"
53256853,464.3333333333333,True,2,"Sempre gostei de jogar jogos estilo pixel e Stardew não decepciona. Vai além de um jogo comum. No jogo você tem que administrar sua própria fazenda (tendo total liberdade pra isso mas sofrendo as consequências se for mal administrada), mas além disso, você tem uma mina com mais de 100 níveis para matar diferentes monstros e coletar jóias preciosas, além de uma vila cheias de pessoas gentis (outras gentis só bem lá no fundo) e que você consegue interagir, além de que, quanto mais conquistar esses moradores da vila, mais presentes você pode ganhar deles (e alguns até mesmo ir á encontros). O jogo funciona com as quatro estações do ano, o que é bem legal, pois a cada estação nova o cenário todo muda assim como as plantas e a pesca. em stardew á diversas formas de se conseguir uma renda, tentar um pouco de tudo (embora seja muito dificil no começo) é muito divertido e faz do jogo um ótimo passatempo que você pode ficar horas e horas jogando."
230376975,60.03333333333333,True,0,"Planta, Pesca, Minera, descobre fofocas sobre os moradores da vila e é rejeitado por todo mundo no festival das flores, realista, 10/10"
230508802,184.88333333333333,True,0,"An excellent game that goes beyond a mere farming simulator, offering hundreds of hours of gameplay. If you enjoy this type of game, it's perfect!"
73179397,666.4166666666666,True,1,"Ancient Fruit contraband has put me on the geneva conventions, would 100% do it again tho"
230503570,78.73333333333333,True,1,"Jogo ótimo, história completa e jogabilidade incrível, ótimo para jogar com amigos e passar o tempo. Porém, poderia ter um sistema mais fácil de adicionar mods, como uma interface dentro do jogo ou da steam."
230502432,534.5833333333334,True,22,"Miojo com queijo: Compre o número de pacotes para cada número de pessoa que vai comer, exemplo: 6 pessoas = 6 pacotes Sabor = tanto faz, mas o original é de carne. Água, panela e um garfo. Preparo: Em uma panela com água fervendo, adicione os miojos dentro e fique mexendo até ficar mole, depois de cozinhar, tire a panela do fogo e escorra a água (pode ser seco ou com bastante caldo, mas recomendo deixar um pouco de água pra facilitar a mistura). Depois de tirar a água, coloque os temperos e misture, depois, coloque creme de leite, ou requeijão se você é mais pobre fodido. Misture bem (caso seja pra mais pessoas coloque num recipiente, se for só pra você coloque onde tu vai comer mesmo) Coloque queijo por cima e coloque no microondas pra derreter o queijo e adicionar mais um toque de radiação. Caso no recipiente, coloque no forno. E está pronto! Se quiser fechar o caixão de vez, faça um suco tang delicioso (pior que é uma delícia)."
230500328,52.1,True,0,"Adoro esse jogo, simplesmente um dos melhores que já joguei, zerei uma vez no xbox e estou zerando novamente no pc, e o jogo incrivelmente continua com uma atmosfera reconfortante. 10/10"
230497621,47.56666666666667,False,1,"muito paia, nao da pra matar e fritar meus amigos"
229319899,2.3333333333333335,True,0,"JUST RELAX ☔ Stardew Valley é um jogo que eu gosto muito, por mais que eu tenha jogado quase nada. Eu gosto da vibe que ele transmite, da sua trilha sonora, de sua comunidade, entre outros. Nota: 8/10!"
140175685,390.4166666666667,True,0,"Um dos meus jogos favoritos, o principal do jogo acho que nem é evoluir com a fazendo e fazer muito dinheiro, e sim conhecer cada personagem, então se é a primeira vez, não pule as cutcene, nem os diálogos, só um conselho Ah, e tem mod pra se casar com a Robin, de nada"
230491874,49.78333333333333,True,0,my grandpa seeing me turning his cozy little farm into a massive capitalist empire
230489811,46.78333333333333,True,0,"O jogo se encaixa perfeitamente no quesito cozy game, as melodias são extremamente calmantes e cada personagem tem histórias próprias que só ganhando um maior nível de proximidade para desvendar o que acontece. Além disso, o gráfico pixelado é excelente e deixa tudo mais fofo e convidativo para jogar por um longo tempo, em resumo, pode se tornar um grande vício (cuidadoooo)!"
230488441,67.93333333333334,True,0,"jogo muito fofolete, mas alguns personagens são bem mal educados!"
230483251,10.016666666666667,True,1,"É um jogo ótimo e relaxante, mas você não pode casar com mulher casada e nem com homens gostosos"
230465250,155.4,True,0,jogo incrível. Mostra como é ser um agricultor as suas dificuldades e algumas coisas malucas.
198227460,149.61666666666667,True,0,"jogo extremamente bom para jogar sozinho ou com amigos, até a parte de entrar na caverna da caveira... lá é cada um por si e se vira"
230457175,289.75,True,0,"Jogo muito relaxante, jogo ele desde 2019 e gostei muito!"
230127120,256.98333333333335,True,0,Jogar Stardew Valey assistindo Ordem Paranormal é meu mais novo hobbie favorito.
230430338,60.53333333333333,True,0,me casei tive uma fazenda produtiva e um vicio a mais .recomendo
230429679,30.566666666666666,True,0,"tenho 300 horas no xbox, migrei pro pc, perdi meu mundo no ano 5, mas msm assim a magia de jogar foi como a da primeira vez"
230424835,1.7333333333333334,True,0,"meu jogo favorito de todos, tenho em varios dispositivos e tive que comprar na steam agora que tenho o meu notebook"
230415604,46.266666666666666,True,0,"esse é um dos melhores jogos q eu jogei ele é fofo, bonito ele é um dos meus favoritos adoro jogar☻"
215904736,73.51666666666667,True,0,"Top jogos para desintoxicar a mente, muito relaxante e viciante, no início não dei nada no jogo mas dei uma chance de 30 minutos que viraram 70 horas kkkkkk literalmente uma das melhores experiências que tive"
230408692,434.03333333333336,True,0,O jogo é muito relaxante por conta de sua atmosfera tranquila durante as estações e as músicas de fundo também ajudam a criar esse clima ameno. Além de ter uma infinidade de tarefas a serem feitas e easter eggs durante as aventuras.
230408152,216.5,True,0,"vc nunca fica sem oq fazer, pena que n da pra pegar mulher casada"
230407690,39.9,True,0,e muito bom mas podia dar pra pegar a robin
230402460,424.9166666666667,True,0,adorei o jogo muito bom relaxante e tem muita coisa para fazer adorei e recomendo muito
230401202,36.0,True,0,"eu comprei achando que ia plantar umas coisinhas e relaxar... agora eu tenho planilha mental de plantação, sei o horário dos npc, fico esperando chover e falo ""só mais um dia"" umas 30 vezes. stardew valley é um daqueles jogos que vc começa sem expectativa e quando vê já passou 200 horas. sempre tem alguma coisa pra fazer: plantar, minerar, pescar, decorar a fazenda, casar, completar o centro comunitário, fazer amizade com os moradores ou simplesmente passar o dia inteiro organizando baú. o que eu mais gosto é que o jogo não te obriga a fazer nada. vc joga no seu tempo. quer passar o dia pescando? vai. quer só decorar a fazenda? vai. quer ficar rico vendendo maionese? também vai. os personagens são muito bons, a trilha sonora é maravilhosa e a quantidade de detalhes nesse jogo é absurda. e quando vc acha que fez tudo, descobre os mods e parece que ganhou outro jogo de graça. é um jogo que eu sempre acabo voltando pra jogar. acho muito difícil enjoar. 10/10, compraria pela primeira vez de novo se desse."
230391795,46.81666666666667,True,0,Muito bom o jogo ( Se voce aprender a botar mods fica melhor ainda )
230386305,10.083333333333334,True,0,"tenho mais de 300 horas de jogo em outras contas. Esse é sem duvida um jogo com uma grande leva de conteúdo, o jogo te dá muita liberdade quanto ao comércio, decorações, relacionamentos e descobertas, é um jogo muito gratificante, mas que exige tempo para isso, e posso dizer que vale cada centavo, o jogo recebe updates que melhoram a qualidade de vida e expandem o leque de opções já existentes. dito isso, se você está cansado com os grandes jogos, jogue stardew valley"
230356581,25.8,True,0,Me sinto bem sendo um gay num jogo de fazendinha :)
180137668,658.3166666666667,True,6,"Stardew Valley: um abraço pixelado que nunca deixa você ir embora Stardew Valley é o exemplo perfeito de como um jogo indie pode oferecer uma experiência rica, aconchegante e surpreendentemente profunda, especialmente para quem gosta de jogos de escolha. É o tipo de jogo que te faz perder horas sem nem perceber, enquanto você mergulha em um mundo de gráficos vibrantes e uma trilha sonora feita com tanto cuidado que parece abraçar o jogador. Tudo isso foi criado por apenas uma pessoa: o talentoso Eric Barone, que trabalhou no projeto incansavelmente de 2008 até os dias atuais. O jogo encanta pela atenção aos detalhes, especialmente na construção dos personagens. Cada NPC tem sua própria história, personalidade e evolução, o que faz com que cada interação tenha um peso emocional. Além disso, Stardew Valley não apenas é acessível, com alta compatibilidade para computadores mais simples, com 4GB de RAM, até máquinas potentes com 24GB de RAM, mas também oferece grande flexibilidade. Sua comunidade de mods é incrivelmente ativa, permitindo customizações que vão de mecânicas extras a expansões visuais. Outro ponto de destaque é o launcher de mods intuitivo (claro, você precisa saber o básico sobre mexer num computador), que facilita o acesso e personalização da experiência (mods e texturas). É um jogo que entrega nostalgia, inovação e um carinho palpável em cada detalhe. Seja para cuidar da sua fazenda, construir relacionamentos ou apenas relaxar ao som da chuva no jogo, Stardew Valley te abraça de um jeito que poucos jogos conseguem. Resumo: É bom, pode comprar!!"
230348187,89.93333333333334,True,0,"no inicio e tediante, mais conforme o jogo passa ele fica divertido"
230347444,404.3333333333333,True,0,esse jogo é igual droga use com precaução pq vicia
230347428,293.48333333333335,True,0,"Vamos lá... Tenho quase 300 horas aqui na steam, uns chutando 500h no PS 4/5, tbm uns 250h no nintendo switch 1 (de acordo com meu histórico)... então tenho quase mil horas nesta porra. É uns dos meus jogos favoritos. Já converti vários amigos meus pra jogar, até meu noivo. Mesmo uma hora, enjoa, é só começar novo save, que volta o vicio :3 Se está lendo ai, pq vc já compra esta porra e começa a jogar logo?"
230245652,137.05,True,0,"Shane disse que me daria um pote de ouro se isso fizesse eu parar de falar com ele. Nos casamos, jogo maravilhoso!"
230343775,430.3833333333333,True,0,"Mais de 400 horas, 3 fazendas e perfeição alcançada. Acho que isso já diz tudo. 🥹 Stardew Valley é aquele jogo que sempre dá vontade de voltar. Tanto no vanilla quanto com mods de expansão, continua sendo extremamente divertido e viciante. É fácil perder horas cuidando da plantação, explorando as minas, acompanhando a vida dos personagens e, no meu caso, passando HORAS só decorando a fazenda. Mesmo depois de fazer praticamente tudo, começar uma nova fazenda ainda é gostoso, relaxante e divertido. Um dos meus jogos favoritos, com certeza. Vale cada centavo. 💚"
230337764,697.0333333333333,True,1,"Jogo diabólico, infernal, satânico, tem bizilhões de coisas para fazer, nunca facilita nada para o player, além de desgastar sua saúde mental sugando todo seu tempo vida, dito isso, super recomendo 👍"
230336199,920.4166666666666,True,2,"Perfeito, passaria muitas outras horas e não teria nem chegado a metade, detalhe 919 horas sem sequer zerar nenhum save :D"
230334548,265.35,True,0,"entre harvest moon e rune factory, esse é o pico."
230154010,7.766666666666667,True,1,"⭐⭐⭐⭐⭐ | Um dos melhores jogos de fazenda já feitos Stardew Valley é um jogo simples à primeira vista, mas extremamente viciante. Você começa herdando a fazenda do seu avô e, aos poucos, transforma um terreno abandonado em um verdadeiro lar. Além de plantar e cuidar dos animais, o jogo oferece pesca, mineração, combate, construção e a possibilidade de criar amizades e até formar uma família na cidade. O que mais chama a atenção é a liberdade que o jogo oferece. Não existe uma forma certa de jogar: você pode focar na fazenda, explorar cavernas, completar missões ou apenas aproveitar a atmosfera tranquila da vila. Os personagens possuem histórias interessantes, festivais sazonais e eventos únicos, tornando o mundo muito vivo. Os gráficos em pixel art e a trilha sonora criam uma experiência relaxante e aconchegante. Mesmo tendo sido lançado em 2016, Stardew Valley continua sendo um dos jogos mais amados da Steam, recebendo avaliações extremamente positivas dos jogadores. Pontos positivos: Grande liberdade para jogar do seu jeito. Muitos personagens carismáticos. Sistema de progressão viciante. Trilha sonora excelente. Ótimo modo multijogador. Ponto negativo: O início pode ser um pouco lento para alguns jogadores. Nota final: 10/10. Stardew Valley é uma experiência relaxante e divertida que consegue prender o jogador por centenas de horas."
230320610,52.95,True,0,Um dos melhores jogos multiplayer para quem tem uma companheira
230315090,259.0833333333333,True,10,"SIMPLESMENTE O MELHOR JOGO DO MUNDO! <<<333 Cara, eu não consigo expressar em palavras o quanto que eu amo Stardew Valley. Tudo nesse jogo me encanta. A trilha sonora, os NPC's, a cidade, os mistérios e novos lugares para desvendar. Como alguém que tem mais de 200 horas nesse jogo, eu lhe asseguro: Só compre. Você não vai se arrepender. >_<"
230312080,81.83333333333333,True,0,muito bom e digamos que quero ficar com uma mulher casaa agora kkk
230311884,104.31666666666666,True,0,"Não precisa se preocupar, aqui o seu dinheiro é muito bem gasto. O jogo mais maravilhoso de toda essa steam, tem como casar com um monte de gente (um de cada vez), evoluir sua fazenda, descobrir os 30000 easter eggs além de demorar mt pra terminar o save completamente. Sempre tem o que ser feito, mesmo que você ache que não"
230305303,259.9,True,0,"um dos meus cozy games favoritos. Foi um privilégio finalizar este jogo, sabendo que ele foi desenvolvido de forma independente."
230304729,50.38333333333333,True,0,como assim um medico de novela ta dando em cima de mim??
230304127,29.483333333333334,True,0,"bom demais recomendo super ,eu ja tinha jogado antes no celular mais joguei no pc online e é muito massa"
230274447,25.016666666666666,True,0,"jogo relaxante demais, nunca falta coisa pra fazer oq é ótimo, quando tu pensa q o jogo tá ficando escasso de conteúdo aparece algo novo pra surpreender, bom demais."
186643282,127.3,True,0,simplesmente magnifico jogo extremamente relaxante e ótimo para jogar depois de um dia cansativo
230261000,115.6,True,0,joguinho cozy pra dias que você não quer pensar muito e só cuidar de uma fazendo com umas coisinhas pra você fazer e uma pequena lore
230257498,178.65,True,0,Loop viciante e quem gosta de complecionismo é um prato cheio
230253088,41.483333333333334,True,0,Gosto muito do jogo comecei a jogar quando tinha meu Ps4 convenci amigos pra comprar e jogar comigo firam monstros com as trufas dos porcos... medo ate hoje
165862950,153.36666666666667,True,0,JOGO MUITO BOM recomendo mas... tenho certeza que aquele cha da caroline usa alguma coisa
230228611,127.21666666666667,True,0,"todo save eu caso com o sebastian, não dá, nem mod tira minha lealdade com ele"
230216497,199.15,True,0,"Viver em uma fazendinha sem se preocupar com aluguel, ou coisas da internet, o que é melhor que isso?"
230213503,28.15,True,0,"jogo demoniaco,se vc trabalha? vc se demite pra jogar essa coisa abismal"
230200500,210.68333333333334,True,0,"Pensei que seria um jogo relaxante. Agora acordo antes das 6, planejo minha rotina, calculo cada minuto do dia, corro pela cidade, converso com todo mundo, pesco, cuido da fazenda, entro na mina e ainda vou dormir às 1h50 achando que fui improdutivo. Era para eu escapar do estresse. Acabei criando um estresse novo, só que muito mais divertido."
230198420,551.0166666666667,True,19,"O jogo mais desestressante que existe, já joguei com alguns amigos, é perfeito para aquele dia ruim que vc teve, ele cura tudo, música relaxante e conteúdo fofo!"
230187951,42.21666666666667,True,0,Um jogo incrível que te faz entrar num mundo onde você sente alívio e paz jogando.
103422582,404.8333333333333,True,0,"Stardew Valley é o meu jogo favorito, sem sombra de dúvida. Ele te cativa do começo ao fim, tanto pela história quanto pelos personagens. Dificilmente você vai perceber o tempo passar enquanto joga, e é difícil explicar todas as emoções que senti na primeira vez. O jogo pode parecer simples à primeira vista: você começa limpando a sua fazenda, cortando algumas árvores e coletando alguns recursos. Porém, ele vai muito além disso. Não existe uma ordem obrigatória para jogar, o que deixa tudo mais divertido e dinâmico. Você pode passar os dias coletando materiais, explorando a vila, a floresta e as montanhas, ou, simplesmente pescando. A trilha sonora é linda e extremamente relaxante. Recomendo fortemente jogar com um bom fone de ouvido. PS: é uma pena ainda não poder pegar mulher casada."
230172536,164.06666666666666,True,0,"era um jogo que tinha curiosidade mas tinha quase certeza que ia ficar enjoada rapida já que nunca fui muito fã de jogos de fazenda, mas o stardew e completamente diferente do que eu pensei ele e bem mais divertido e tem muitas coisas para fazer nele to com um save de 120 horas e so to com 37% da perfeição, mas ele e tão relaxante de não apreço muito para terminar tbm, mas recomendo de mais"
230171543,232.0,True,0,"jogo pacifico, planta, dorme, ajuda os amiguinhos na vila... até chegar as minas... descendo aquelas escadas infernais você adentra no inferno em SI, tudo o que lhe resta é puxar sua shotgun e sua motoserra para ANIQUILAR E DILACE-... oh... desculpe, achei que estava falando de DOOM, bem, o jogo é muito bom!"
230170062,5.183333333333334,True,0,"A ideia de um jogo de fazenda não parecia atrativa pra mim, que gosto de jogos de ação. Mas me surpreendi positivamente com o jogo, ele tem uma progressão satisfatória até, e vão surgindo mais coisas pra fazer conforme o tempo passa. O relógio dentro do jogo passa bem rápido, e em um dia não dá pra fazer tanta coisa, mas acho incrível como você sempre tá gastando esse tempo com alguma coisa, o jogo consegue te manter ocupado com tanto conteúdo. É bem interessante pra quem curte jogos de progressão tipo Terraria."
230169536,101.88333333333334,True,0,"Excelente, bem feito, tem tudo que você procura em um jogo. Ele é para todos os públicos, os romanticos, os pvp, fãs de farmville, the sims, minecraft, terraria e etc. Um dos meus jogos favoritos kkkk."
230167268,59.21666666666667,True,0,"eu lembro que eu tava vendo uns videos no youtube ate q apereceu um video de alguem jogando esse jogo e comecei a acompanhar a saga do youtuber jogando, uma semana depois eu comprei o jogo no meu celular ja que na epoca eu nao tinha pc e fiquei viciada nesse jogo durante meses, isso foi em 2023, quando consegui meu pc a primeira coisa que eu fiz foi comprar ele aqui, posso ter so 60 horas de stardew valley na steam, mas juntado com o tempo no celular devo ter mais de 200 horas, sou apaixonada nesse jogo ate hj e acredito que vc tambem ira se apaixonar"
230164047,59.96666666666667,True,1,Jogo bom para jogar com molieres que voce tem interesse romantico
230160018,156.8,True,0,"É um jogo divertido e relaxante, tem como decorar e montar sua fazenda de diversas formas e tem várias missões e dinâmicas muito interessantes, a parte multiplayer também e massa pra jogar com amigos."
230157790,19.416666666666668,True,0,"Eu pensava que nada era perfeito, mas no momento em que eu coloquei as mãos nesse jogo, minha perspectiva mudou."
111488808,274.85,True,0,"É um dos melhores jogos de fazendinha, não é atoa que quase todos os jogos desse estilo parecem cópias do Stardew Valley. O jogo é muito completo, tem plantação, criação de animais, pesca, mineração, relação com NPCs e muito mais. É um dos melhores jogos aconchegantes/casuais, de longe. Se você gosta desse estilo, não vai se arrepender de jogar Stardew Valley. ;)"
230152839,57.016666666666666,True,0,"O jogo é simples e calmante, funciona bem depois de longos momentos de estresse"
82300979,15.7,True,0,"Stardew Valley é um ótimo jogo, só descobri que o gênero não é muito a minha praia. Entendo perfeitamente por que tanta gente ama: é relaxante, cheio de conteúdo e feito com um carinho enorme. Eu? Joguei, achei legal... e percebi que faz mais o estilo de outras pessoas do que o meu. Não vou falar muito mais sobre isso. Não quero acordar amanhã com uma multidão de fãs de Stardew Valley na porta da minha casa."
230138866,32.083333333333336,True,0,"Provavelmente o melhor jogo de fazenda fica melhor ainda com mods, 100% recomendo para quem gosta desse tipos de jogos"
230129728,26.15,True,0,e um jogo simples mas e muito bom recomendo muitooooooooooooo
230129116,25.716666666666665,True,0,"muito bom, já jogava no mobile e agora no pc, para quem já conhece não precisa dizer nada e para quem ainda não conhece, só joguem, não irão se arrepender."
230128499,10.833333333333334,True,0,"Sou apaixonada por esse jogo! Lembra muito o harvest moon, dos consoles de play 1, Snes, etc. Das antigas :)"
230125084,106.11666666666666,True,0,"Eh vida de caipira não é fácil, ja comi cocô, ja comi cavalo"
230100469,228.46666666666667,True,0,Melhor Jogo para relaxar e se divertir tanto sozinho quanto com amigos...
230096535,87.2,True,0,"O jogo e bem relaxante e viciante, e a pixel art e muito bem feita. Recomendo muito!!!"
228751864,32.483333333333334,True,0,"Melhor jogo da minha vida, já jogo a 7 anos simplesmente perfeito, finalmente tive a chance de coprar. Recomendo muito!"
230089487,18.516666666666666,True,0,"Esse jogo é simplesmente incrível, é um jogo tranquilo que você entra sem expectatívas altas e quando vê já jogou mais de cinco horas seguidas, recomendo a todos que procuram jogar um jogo relaxante e divertido."
179551970,247.53333333333333,True,0,"Stardew Valley é um jogo que realmente chama atenção, sem enrolação. Ele pega a ideia simples de cuidar de uma fazenda e transforma isso em algo que vicia e tem muita coisa pra fazer. Os gráficos em pixel funcionam bem, deixando o jogo com um clima gostoso e meio nostálgico. A música é calma, ajuda a relaxar e faz querer continuar jogando. O jogo não tenta ser complicado demais, mas também não é pouca coisa, tem história suficiente para quem gosta de algo cozy."
83553823,100.28333333333333,True,0,"suuuuuuuuper legal e tipo, progressão infinita se tu nao enjoar"
230075120,24.866666666666667,True,0,esse jogo e perfeito e tenho autoridade pra falar ja que tenho mil hrs no playstation
230073044,5.266666666666667,True,0,JOGO INCRIVELLLL MELHOR QUE EU JÁ JOGUEI no meu pc roda LISINHO (tipo de pc:calculadora) jogo com muito conteúdo muito bom o modo online pena que não tem para celular o online então nota 10/10
230068253,28.95,True,0,"Saiba que provavelmente você vai passar raiva no jogo, so que compensa, COMPENSA MUITO enfim não fica com raiva da haley pq quanto mais amizade mais gentil ela fica, o prefeito e sem verg0nha mesmo e NÃO ENTRE PRA JOJA, ou entre se quiser hehe Nota do jogo: 9,5/10"
230065301,86.13333333333334,True,0,"Muito relaxante, a progressão é tranquila, um ótimo jogo calmo"
230056415,138.11666666666667,True,0,"Muito bom, so nao é perfeito pq nao da pra casar com a Robin :,("
230056171,6.383333333333334,True,1,esse e o jogo mais relaxante q joguei na minha vida
230047723,64.33333333333333,True,0,"muito boooom, porem poderia ter opcao da oficina da steam, e ruim usar smapi"
230034115,239.86666666666667,True,0,"Jogo bem relaxante e tranquilo, Apenas joguem não deixem virar um jogo maçante ou um 'Trabalho', Se Divirtam"
134014477,52.016666666666666,True,0,"🎮 Gameplay: 10/10 Simplesmente incrível 📖 História: 10/10 é uma historia muito interessante 🎨 Gráficos: 10/10 Não tem nada a dizer kkkk 🔊 Trilha Sonora: 10/10 se tu n gostar, tu é doente ⚔️ Combate: 8/10 É muito bom para o estilo de jogo que foi feito 🌍 Exploração: 8/10 Cara é realmente boa os ambientes da exploração 📦 Conteúdo: 10/10 Tem muita coisa nesse game, ainda mais com MOD slk.. 🎭 Atmosfera: 10/10 Esse joguinho 3D te coloca dentro da tela slk 🎯 Dificuldade: 7/10 É Difícil e Fácil ao mesmo tempo, depende do que você vai fazer kkkk 🐛 Otimização: 10/10 Perfeito! 💻 Performance: Na minha RTX 2060, Ryzen 5 3600 rolou mais liso que o oleo de bebe do P.Didi 🎮 Diversão: 10/10 Se tu mete uma gameplay com um amigo, slk.. Já aviso que tu vai ficar altas madrugadas no game ⏳ Rejogabilidade: 10/10 Sempre volto a jogar, pois o game é aql mesmo estilo Minecraft sabe? Aql sensação de jogar dnv.. 🤝 Multiplayer: 10/10 Aqui os DEV's trabalharam viukkkk nunca vi nem um Bug sequer 💰 Vale o preço?: 10/10 Concerteza, mas recomendo pagar menos de R$ 20 ⭐ Nota Final: 9/10 📝 Geral: O jogo é incrivel cara, da uma chance e mete a mão nesse teu bolso logo.. Curti tanto o game q sempre volto a jogar quando bate a vontade"
229999341,3.9833333333333334,True,0,O jogo é MUITO BOM mas nunca consegui avançar muito pq sempre fico sem alguém pra jogar e n tenho mt paciência pra jogar esse jogo solo.
229997111,80.65,True,0,casei com uma e-girl de cabelo roxo e virei corno 10/10
229994453,93.31666666666666,True,0,"jogo torturante na maioria das vezes, mas ao mesmo tempo relaxante. só jogue se vc quiser realmente perder horas e horas da sua vida. recomendo"
229992720,334.15,True,0,"esse jogo salva a minha sanidade mental e me dá vontade de viver, te amo stardew valley"
229991192,81.46666666666667,True,0,"jogo fudidamente bom, parece chato no inicio mas no desenrolar do jogo você nota a complexidade, 10/10"
229987126,387.1166666666667,True,0,O JOGO E SIMPLESMENTE EXPETACULAR EU ESTOU PRESO NELE NAO CONSIGO PARAR DE JOGAR !
87984352,59.583333333333336,True,0,"this game is adhd torture simulator. so, so much to do, you genuinely forget it and get stuck for hours"
229984614,110.13333333333334,True,0,"Bom game, muito conteúdo, o complicado é que vicia kkk"
229983819,64.1,True,0,"um dos melhores jogos que ja joguei na minha vida, unico erro é a robin ser casada"
229980914,14.65,True,0,"relaxante e viciante, o tempo passa voando. Recomendo p jogar com amigos ou solo"
229980797,219.05,True,1,"é um jogo muito fofo e divertido, a possibilidade de adicionar mods é mt legal tbm, sempre volto aqui quando quero me sentir em casa é simples, é fofo e vc as vezes passa raiva"
229976953,1.55,False,4,"não tem como plantar maconha, fazer sexo(mas não aparece a cena) e não tem como pegar mulher casada"
229970399,293.45,True,0,"recomendo muito, tipo de jogo que todos devem jogar. tinha que ser lei"
229967993,35.666666666666664,True,0,"Jogasso! Não tenho do que reclamar Trilha sonora boa, jogabilidade fácil e a história é muito aconchegante."
229964633,102.06666666666666,True,0,"jogo muito bom, pena que nao posso casar com a robin."
229960015,103.66666666666667,True,0,"Esse jogo me surpreendeu muito, pela qualidade, pela paciência em arrumar as coisas, no meu ritmo, embora perco alguns eventos, mas a parte de construção é incrivel."
136962142,291.35,True,0,jogo incrivel e o criador tb é um amor de pessoa!! Uma pena que nao da pra pegar mulher casada
229938547,74.23333333333333,True,1,"Antes n gostava, agr amo esse jogo, sem palavras pra descrever esta obra prima....."
229938208,11.816666666666666,True,0,"Não esperava que o jogo tinha tanta interação, jogo bacana vale a pena jogar."
229902536,223.86666666666667,True,1,Abandone sua vida na cidade e viva uma vida tranquila(ou não) na fazenda
229897261,99.06666666666666,True,0,"top, mod de pegar casadas te faz sentir o vitao. 10/10"
229895965,24.366666666666667,True,0,"Jogo muito bom, eu joguei com meus amigos, é muito bom :3"
229892267,159.43333333333334,True,0,jogo muito divertido e legal para jogar com os amigos
229888806,22.183333333333334,True,0,"joguin daora, quebra madeira, vende madeira, quebra pedra, vende pedra, se arrepende pq tudo precisa de madeira e pedra, farma, ganha dinheiro (nunca é o suficiente, tudo caro) mas é bom :)"
229881669,8.45,True,0,"Eu já jogava no IOS antes de ir para a Steam, mas estou amando desde já! O jogo em si é muito divertido, tem MUITA coisa para fazer e você pode fazer quantos saves quiser que não cansa, porque tem muitas opções diferentes! Em geral é tudo muito bonito e bem feito, parabéns ao desenvolvedor, um dos melhores jogos desse estilo que já joguei"
159646154,30.833333333333332,True,0,"Melhor maneira de passar tempo, só escutar as músicas e assistir a vida no campo, 10/10 de mais"
229880130,3.033333333333333,True,0,Nada melhor para esquecer do trabalho do que trabalhar sem pausa em sua fazenda até cair cansado de um dia inteiro plantando e pescando. 10/10
226303375,116.98333333333333,True,0,"o jogo é bem legal. mas particularmente eu não gosto do modo solo, mas o co-op tela dividida é bem divertido, e vale cada centavo pela quantidade de coisas a se fazer dentro jogo, até a tela de titulo tem easter egg legais, só um complemento: Abigail é a melhor."
229868924,127.36666666666666,True,0,Expectativa: relaxar Realidade: trabalhar mais que na vida real Recomendo 1000/10 ✔️
229868119,42.666666666666664,True,0,"foda demais, mas tinha que ter uma de localizar os npcs sem precisar de mod"
229864410,21.2,True,0,amo fazenda amo fazenda amo fazenda amo fazenda amo fazenda amo
229858787,123.81666666666666,True,0,"Meu vo que tava com 8 dos 9 dedos na cova me deu uma fazenda muito da maneira fui lá e foi fantastico, conheci o amor da minha vida a mineração era insano acordar ver que estava chovendo e saber que toda minha energia iria para quebrar pedra ate que um dia... Conheci o verdadeiro amor da minha vida, Penny, alguem nunca ganhou presente tão caros, imagina sair do seu trailer e ver alguem te esperando desde 8 da manha apenas para te dar um diamante falar com vc e ir embora para ver ele assim no dia seguinte e fazer a mesma coisa, isso se repete por meio ano e parabens vc é casada com esse cara e ele finalmente n precisa mais te dar presente e agora ele espera que vc acorde antes dele e coloque agua para o cachorro pq ele sempre esquece... 10000000000000000000/10 odeio o Pierre"
229853613,32.916666666666664,True,0,"É muito relaxante, principalmente depois de um dia cheio e cansativo"
229850396,25.866666666666667,True,0,"Stardew e aquele jogo que vc entra e nao ver o tempo passar,que jogo incrivel"
229828286,10.383333333333333,True,1,Lembra muito o Harvest Moon do Nintendo 64 muito bom
229822041,27.65,True,0,"Esse jogo é simplesmente incrível! Ele é relaxante, tem uma história esplêndida e além de tudo tem personagens que te fazer perder o fôlego de tanto rir."
229820625,14.916666666666666,True,0,"um jogo divertido e com boas mecanicas,melhor forma de jogar é com os amigos"
213788238,169.91666666666666,True,1,Ótimo jogo. Pena que não dá pra pegar mulher casada
229816628,131.03333333333333,True,0,"Experiencia de Lorena. Esse é, sem dúvida, o melhor jogo que já joguei na vida. A história é incrível e, mesmo depois de tantos anos, ainda descubro coisas novas. Os gráficos não são ultrarrealistas nem exigem um computador potente, mas isso nunca fez falta. Chegar em casa depois de um dia cansativo e abrir esse jogo é uma das melhores sensações que existem. Ele me faz descansar de verdade. Gosto de criar, usar a criatividade, cuidar da fazenda, organizar tudo do meu jeito. Não é um jogo que te bombardeia com recompensas o tempo todo; a sensação de progresso acontece aos poucos, e é justamente isso que o torna tão especial. Eu poderia passar horas jogando sem perceber o tempo passar. Mesmo conhecendo vários outros jogos, sempre volto para este, sem nenhum cansaço. Pelo contrário, volto com a mesma alegria de poder plantar, construir, administrar minha fazendinha e viver aquele mundo tão aconchegante. O mais impressionante é que ainda não conheço tudo o que o jogo oferece. Depois de tanto tempo, ele continua conseguindo me surpreender. Trabalho muito e estudo bastante. Quando finalmente chega o fim do dia, gosto de colocar uma música e jogar um pouco. É um momento de paz que realmente me ajuda a descansar. Esse jogo também tem um valor sentimental enorme para mim, porque foi um presente do meu companheiro, Cadu. Talvez seja por isso que ele seja ainda mais especial. É incrível como um RPG 2D consegue, mesmo depois de tantos anos e de eu já ter crescido, continuar sendo um dos meus lugares favoritos para relaxar. Obrigado ao criador e a todos os envolvidos por criarem uma experiência tão marcante. Existem muitos jogos excelentes por aí, mas poucos conseguem transmitir a sensação de conforto e felicidade que este me proporciona."
229815453,108.5,True,0,"Jogo perfeito, só tem o problema sempre que toda vez que jogo com dois animais o jogo decide crashar no final do dia a partir do ano 2 e a gente perde tudo. Fora isso, é um ótimo jeito de descobrir que meu espírito capitalista é muito mais forte do que eu imaginava, porque eu preciso terminar a estação mais rico que todo mundo."
229814956,29.5,True,0,"minha meta era jogar apenas 10 minutos, que graças a magia dos junimos virou 10 horas recomendo"
229809996,74.8,True,0,"O melhor jogo que eu já joguei, você joga sem pressa, se divertindo, e nem vê o tempo passar. Recomendo muito!"
229807294,8.833333333333334,True,0,"se você é velho e jogou havest moon, recomendo. se você quer relaxar, recomendo. se você quer estressar, recomendo. se você quer pegar mulheres de meia idade ou superior... é paizão, esse jogo não é para a gente :("
229803210,144.05,True,0,"Eu não esperava muito do jogo quando baixei...so que quando comecei a querer pegar casada, virar um velho da lancha e ser o fazendeiro mais influente na vila pelicano, simplesmente passei dias em claro nesse jogo, hoje é um dos meus jogos favoritos, todos da família jogam comigo. 10 de 10, a qualidade do jogo é nível irídio"
229794827,141.1,True,1,Simplesmente o GOAT do “passa tempo” Jogo perfeito pra quem que ser casual só cuidar a fazenda e casar Agora se você quiser ir atrás da platina do jogo recomendo fortemente um psicólogo(eu fui…) 10/10
229783417,40.63333333333333,True,0,"muitos dizem que esse é um jogo relaxante, e estão certos (a não ser que você queira fazer tudo no ano 1, ai não é relaxante não)"
229772034,58.7,True,0,Vou comprar uma fazenda na vida real só por causa desse jogo
229768103,153.5,True,0,"Achei que já tinha feito a avialiação... bom, nada que ninguém já conhece, um jogo extremamente perfeito, tem de tudo um pouco e você não tem aquela necessidade de fazer tudo de uma vez só, perfeito para chegar do trabalho e relaxar, ver que já são 2h da madrugada e uma carta do Linus sobre alguém ter te roubado. A música para cada ambiente é o que deixa esse sentimento de paz, é um jogo que não precisa de verdade alguma atualização, quase um Mine, não precisa da ""versão 2"", a parte da família é o único ponto que começa a ficar estranho, afinal teria que criar um personagem que simplesmente não tem diálogos com os restantes dos NPCs, um baita trabalho adicionar filho interativo nesse game na minha opinião, teria que mexer em toda a estrutura do jogo. Enfim, jogaço da porra, como diria o filósofo Son Gohan."
229765382,271.1666666666667,True,0,"esse jogo é simples e prazeroso, feito com tanto carinho que absolutamente TUDO, que vc fizer, será gostoso e calmante, pescar, explorar, desenvolver romance e amizades e claro, plantar. tem tanta mas tanta coisa que se vc for como eu que gosta de jogar sendo o mais eficiente possivel, vc vai se frustrar e ficar perdido. então apenas aproveite, jogue e descanse. aqui não tem fogueira pra descansar, mas ei, vamos tomar um vinho envelhecido!"
229743360,71.3,True,0,"Jogo é bem completo por sí só, mas me diverti ainda mais com os mods que a comunidade cria, infinitas possibilidades... MASSA PACARAIU BIXO"
229736175,46.06666666666667,True,0,"Eu me esforço para tentar me sentir feliz com a minha própria solidão e com a apatia diária, mas sempre falho Miseravelmente. Agora, sobre o jogo é 10/10"
229736063,4.316666666666666,True,0,"Stardew Valley é um daqueles jogos que conseguem transformar uma proposta simples em uma experiência extremamente envolvente. A liberdade para administrar sua fazenda, explorar, pescar e criar relações com os moradores faz com que sempre exista algo novo para fazer. É um jogo relaxante, cheio de conteúdo e que facilmente conquista centenas de horas do jogador."
229731127,4.866666666666666,True,0,"É um joguinho relaxante e coringa, se quiser jogar tryhard funciona, se quiser jogar para relaxar e ouvir musica funciona, se quiser jogar para conhecer todos os personagens e se casar funciona tbm, só não funciona se quiser se estressar haha"
229727319,215.78333333333333,True,0,ola aqui eh a irma do neguin e stardew eh mto bom vlw
229721777,31.983333333333334,True,0,"Não tem como não amar esse jogo. Você começa achando que é só plantar umas sementinhas e, do nada, está obcecado em alcançar a perfeição verdadeira. O jogo é simplesmente maravilhoso e a progressão é muito gratificante: você começa pequenininho e, quando se dá conta, está matando monstro gigante e tentando administrar o tempo, que, aliás, passa mais rápido que tudo nesse jogo, é uma correria gostosa demais! E vamos falar do que importa: os casais! Tem muita opção boa, mas vamos combinar, o Harvey (o médico) é o mais lindo, mais gostoso e o mais perfeito de todos, não tem nem discussão! Eu até tento dar uma moral para a Haley (aquela loira lá que a gente conhece bem), mas no fim das contas eu me perco nos personagens, vou fazendo amizade com todo mundo e fico com um monte de filho espalhado pela fazenda. É uma loucura! Dica de ouro: O jogo base já é perfeito, mas se você jogar com mods, aí o negócio vira outro nível. É uma experiência obrigatória, viciante e que aquece o coração. Recomendo demais!"
229710961,387.01666666666665,True,0,"Que jogo maravilhoso, me deixa entretida, desestressa e mesmo tendo mais de 300 horas de jogo sempre me deparo com algo novo."
142441547,15.033333333333333,True,0,"Jogo bom, recomendo, porém meu personagem é muito baiano, rego minhas plantas e já foi metade da minha energia."
229709343,10.166666666666666,True,0,queria casar com mago mas fazer oq né amo o jogo
229702758,55.233333333333334,True,0,esse jogo foi uns dos primeiros que comprei e virou um dos meus Favoritos! Ele mistura muito a rotina com a colheita e ter amizades Fora que as musicas das estações são muito boas de se ouvir e tenho algumas delas no meu Spotify
229702657,27.85,True,0,"amooooooooooooo melhor jogo do mundo, ao contrario de monster hunter, que admito.perdeu pra stardew"
89513908,58.0,True,0,"Stardew Valley é, sem exagero, um jogo absurdo de bom. Ele começa simples, bem tranquilo de entender, mas quanto mais você joga, mais percebe o tanto de coisa que tem por trás. Não é só plantar e colher. Você precisa prestar atenção nas estações, nas datas, nos objetivos e até nas relações com os personagens. Cuidar da fazenda é uma das partes mais viciantes. No início parece fácil, mas depois vira quase um quebra-cabeça. Você começa a pensar em qual plantação vale mais a pena em cada estação, como organizar o espaço e como aproveitar melhor o tempo dentro do jogo. Quando percebe, já está completamente envolvido nisso. As minas também são um ponto interessante. Elas trazem um desafio maior, com combate e exploração. Não é impossível, mas também não dá para ir de qualquer jeito. Mesmo assim, em muitos momentos, evoluir a fazenda e completar o centro comunitário acaba sendo mais difícil, porque exige planejamento e paciência. Uma das coisas mais legais é que o jogo te dá dois caminhos bem diferentes. Você pode reconstruir o Centro Comunitário, ajudando a cidade a voltar ao que era antes, ou pode seguir o caminho mais fácil e apoiar a JojaMart. Um é mais trabalhoso, mas muito mais gratificante. O outro é mais rápido, só que perde bastante da essência do jogo. As relações com os personagens também fazem muita diferença. Cada um tem sua rotina, sua personalidade e sua própria história. O sistema de amizade e casamento é bem envolvente. Você precisa acertar presentes, lembrar aniversários e participar de eventos para conquistar alguém, o que deixa tudo mais interessante e até um pouco estratégico. No geral, Stardew Valley é um jogo extremamente completo. Ele mistura várias coisas de um jeito que funciona muito bem e te deixa livre para jogar no seu ritmo. É aquele tipo de jogo que parece simples, mas quando você vê, já passou horas jogando sem nem perceber. Vale muito a pena, mesmo para quem não costuma jogar esse tipo de jogo."
229674880,228.73333333333332,True,0,"Amo muito esse joguinho! é aquele tipo de jogo que sempre consegue me fazer relaxar. O ambiente é super aconchegante, a trilha sonora é maravilhosa e sempre tem alguma coisa nova para fazer, seja cuidar da fazenda, pescar, explorar as minas, fazer amizade com os moradores ou simplesmente aproveitar o ritmo tranquilo do jogo. É um daqueles jogos que dá vontade de voltar sempre. ˚˖𓍢ִ໋❀"
229665231,45.0,True,0,"compro dezenas de sementes de verão e as planto na esperança de ficar rico, elas morrem no dia seguinte por causa da troca de estações.... 12/10"
229654421,367.28333333333336,True,0,"Pela manhã sai de casa, fui cuidar das terras que estavam largadas à muito tempo. Limpei ao redor da casa, coletei madeira, ajuntei pedra, cortei o mato, arrumei o canteiro para plantar, anoiteceu, voltei para casa e Fui Jogar Stardew Valley. 10/10 recomendo."
229644167,35.95,True,0,"Gostei de jogar Não gostei que não tem fim, eu saio do jogo quando?"
229639843,21.033333333333335,True,0,"10/10 passei a maioria do meu dia jogando isso e já me apaixonei pelo jogo, super recomendado e super compraria por 30 conto"
229635509,341.75,True,0,amo esse jogo do fundo da minha alma. sou muitooo feliz!!! <3
229629349,231.73333333333332,True,0,"Recomendo bastante, é bem relaxante, menos quando se entra nas cavernas. A dica mais importante é: Aproveite bem e relaxe... Faça as coisas no seu tempo e será o melhor tempo gasto dentro do jogo <3."
229628482,65.08333333333333,True,0,"Melhor jogo de ""fazendinha"" da história, mas é muito mais que isso, é um jogo de conforto e com exploração sem fim, outro jogo desse tamanho eu só vi Terraria até agora, meus favoritos de todos os tempos em quesito 2D de exploração e história."
229624327,452.6333333333333,True,0,"Sempre quis jogar Stardew e agora finalmente consegui arrumar um tempo pra curtir, estou amando, recém estou na ilha gengibre e estou torcendo para mais futuras atualizações como essa."
229623467,440.03333333333336,True,0,"Como Tudo Começou Lembro exatamente do dia em que baixei Stardew Valley. Eu tinha acabado de passar por uma semana pesada de trabalho e só queria algo para relaxar. Não esperava nada demais – só mais um joguinho de fazenda pra passar o tempo. Mal sabia eu que estava prestes a encontrar meu jogo favorito da vida. Peguei o controle, criei meu personagem (coloquei meu nome mesmo, sou básico assim), e a cena inicial com o avô já me pegou. ""Você chegará ao ponto em que o peso da vida moderna o oprimirá""... cara, aquilo bateu forte. E quando o ônibus chegou em Pelican Town e eu vi aquela fazenda toda abandonada, pensei: ""Beleza, vamos ver no que dá."" Não vou mentir – no começo eu tava perdido. Plantava sementes no lugar errado, esquecia de regar, ficava sem energia no meio do dia... Foi um caos. Mas tinha algo ali que me fazia querer continuar. Minha primeira colheita foi um momento MÁGICO. Ver aqueles parsnips prontinhos, colher um por um, vender e ver o dinheiro entrando... nossa, que sensação boa. Eu juro que fiquei uns 5 minutos olhando pra tela sorrindo igual um idiota. Ah, e a primeira vez que entrei nas minas? Morri pro primeiro slime que apareceu. Ri de mim mesmo e voltei no dia seguinte com mais preparo. Aprendi que tudo no jogo tem seu tempo."
229619410,0.9333333333333333,False,0,"O jogo é extremamente dificil no começo, você acorda cansado, dorme cansado e não tem energia pra conversar com uma produtora rural... Até conversar cansa. Isso é um simulador de CLT, quem gosta, gosta."
229618016,57.483333333333334,True,0,"Um jogo incrivel em que para voce conseguir as coisas não é muito rapido e nem demorado. É relaxante ainda mais quando o jogo tem cultivo, coleta e personagens incriveis."
229611656,114.75,True,0,"é aquele tipo de jogo que é viciante de calmo, muito bom e tem muitos mistérios para descobrir, seu preço é ótimo também. recomendo demais!!!"
229604231,28.45,True,0,"É um jogo tão completo que me lembra Minecraft. Você pode passar o resto da vida jogando no mesmo save, e nunca vão faltar coisas que você pode fazer. É absurdo como um jogo desse tamanho pode ter tanto conteúdo, ser tão divertido e ainda assim te ensinar indiretamente a ter paciência e a ter gestão com o próprio tempo. Se você tiver paciência e bom gosto, com certeza vai amar esse jogo."
229601921,235.45,True,0,"alguem tem que consertar esse bug q a jodi é casada com um tal de kent tem peixe aí q é é touro disfarçado dito isso, jogaço"
229598558,38.416666666666664,True,0,"ja joguei mt no celular e comprei agora no pc, o jogo é zika dms porém infelizmente n da p pegar a robin"
121395056,295.4,True,0,Melhor jogo do mundo pra esquecer os problemas e perder horas só pensando em namorar as esposas dos caras mais chatos da cidade
229587598,88.83333333333333,True,0,"Se eu fosse um crítico negativista eu não saberia qual defeito botar, simplesmente um jogo onde vc relaxa de verdade, harvest moon back to nature é um jogo muito bom, mas stardew tem o negócio que faltava naquele jogo, que é evoluir no seu tempo, em pesca, em coleta, agricultura, combate, mineração, e a sua própria fazenda, vc não se sente obrigado de ter que terminar tudo antes do primeiro e segundo ano, oq de fato não é, só se vc for crackudo rushador mesmo, mas enfim, é um dos pouquíssimos jogos que não vejo ponto de melhoria, na verdade, a única coisa q senti falta foi um sprint, correr faz falta, principalmente quando vc tá rushando mina, fora isso é perfeito mesmo."
229581580,47.56666666666667,True,0,"bem, o jogo é bom, mas o problema é que se você for jogar pelo pc e o outro amigo jogar pelo nintendo, os dois não conseguem jogar stardew valley, e queria que isso fosse mudado :("
229560647,2.6,True,0,"Jogo F O F O D E M A I S, da pra fazer muita coisa, os personagens são cativantes, da pra explorar M U I T O, relaxante e o tempo passa muito rápido ao jogar ele, jogo maravilhoso, SEM PALAVRAS"
229559873,193.7,True,0,"Eu que nunca gostei de jogos com história, minha parada sempre foi jogos competitivos e com partidas rápidas tipo LoL, PUBG, Apex... Mas comprei esse jogo pra jogar com a minha namorada e quando vi eu já tava virando noites pra criar uma plantação gigantesca e fazer o máximo de dinheiro possível. Minha namorada cansou de jogar (depois de meses) eu eu continuei até descobrir mais e mais da história e mesmo assim eu não conseguia parar. Esse jogo te conecta com um universo que você quer fazer parte e não quer sair. É bizarro. Quando você descobre que um cara sozinho fez isso tudo fica mais bizarro ainda. Com certeza um dos melhores jogos de todos os tempo."
229551807,207.58333333333334,True,10,"Stardew Valley é aquele jogo que te cativa de uma forma fascinante. Ele é imersivo, tem um mundo extremamente complexo, os personagens parecem reais, você não enjoa de ler os diálogos, sempre tem algo novo acontecendo, e tudo isso torna a experiência bem marcante. ""Você precisa dar uma chance para Stardew Valley."" Foi isso que ouvi em 2019. Curioso, baixei por meios não convencionais e foi amor à primeira vista... A pandemia tinha acabado de começar, e foram longos meses jogando esse jogo sem fim, acredito que tenho mais de 2 mil horas. Em 2021, finalmente consegui adquirir ele aqui na Steam, fui correndo até a casa da minha prima para ela pagar o boleto pra mim, depois, voltei correndo de bicicleta para casa, quando inicio o jogo... nada. O notebook que eu tinha era tão deprimente que não rodava Stardew Valley e a Steam ao mesmo tempoKKKKKKKKK então, fiz uma gambiarra para entrar no jogo com a Steam fechada. Passaram alguns bons anos e voltei pro Stardew na atualização 1.6. Todo aquele amor voltou também, e eu passava horas e horas jogando de novo, inclusive, consegui achar meu save antigo naquele notebook e trouxe ele pra finalmente poder jogar na Steam. Infelizmente, as conquistas desbloquearam todas de uma vez, o que me deixou meio deprimido. Mas, mesmo assim, foi incrível finalmente poder deixar esse jogo em 100% por aqui... Basicamente, Stardew Valley fez parte de uma fase muito importante da minha vida. Sempre que volto pra Pelican Town, parece que volto um pouquinho pra 2020 também... É um jogo que sempre vai ter um espaço especial no meu coração. S2"
229546838,302.4166666666667,True,0,"mto bom, único ruim é n ter como casar com a robin. capitalismo é uma merda, morte ao joja"
146816096,100.38333333333334,True,0,Esse jogo só tem um defeito que é não poder foder com mulher casada
229544830,577.0,True,0,"Jogo muito viciante! Melhor jogo de simulação de fazenda da minha vida, joguei muito mesmo, vale cada centavo."
229543913,261.1166666666667,True,0,"Jogo extremamente cativante. Faz você se concentrar nas etapas. Bom divertimento, mas não espere grandes emoções."
229542013,285.6333333333333,True,0,"tenho uma loira bonita como esposa, dois filhos, uma fazenda de sucesso e poderes magicos. stardew valley >>> vida real"
229533010,43.666666666666664,True,0,É muito legal :) É tipo GTA5 versão pixel e bem mais barato lol amei
229530338,159.55,True,0,"Simplesmente incrível, não é um jogo de fazendinha qualquer, Stardew Valley te dá a liberdade de lucrar e progredir no jogo da forma que voce quiser. O jogo possui personagens interessantes, história boa, mecânicas legais. Já fiz a perfeição na versão de celular e agora platinei aqui na steam, se estiver pensando em comprar, super recomendo."
229527654,36.45,True,0,É um jogo otimo com uma bela narrativa e história objetivos claros e relaxantes
229506792,20.783333333333335,True,0,"muito bom, ensina muitas coisas vale a pena seu dinheiro"
169930630,305.6,True,0,"O jogo é fenomenal, absolutamente incrível, é um daqueles jogos que vc deixa até de comer pra continuar jogando. Muito bonito, muito bem ambientado e uma jogabilidade muito agradável. A platina desse jogo é fenomenal de gostosa, e a comunidade é muito muito boa também. Além de claro, as lições de morais que esse jogo te passa pelos mínimos detalhes, como valorizar passar tempo com as pessoas que vc ama, fazer amizades e desenvolver relações e sair do computador. A única crítica é a falta de atualizações constantes deixando uma comunidade gigantesca carente por anos."
229472510,37.7,True,0,"o unico defeito e que nao da pra pegar mulher casada,de resto,perfeito"
229467814,293.3666666666667,True,0,"Com toda certeza do mundo esse é o meu jogo favorito, não digo por ter mais de 200h, mas por ele ter feito parte de momentos tão importantes da minha vida! Sinceramente eu acho que não existe sensação melhor do que você jogar esse jogo na estação de inverno e ouvir a música tema ""winter (Nocturne of ice)"", é uma sensação única! De todo o meu coração eu amo stdv <3"
133877505,103.06666666666666,True,1,"Tenho o jogo há anos mas resolvi jogar agora e foi uma das melhores decisões que tomei nesse ramo de games em anos. O jogo é extremamente relaxante (apesar dos estresses momentâneos) e muito gostoso de jogar, principalmente multiplayer. A história individual de cada personagem, os cenários, os eventos, os itens e as missões parecem todos meticulosamente bem feitos e calculados. Um dos melhores jogos indies que já joguei."
229462331,73.53333333333333,True,0,"Facilmente melhor jogo de fazenda que já joguei, só não é o melhor jogo de todos os tempos porque a ruiva foda do jogo é casada."
229459179,102.26666666666667,True,0,"esse jogo é simplesmente sensacional. peca em não te explicar algumas coisas, mas nada que o youtube não resolva."
83563619,1277.1166666666666,True,0,"Esse jogo é incrível, mudou a minha vida. Só é uma pena não poder casar com casadas..."
229458695,29.266666666666666,True,0,"jogo sensacional, ja jogo a uns anos e recomendo, principalmente escutando uma musica e jogando é melhor ainda, um segredo pra nn enjoar, é jogar sem compromisso, faz do seu jeito e dale, recomendo demais"
215923732,326.3666666666667,True,0,"Stardew Valley foi uma experiência quase terapêutica para mim. Joguei ao lado da minha namorada, e isso tornou tudo ainda mais especial. O que parecia ser apenas um simples jogo de fazenda acabou se mostrando uma experiência incrível, com uma jogabilidade única, divertida e cheia de coisas para fazer. A evolução da fazenda, as relações com os personagens e a liberdade de jogar no seu próprio ritmo fazem o jogo ser muito viciante. Quando terminei a campanha, pensei: ""esse é um ótimo jogo"". Algum tempo depois, decidi platiná-lo e percebi que ainda havia muito conteúdo para descobrir. Em nenhum momento me arrependi dessa decisão. Comecei, zerei e platinei o jogo, sempre muito bem acompanhado, como já havia dito. No fim, cheguei a uma nova conclusão: Stardew Valley é um jogo bom pra klh."
229447121,72.6,True,0,jogaço do krl to em busca da platina mas acima de tudo ainda vou me casar com a haley
154683197,58.71666666666667,True,0,"É um jogo legal, você vai pra um sítio que foi deixado como herança do seu avô, reforma tudo, pode plantar um monte de vegetais, frutas, começa a criar vacas, galinhas, porcos, tem um animal de estimação, pode se casar e pode ter filhos também. Os NPCs são bem maneiros, temos um prefeito corrupto, uma mãe alcoólatra abusiva, uma professora com baixa autoestima, uma gótica que come pedras, um rockeiro esquisito, um atleta tchola, um menino cearense, um homem com TEPT, um veio rabugento e uma mulher muito incrível, mas também infelizmente casada, entre outros."
229438312,21.033333333333335,True,0,O jogo é muito bom e eu super recomendo para todas as fachas etárias. O jogo é bem relaxante e tem uma vibe muito boa.
229437298,50.766666666666666,True,0,"eu simplesmente estou apaixonada pelo jogo!! os detalhes, a as histórias, a gente se encontrar em um lugar que realmente parece que vivemos na comunidade da cidade... não peguei NENHUM spoiler, então estou do zero e acho que foi uma das MELHORES decisões possíveis!!! indico d+++, fiz meu amg baixar e agr temos uma fazenda juntos tbm.... ameiiiii"
229423058,74.51666666666667,True,0,"Um dos melhores jogos de fazenda que já joguei, única coisa que me deixa triste é que não dá de casar com a Robin"
229404611,475.1166666666667,True,0,Prefeito safado usando o ouro da cidade pra fazer estátua
157886144,530.85,True,0,"Planejar cada detalhe da minha fazenda foi surpreendentemente relaxante, e olha que o jogo não te pressiona a ser perfeito, mas te deixa ser caso queira. Você pode até namorar todos os solteiros da cidade ao mesmo tempo. É legal como algo tão simples pode ser tão satisfatório"
229389688,31.283333333333335,True,0,"é um dos meus jogos favoritos, eu não sei quantas fazendas eu tive no mobile, eu não sei quantas eu tive quando eu não tinha o jogo e jogava na steam do meu amigo. Eu sei que devo ter pra lá de 500 horas só no mobile..."
161273969,86.78333333333333,True,1,"Esse jogo é realmente muito bom, comecei a jogar ele em 2021, e virou meu jogo favorito. Muitas pessoas não gostam do jogo pois, realmente é um jogo mais lento, e eu não recomendaria para pessoas que querem experiencias mais rápidas e cheias de adrenalina. Porém, se você procura um jogo relaxado para jogar a qualquer momento, é a escolha perfeita. Ele te da bastante opções de customização e um ponto forte é justamente essa criatividade, de customizar tudo de seu jeito. Se você procura por um jogo de fazenda polido, com bons personagens, variedade de plantações e atividade e ao mesmo tempo relaxante e viciante, Stardew Valley é para você!"
229377101,71.9,True,0,"Stardew Valley conquistou um lugar especial entre os meus jogos favoritos. Como alguém que sempre adorou Harvest Moon, encontrar um jogo que resgata essa essência, mas ao mesmo tempo traz tantas novidades, foi uma experiência incrível. O que mais gosto é a tranquilidade que ele transmite. Cuidar da fazenda, conversar com os moradores, pescar, explorar as minas e acompanhar a passagem das estações cria um ritmo acolhedor, sem pressa e sem pressão. Nos dias mais difíceis, Stardew Valley se torna um verdadeiro refúgio, ajudando a desacelerar, aliviar a ansiedade e encontrar um pouco de paz."
229376439,94.1,True,0,"O jogo é bem completo, calmo e pode até ser desafiador em alguns momentos, mas vale muito a pena jogar!"
229372984,7.716666666666667,True,0,"Every year is getting shorter Never seem to find the time Plans that either come to naught Or half a page of scribbled lines Hanging on in quiet desperation Is the English way The time is gone, the song is over Thought I'd something more to say... Home, home again I like to be here when I can And when I come home, cold and tired It's good to warm my bones beside the fire"
229370292,136.2,True,0,"“É só um joguinho de fazenda.” 30 horas depois, estou brigando com o relógio porque o Pierre fechou às 17h, organizando 50 baús, pesquisando na wiki onde achar um peixe que só aparece numa terça-feira chuvosa. Minha maior preocupação hoje é saber se as galinhas estão felizes, se o prefeito vai devolver minha cueca e se vou conseguir terminar o Centro Comunitário antes do próximo inverno. 10/10. Entrei para plantar batata e saí com um segundo emprego."
229364671,10.516666666666667,True,0,"o jogo é relaxante e num geral bem agradavel de jogar, sem muita dor de cabeça10/10"
229362883,526.3333333333334,True,0,"O melhor jogo pra jogar quando não tem nada pra fazer + um spotify tocando, simplesmente o melhor jogo que eu ja joguei"
168161782,211.0,True,1,"Jogo relaxante, bom pra jogar depois de se estressar o dia inteiro. (Se pudesse medir em estrelas, daria 3, pois não é possivel se casar com a Robin.)"
229348833,404.31666666666666,True,0,"Stardew valley, um jogo que já tenho mais de 400h e ainda não zerei (por escolha). Um save atrás do outro. São muitos estímulos, várias coisas que você precisa fazer, várias coisas que você quer fazer, são muitas possibilidades. O tanto que esse jogo já me relaxou e me estressou ao mesmo tempo não tá escrito. Simplesmente o equilíbrio perfeito entre saber o nome dos meus 47 animais de cabeça e querer dar uma voadora na cara do prefeito toda vez que ele passa por mim. Poucos dão uma verdadeira chance pra esse jogo e descobrem seu potencial por completo. Pois deem essa chance. É bao demais!!"
196852012,263.5,True,1,"""𝑺𝒐𝒖 𝒖𝒎 𝒉𝒐𝒎𝒆𝒎 𝒔𝒊𝒎𝒑𝒍𝒆𝒔... 𝒒𝒖𝒂𝒏𝒅𝒐 𝒎𝒆𝒖 𝒄𝒂𝒄𝒉𝒊𝒎𝒃𝒐 𝒆𝒔𝒕𝒂́ 𝒄𝒉𝒆𝒊𝒐, 𝒆𝒖 𝒇𝒊𝒄𝒐 𝒇𝒆𝒍𝒊𝒛. 𝑸𝒖𝒂𝒏𝒅𝒐 𝒎𝒆𝒖 𝒄𝒂𝒄𝒉𝒊𝒎𝒃𝒐 𝒆𝒔𝒕𝒂́ 𝒗𝒂𝒛𝒊𝒐... 𝒃𝒆𝒎, 𝒆𝒏𝒕𝒂̃𝒐 𝒆𝒖 𝒔𝒐́ 𝒆𝒏𝒄𝒉𝒐 𝒅𝒆 𝒏𝒐𝒗𝒐."" É com esse quote do Willy que faço a análise, afinal Stardew Valley é sobre ter uma vida simples em uma cidade simples com diversas possibilidades que, caso você não consiga alguma de primeira, é só tentar novamente, e o efeito da conquista será o mesmo!"
229342612,411.68333333333334,True,0,"Jogo de fazendinha muito bom, boas mecânicas, boas missões, e conforme você vai conhecendo as histórias de cada NPC você percebe que esse joguinho ""infantil"" tem mais camadas do que aparenta. É o sucessor espiritual do antigo Harvest Moon back to nature. A partir daqui, todos os fazendinhas bebem da forma stardew de ser."
133360996,270.43333333333334,True,0,"Simplesmente uma obra prima. Um dos melhores jogos que já comprei. É praticamente um minecraft de fazenda e com história, gráficos melhores que a vida real. Super recomendo."
229327021,37.86666666666667,True,0,"É stardew valley, jogo magnifico, a progressão desse jogo é fantástica, a arte dele é muito bonitinha e o jogo msm fora de promoção ainda é muito barato pela quantidade de conteúdo, na minha batata que chamo de pc rodou muito bem, nota 10/10"
229322478,150.98333333333332,True,0,"Stardew Valley... ahh, por onde eu posso começar? Achei que esse jogo seria só um simulador de fazendinha, pelo menos nos primeiros 30 minutos de jogo. Depois de um tempo eu já estava passando raiva tentando descer os andares de uma caverna cheia de monstros, pescando peixe que parece impossível de pegar e tentando regar minha plantação antes do dia acabar com minha barrinha de energia já no negativo Além de ser um RPG, também é um simulador de namoro, você começa plantando umas chirivia e termina dando em cima dos NPC da cidade Na maioria dos dias a rotina é sempre a mesma: acordar, regar as plantas, ir minerar com metade da energia, sair da mina, pescar com o tempo que sobrou, vender os produtos, comprar mais sementes e repetir tudo no dia seguinte. E por algum motivo essa rotina nunca fica chata O mais impressionante é a quantidade de coisas para fazer. Sempre aparece alguma tarefa nova e, quando você percebe, já se passaram horas. Achei que seria um jogo simples, mas ele tem muito mais conteúdo do que eu imaginava. Vale cada centavo, mesmo que eu tenha recebido o jogo de graça"
229298390,52.71666666666667,True,0,"se eu tivesse que escolher entre ser amigo do cristiano ronaldo e jogar stardew valley, eu escolheria ser amigo do stardew valley"
229297041,12.583333333333334,True,0,JOGO MUITO BOM SEMPRE QUERIA JOGO E AGORA EU POSSO RECOMENDO MUITO
229295080,189.03333333333333,True,0,"Jogo perfeito! Simplesmente um jogo de conteúdo ""infinito"", isto é, sempre terá algo novo..."
229291552,15.3,True,0,"Jogo massa demais pra jogar solo, mas melhor ainda com amigos ou namorada."
229289273,248.1,True,0,"Comecei a jogar esse ngc porque minha namorada falou, simplesmente já estou a 248h jogando isso, com certeza é por causa da minha namorada, confia, muito bom"
229288241,34.766666666666666,True,0,"Resumindo: Stardew Valley é terapia. É exatamente isso que o jogo tem sido para mim. É um jogo com bastante coisa para fazer, mas sem pressa — nada que te estresse. Tirando o fato de que perdi para a Abigail na Caça aos Ovos, aí sim fiquei com raiva, kkkkkk. Mas recomendo muito para quem, assim como eu, está acostumado com jogos competitivos como League of Legends, Valorant, CS:GO ou outros que acabam estressando. Stardew Valley é o completo oposto: é um jogo que traz tranquilidade, dá vontade de aprender sobre os itens e sobre os personagens da vila. Enfim, é um jogaço para desestressar depois de um dia puxado."
229282927,44.03333333333333,True,0,"O jogo é bastante legal, tem muitas missoes e coisa para fazer, nao sou fã de jogos nesse estilo, que lembra jogos como terraria, mas especificamente deste jogo eu gostei bastante, e recomendei para amigos, e colocando alguns mods, deixa o jogo com ainda amis opções para se divertir, então. os devs estão de parabéns!!! nota 10/10"
229277188,14.383333333333333,True,0,"Ótimo jogo para relaxar e usar sua criatividade,joguei muito no celular(piratao) e agora comprei pra pc,valeu cada centavo"
229272817,5.683333333333334,True,1,"e muito e massa , agora eu sou mais calmo e não bato na minha avó"
229271040,106.95,True,0,"Um dos meus jogos favoritos, adoro os personagens (Menos o clint, pierre e demetrius), adoro a arte do jogo e amo que ele e feito com amor e da para ver isso na gameplay."
145823736,255.93333333333334,True,1,"esse sam e uma delia, mas nada me irrita mais quando ele ta perto da penny"
229268752,293.53333333333336,True,0,"Esse jogo me estressou ao meu LIMITE. Foram dias e mais dias atrás de conquistas (ngm me obrigou, eu só quis). Coisa de gente insana algumas conquistas aqui. Dito isso: recomendo muito, 10/10."
106273023,50.8,True,0,"Difícil é parar de jogar, até dei um tempo por que tava vivendo mais lá do que na vida real"
229245248,277.0,True,0,"Hoje pegue de forma legítima a ultima frota estrela, esse jogo é incrível e me faz voltar a rotina 10/10"
229240374,267.3333333333333,True,0,"Eu gosto por ser um jogo que da pra jogar na calmaria, sem pressa, apenas aproveitando o momento. Se você quer um jogo que não precise pensar muito e só quer relaxar e passar o tempo, recomendo bastante"
214315525,35.65,True,0,"o jogo é muito bom, uma ideia pros devs, no proximo update poderia ter uma tsuname q vem e destroi sua sua fazenda. top jogo 10/10"
229211194,311.43333333333334,True,0,"Joguei mais aprofundamente esse jogo e agora sim entendo porque gostam tanto, com toda certeza é um dos melhores jogos que já joguei, fiquei +300 horas jogando em um save que fiquei mt apegado a ele e fica até difícil abandonar"
163850989,48.53333333333333,True,0,"Quase negativei por que o Pierre não abre na quarta, mas infelizmente o jogo é bom."
229205453,142.3,True,0,Nunca mais tento platinar essa budega... rei da pradaria foi um inferno na minha vida.
229201898,212.4,True,0,unica coisa pra reclamar é que o jogo não deixa casar com mulher casada
229201795,91.66666666666667,True,1,"Sucessor espiritual do meu jogo de infancia favorito que é harvest moon, eles acertaram em cheio nesse jogo, pegaram todos pontos positivos e aperfeiçoaram, jogo obrigatório para todo gamer e não gamer"
164990724,140.78333333333333,True,0,"Stardew é um Jogo ótimo, você consegue passar muitas horas jogando e se divertir bastante, mas algo que aconteceu comigo é chegar a um ponto no jogo que você já fez muita coisa e começa a ser relativamente repetitivo, mas isso não tira o charme que o jogo tem."
229191695,67.51666666666667,True,0,jogo muito bom relaxante e engracado porem tambem tem desafios
