review_id,author_playtime_forever,voted_up,votes_up,clean_text
232075704,24.116666666666667,True,0,"Battlefield 1 (2016) permanece como uma obra-prima irretocável do design de FPS e o ápice absoluto da Frostbite Engine, estabelecendo um padrão de excelência técnica raramente alcançado nesta década. O título transporta o jogador para o teatro de operações da Primeira Guerra Mundial com uma fidelidade sensorial avassaladora, fundindo uma atmosfera brutal e caótica a um nível de imersão hiper-realista que redefine o conceito de guerra virtual. (Recomendo)"
183890932,901.45,True,0,Mudei de Ideia! O Jogo é senssacional e merecial um REMAK!!!
232051516,9.266666666666667,True,1,jogo leva uma pegada boa da primeira guerra e isso e um dos muitos pontos fortes do jogo
232048804,2.466666666666667,True,0,"cara, jogo incrivel, compra sem medo, graficos absurdos e ate agora mt bem otimizado, tudo no ultra 1080p 200 fps, nao testei o online e nao sei se tem nele mais 10/10"
194088639,88.36666666666666,True,0,modo historia muito foda e o MP ABSURDO é sem duvidas o melhor jogo de guerra que já joguei
231998250,95.58333333333333,True,0,"Gráficos excelentes, ótima jogabilidade, a imersão que esse jogo trás é surreal. efeitos sonoros excelentes não parece um jogo antigo, um dos melhores BFs já feitos sem exagero"
231988760,33.81666666666667,True,0,"Simplesmente uma obra-prima! Battlefield 1 é, sem dúvidas, um dos FPS mais imersivos já feitos. A ambientação da Primeira Guerra Mundial, o som das armas, os gráficos que continuam lindos mesmo anos após o lançamento e o caos das partidas tornam esse jogo inesquecível. Nota: 10/10 — Vale cada centavo!"
231965138,74.73333333333333,True,0,"Melhor jogo de guerra mesmo com 10 anos de lançamento, não tem nada igual no quesito imersão, cada disparo, cada explosão, cada aspecto relacionado ao terreno, tudo te faz parecer estar no meio de uma guerra. Simplesmente o melhor BF já feito."
231948461,40.93333333333333,True,0,Esse game e Espledido ! Já zerei 2 vezes e sempre gosto de Rejogar !
231943831,7.533333333333333,True,0,"Jogo bonito demais e muito bem ambientado. Gameplay foda, desafiador no começo até você se acostumar com o vento na hora do tiro, o bullet travel e o bullet drop vão te deixar meio puto no início, porque você simplesmente não acerta nada. Mas depois que pega o jeito, é só bala e viva o segundo reich"
231923169,48.96666666666667,True,0,"É divertido como um bom fps, as vezes aparece um hack aqui e ali mas da pra jogar."
231911368,174.96666666666667,True,0,"Jogaço da porra, mt bom, atmosfera foda e muita imersão, um dos melhores jogos que ja joguei"
231834541,117.1,True,0,Jogo foda e fantastico. unico ponto baixo é que o tem muito cheater.
231813400,23.783333333333335,True,0,O que falar de um dos melhores da serie!? PERFEITO!
231711585,11.1,True,0,"melhor bf disparado, jogo o bf6 e acho muito bom tbm mas o 1 é sensacional"
171041716,30.283333333333335,True,2,"Seven—six—eleven—five—nine-an'-twenty mile to-day Four—eleven—seventeen—thirty-two the day before -- (Boots—boots—boots—boots—movin' up and down again!) There's no discharge in the war! Don't—don't—don't—don't—look at what's in front of you. (Boots—boots—boots—boots—movin' up an' down again); Men—men—men—men—men go mad with watchin' em, An' there's no discharge in the war! Try—try—try—try—to think o' something different Oh—my—God—keep—me from goin' lunatic! (Boots—boots—boots—boots—movin' up an' down again!) There's no discharge in the war!"
231683808,67.31666666666666,True,0,"Primeiro bf que eu joguei foi o 3, dai pra frente criei um carinho grande pela franquia, com esse não foi diferente muito bom o jogo"
231626161,4.366666666666666,True,0,"Mais de 10 anos de lançamento e ainda continua sendo um jogo extremamente atual e com uma boa base de jogadores em vários servidores. Não é muito difícil achar um servidor com muita gente pra vc poder aproveitar o jogo, recomendo comprar"
231609629,28.883333333333333,True,7,"""Toma la caseta médica!!!"" esta palavra estará tatuada na minha pele um dia pq ela me salvou várias vezes. BF1 até a morte seu madruga.png Top jogos da 1 guerra mundial"
231564305,31.616666666666667,True,0,"Modo história muito bom, vale apena pegar esse jogo em promoção apenas, gráficos e jogabilidade excelentes! já o modo MP, é simplesmente horrível, armas horríveis, snipers que não dão dano!, nenhuma delas! smgs terriveis, o MP é só pra passar raiva, igual do BF4. Recomendo apenas em promo, e pelo modo historia, o resto não presta!"
231545425,10.216666666666667,True,0,"A qualidade e jogabilidade do jogo são incríveis, um dos melhores battlefields que já vi."
231534716,205.91666666666666,True,0,"melhor jogo da serie battlefield, a melhor experiencia de primeira guerra mundial já feita!!!!"
231505877,84.01666666666667,True,13,"Uma das melhores experiências de guerra já feita ​Com mais de 80 horas na conta, posso afirmar que esse é o jogo mais imersivo que você vai jogar na vida. O clima, a gritaria, o barulho ensurdecedor das explosões e a lama na tela... o jogo te engole de um jeito absurdo. ​E o melhor de tudo: o jogo direto entra em promoção com uns 90% de desconto, saindo por uns 20 reais. Guia prático para achar partidas e não cair em sala fantasma: 1. ​Fuja do botão ""Partida Rápida"". Ele só vai te jogar em mapas vazios. 2. ​Vá pelo caminho certo: Multiplayer > Navegador de Servidores. ​ 3. O grande segredo está nos filtros: procure a opção de espaços/vagas e marque para exibir os servidores com ""Nenhum"" espaço livre. 4.​ Entre na fila de um servidor que já está com 64/64 jogadores (geralmente nos modos Operações ou Conquista). Fique tranquilo, a fila anda bem rápido porque sempre tem alguém saindo no fim do round. ​ 5. Nasça no mapa, corra 15 metros e seja atropelado por um cavalo ou tome um tiro de tanque do outro lado do mapa. Bem-vindo à guerra."
231487357,31.183333333333334,True,0,eu fico surpreso de até hoje não ter um jogo tão bom quanto o BF1! esse jogo é uma obra de arte!
229820775,38.233333333333334,True,0,"nasça morra depois de dar 2 passos pra frente nasça de novo morra pra um cara de sniper do outro lado do mapa nasça mais uma vez um sniper te acerta de longe você tenta ir pra um canto pra se curar outro sniper ta te esperando no canto tu morre nasça outra vez um cara te da um ataque de baioneta pelas costas Dito isso, jogo extremamente relaxante."
231404683,10.916666666666666,True,0,E um jogo muito imersivo no modo campanha. Parece que você vive um filme.
188156250,280.55,True,0,Eu desejo tudo de ruim pra quem fez a dogtag The Conflict.
231254729,200.73333333333332,True,0,"Esse jogo é perfeito, eu a muito tempo me divirto em servidores de jogo de FPS, tem tudo de bom, cavalo, tank, espada, armas lindas, jogadas lindas, diria que poucos jogos me fizeram ficar tanto tempo nele quanto esse, para mim, esse jogo merece um 10/10 com folga, quem criou esse jogo merece até tomar café comigo e um abraço, namoral, se você ler isso, venha fazer parte disso, me Deus, fico até doido em falar, se eu pudesse mostrar... e tudo tão épico, intenso e maravilhoso, multi-player é uma delícia, deus abençoado seja o homem que veio do fogo e criou esse jogo, nunca morra e joguem, nunca vão se arrepender."
231251580,51.016666666666666,True,0,"O MELHOR JOGO DE TIRO PUTAMERDA QUE OBRA PRIMA, TEM SERVIDORES BRS E O GRAFICO É PERFEITO."
231248514,261.35,True,0,"-entro no jogo -jogo o modo historia inteiro -entro em um server qualquer -pego cavalo -cavalo faz cabom -pego avia -vejo um corpo de cavalo morto voando pra pqp -sou massacrado pela ante aérea dito isso jogo 10 \ 10 mais agora falando serio que jogo incrível da porr4. nao tenho palavras o suficiente pra dizer o quanto esse jogo e incrível. o jogo tem um modo historia bom pra car4i e com um multiplayer melhor ainda,sempre que jogo esse jogo ou eu saio feliz da vida ou puto da vida. esse jogo e incrivel"
231233615,67.7,True,2,Coloco a música Take me out da banda Franz Ferdinand e jogo como se estivesse no deserto trocando tiro com a rapazeada e a vida não podia ser melhor. É ROCK PORRA!!!!
231198245,9.116666666666667,True,2,"Battlefield 1 é um dos melhores FPS já feitos. A ambientação da Primeira Guerra Mundial é incrível, com gráficos, efeitos sonoros e batalhas que proporcionam uma imersão difícil de encontrar em outros jogos. A campanha é épica, com uma gameplay bem diversificada: em diferentes momentos você controla tanques, aviões, cavalos, utiliza uma armadura blindada e até mesmo um pombo-correio. Battlefield 1 foi desenvolvido com muito capricho e continua sendo um dos jogos mais marcantes da franquia."
231164101,91.7,True,0,eu acho que ainda e o melhor jogo de guerra
231157034,111.46666666666667,True,0,Battlefield 1 é um jogo muito bom para relaxar. A ambientação sonora do campo de batalha é exatamente o que faz minha cabeça descansar e traz uma sensação de tranquilidade.
231147721,34.1,False,1,"Que a EA tenha o prédio explodido, toda hora alguma porra de erro que eles mesmos criam que não tem NENHUMA solução, suporte lixo e além de tudo tudo esse lixo da AMD também só a atrapha, melhor que o prédio da amd e ea seja explodido, pirateiem games."
231079271,13.633333333333333,True,0,"Jogo TOP dms rapaziada. Tem destruição, tiroteio frenético, veículos insanos e principalmente belos gráficos, além de ficar extremamente barato em promoções. RECOMENDO"
231076302,49.166666666666664,True,0,"O jogo é perfeito. Ainda nos dias de hoje, não perde para nenhum jogo da série Battlefield. Servidores ainda bem ativos, acho com facilidade em demais horários, inclusivo servidores brasileiros. Pra mim, o melhor jogo da série. Sistema muito bom, gráficos ótimos, sons ótimos, modo história perfeito. 10 de 10."
230087637,100.66666666666667,True,0,"eu mesmo ja tenho mais de 3 mil horas desse jogo mais a EA play zerou uma merda eu amo esse jogo O ápice absoluto da franquia. Não existe nenhum shooter no mercado que chegue perto da atmosfera, da brutalidade e da imersão que esse jogo entrega. A direção de arte, o som dos disparos, a lama e o caos da Primeira Guerra Mundial fazem cada partida parecer um filme de cinema. É o jogo mais cinematicamente perfeito e impactante já feito no gênero. Envelheceu como vinho e continua engolindo lançamentos recentes. Minha maior recomendação de todos os tempos."
231013074,80.86666666666666,True,1,"Cada pixel desse jogo foi feito para te fazer sentir o desespero de um soldado nas trincheiras, na guerra que acabaria com todas as guerras... Battlefield 1 foi bem injustiçado em seu lançamento mas na minha opinião é uma obra de arte e embora tenha uma campanha curtinha, seu multiplayer é super divertido e continua de pé até hoje, quase 10 anos depois de seu lançamento! Jogue se possível, é uma experiência e tanto! A crítica mesmo fica para o app da EA que é péssimo e a qualquer momento pode decidir que sua hora chegou e nunca mais abrir..."
231009086,24.933333333333334,True,0,"é bom só estressante as vezes, mas isso todo fps é"
230936400,15.266666666666667,True,0,eu entro no multiplayer e tomo um tiro e morro e eu nem se quer cheguei a ver o cara 10/10
230928360,2.183333333333333,True,0,"===Gráficos=== 🔲Atari 🔲140p 🔲Aceitável 🔲Bom 🔲 Ótimo 🔲The Witcher 3 ✅The Witcher 3 com mod 🔲Cada frame foi pintado por Da Vinci ===Requisitos=== 🔲Qualquer coisa que conduza energia 🔲Uma calculadora com 1 pilha 🔲Um celular 🔲Um i5 com uma GTX 750TI ✅ No minímo uma GTX 1660 🔲Pc com CPU e GPU muito boas 🔲4xRTX2080TI ligadas numa hidroelétrica ===História=== 🔲História? que história? 🔲Tem uma historinha ✅ Uma história bacana 🔲Uma história digna de prestar atenção 🔲É sobre a vida real 🔲Feita pelo Tolkien ( prepare seus lenços) 🔲Platão escreveu junto com Machado de Assis e virou novela das 21h. ===Jogabilidade=== 🔲Precisa de dois dedos pra jogar 🔲Aceitável (4 dedos pra ser específico) ✅ Jogabilidade bacana 🔲Jogabilidade excelente ===Complexidade=== 🔲Jogo da velha é mais complexo ✅ Fácil de entender 🔲Fácil de aprender, difícil de dominar 🔲É daqueles jogos que as pessoas ficam estudando 🔲Precisa de, no mínimo, 2 doutorados ===Dificuldade=== ✅ Você escolhe a dificuldade 🔲Seu cachorro consegue 🔲Da pra zerar com uma batata de controle 🔲Fácil ✅ Médio 🔲Quase Dark Souls 🔲Dark Souls 🔲Você precisa de reflexos instantâneos e 4 mãos ===Tempo de jogo=== 🔲Da jogar enquanto ouve 1 música 🔲6h 🔲12h 🔲24h 🔲48h ✅ 100h+ 🔲Você começa, seu neto termina ===Áudio, músicas=== 🔲Beep 🔲É melhor jogar no mudo ✅ Aceitável 🔲Muito bom 🔲Músicas escritas por Hans Zimmer 🔲Mozart escreveu junto com Beethoven ===Bugs=== 🔲Nunca vi nenhum ✅ Pequenos bugs 🔲Pode ficar irritante 🔲Pode estragar a gameplay 🔲Parece até uma lâmpada acesa cheia de inseto ===Publico=== 🔲Crianças ✅ Adolescentes ✅ Adultos ✅ Moradores do porão da mãe que comem maionese. ===Compensa Comprar? === 🔲IT'S FREE 🔲Preço justo 🔲Compre se tiver dinheiro sobrando ✅ Espere uma promoção 🔲Caro demais não recomendo 🔲Mais fácil você queimar seu dinheiro"
230793963,13.883333333333333,True,0,"Amei o jogo, a campanha do jogo retrata as guerras e vivências dos que serviram de uma forma incrível e fez eu entender mais ou menos a dor deles e do sofrimento."
230779888,12.016666666666667,True,0,"O jogo em si é muito bom, MAS O ONLINE É UMA BOSTA, UMA NOJEIRA ESSE ONLINE DA EA, TUDO BUGADO, UM PUTA TRABALHO PRA CONSGUIR MONTAR\CHAMAR OS AMIGOS PRO GRUPO, UMA MERDA COMPLETA, mas tirando isso, é legal."
230727855,9.966666666666667,True,0,o melhor jogos se tratando de primeira guerra pelo preço eu achei exelente
230715862,4.316666666666666,False,0,"essa empresa se rendeu para a censura, tenho que enviar uma foto do meu rosto e documento para eles verem que sou maior de idade kkkkkk, até parece que vou enviar fotos dos meus documentos para empresas de outros países, enfim, bf4, 5 e 1, resumo perdi 3 jogos por causa do felca e EA"
230680238,7.833333333333333,True,0,"História: 10 anos após o lançamento e o jogo continua uma obra de arte. Pra mim, melhor que o BF5. História muito boa, realmente te prende em cada episódio/história/missão. MULTIPLAYER: Poucos server BR, não comprem se o objetivo é jogar somente online. Gráficos top, mas jogabilidade arcade, não é um simulador que nem hell let loose, squad ou insurgency. Se anda mais rápido quando se arrasta a bunda no chão. Históri"
230657642,10.216666666666667,True,0,"Meu jogo favorito de Guerra. Sem sombra de dúvidas, fiz grandes amizades jogando esse jogo. Obrigado!"
224573232,11.4,True,0,"-Beleza galera só falta criarmos um modo historia muito bom pra lançar esse jogo Vamos começar por Tempestade de Aço, o que acham? BANGER DEMAIS NE Depois to pensando em fazer uma campanha envolvendo tanques e avioes, tambem vamos focar na historia de pessoas jovens na guerra!!! -Mas EA!! Cade a lacração?? -BEM LEMBRADO!! Bora lançar uma missão freestyle no deserto e ta tudo certo"
230573080,7.766666666666667,False,0,"Jogo e bastante imersivo e tambem tem graficos insanos mesmo sendo de 2016, porem o multiplayer ja ta morto e a campanha e curta demais, mesmo jogando na dificuldade mais dificil continua sendo muito facil zerar, dito isso, o jogo esta abandonado e n muito o que fazer nele atualmente"
230551872,16.566666666666666,False,0,Simplesmente os usuários Linux são tratados como bandidos! Eu comprei varios jogos da franquia na esperança de jogar pra me distrair e em troca recebo a porra de um aviso que o jogo não roda. Porque um executivo vagabundo e preguiçoso achou que a melhor maneira de ter um anti-cheat era proibir o jogo de rodar em qualquer sistema linux usando um bloqueio nivel kernel. Bando de FDP! Vou pedir reembolso para todos os jogos que comprei.
230495436,108.76666666666667,True,0,os horrores da guerra por um preço acessível? na hora!
230486584,12.5,True,0,"Na minha opinião, esse jogo tem a melhor ``Primeira fase´´ da historia dos jogos"
230420771,11.816666666666666,True,0,"Meu forte não é jogo de tiro e por isso eu desviei desse jogo por anos, mas mesmo para quem é noob como eu, a campanha é tranquila e vale a pena, principalmente se você aprecia história. Eu não pretendo jogar o online, então pra mim foi um jogo curto, mas muito bom! É um jogo muito bonito, mesmo já tendo alguns bons anos nas costas. Eu com certeza vou dar chance a mais jogos de tiro depois dessa experiência!"
230414068,15.333333333333334,True,0,acabei tendo fobia de aviões depois que vi um bombardeiro vindo em minha direção 10/10
230364058,56.43333333333333,True,4,"Um jogo de 2016 que foi tão bem feito que parece que lançou ontem, Battlefield 1 é incrível"
230346068,12.166666666666666,True,0,"Muito bom, vale cada centavo, o cenário de guerra top demais, pra quem gosta d história longa de guerra, esse é o jogo."
230316930,41.15,True,0,"Nunca joguei o online, só o modo historia Como BF1 se passa na WW1 e o BFV na WW2 E sou mais da WW2, sou propenso a achar o BFV melhor. Mas a forma como as coisas são encaixadas na historia é muito bem feito."
230313775,50.2,True,0,"Jogos de WW1 e WW2 são os mais picas, mais que guerra moderna, ainda mais que é da EA, vale muito apena, melhor Battlefield para mim."
186915970,2.816666666666667,False,0,"cutscene acaba jogo fecha, só serve para jogar multiplayer, a campanha e impossível de jogar ANTES usando uma rx6600 o jogo não funcionava, hoje com uma rtx5060 funciona sem problemas, irei manter a avalição negativa."
230225332,0.25,True,0,"Campanha cinematográfica. Da uma surra graficamente em muito jogo atual. Melhor ambientação de todos os BF. Infelizmente se quiser jogar multiplayer, não encontrará servidores brasileiros . Mas é possível encontrar partidas com pings altos e se divertir ainda ."
230130130,7.35,True,0,"Campanha curta, mas é bem feita. Quem gosta das historias da primeira guerra vai gostar"
230119127,56.85,True,0,"Jogo bom demais, fiz 20 kills com aviao so pra ir um viciado e me matar de sniper, recomendo."
230113773,46.766666666666666,True,1,"O melhor Battlefield, aqui a EA teve seu auge e a partir disto, apenas decaiu. É triste não termos mais uma comunidade tão ativa."
230077626,20.75,True,0,"Jogo extremamente bom, pena que a empresa é uma merda, uma bosta em forma de concreto e digital."
230074952,17.483333333333334,True,0,"Simplesmente o melhor e mais imersivo BF, esse jogo é absolute cinema"
230071763,8.7,True,0,"muito foda, jogar esse jogo é quase como entrar na pele de um soldado da primeira guerra, só que sem aquela gameplay engessada de jogos ultra realistas como hell let lose (que muita gente não curte), os servidores BR ainda funcionam e com bastante gente, só que não muito durante a tarde, só mais durante a noite, se for jogar em algum outro horário vai ter que ser em servidor ♥♥♥♥♥♥ com pelo menos 110 de ping. no mais, jogo do caralho, paguei 15 conto, e acho que roubei a empresa"
230070771,21.283333333333335,True,0,"matei um soldado, morri pro lança chamas, muito bom simulador"
230066786,32.88333333333333,True,0,"primeiras impressoes com bf1, jogo intenso, frenetico. menos 150% de saude mental, super recomendo 10/10"
229998474,31.116666666666667,True,1,"MEU BATTLEFIELD FAVORITO DPS DO 4 N TENHO OQ FALAR, UMA OBRA DE ARTE"
229996830,17.1,True,0,mato 5 caras e sou brutalmente aniquilado por um tiro de tanque que veio sla da onde. jogo 10/10
229955829,37.38333333333333,True,0,mais facil matar pombo com essas armas de tanto recuo que tem 10/10
229952149,9.75,True,0,"Depois de quase 10 anos, voltei para Battlefield 1 e a sensação foi exatamente a que eu lembrava. A atmosfera do jogo continua incrível, os sons das batalhas, os mapas e a imersão ainda conseguem prender a atenção como poucos FPS conseguem. Mesmo com o passar do tempo, ele continua entregando momentos épicos e mostrando por que marcou tanta gente. É engraçado como um jogo pode guardar tantas lembranças. Jogar Battlefield 1 de novo foi como voltar no tempo, reviver uma fase da vida e perceber que algumas memórias continuam intactas. A nostalgia bate forte, e por alguns instantes parece que aqueles quase 10 anos simplesmente não passaram."
229943939,51.38333333333333,True,1,"Jogo muito bem ambientado com efeitos sonoros esplêndidos. 10/10 A única coisa ruim é que no online você precisa procurar os servidores manualmente, mas nada muito absurdo."
229904051,42.0,True,0,"Um dos FPS ja feitos, comecei no ps4 e ja era lindo no PC ficou ainda mais top jogos"
229897707,121.36666666666666,True,2,dá pra andar de cavalo e empalar a galera no online
229824921,29.066666666666666,True,0,"Jogo Excelente, jogabilidade boa, comunidade um pouco não amigável mas jogável. Jogo de excelentes gráficos por mais que seja antigo, recomendo bt1"
229731591,8.366666666666667,True,0,"é um bom jogo, mas também não surpreende tanto. graficos lindos, ambientação top, porém, a história não é lá aquelas coisas, além de um modo online meio bugado, e com as salas meio vazias. diria que por menos de 10 reais, pode valer a pena, fora isso, é dinheiro jogado fora. nota 6/10."
229718954,25.4,True,0,"Um jogo completo, muitos mapas e modos de jogar, mas é muito pesado, tem muitos lags e tem muitas quedas extremas de fps."
229712335,18.283333333333335,True,0,"Que jogo lindo, meu Deus! É incrível a imersão do campo de guerra que o Battlefield pode nos inserir. É um caos, brutal e, ao mesmo tempo, magnífico a grandiosidade da guerra presente nos cenários, tanto no multiplayer quanto à campanha (e que campanha é essa? Fenomenal!). A campanha é um pouco curta, mas MUITO BOA, sério mesmo, é surpreendente que parece um filme de várias curtas metragens. Já o multiplayer, é o normal de outros Battlefields, cheio de tryhards, um lag de vez em quando, uma tentativa do jogo balancear as equipes, etc. Mas, mesmo assim, gostei pra caramba! Enfim, não perca tempo e experimente essa maravilha!"
229655384,81.25,True,0,"Se o Call of Duty fosse bom, se chamaria Battlefield 1!!!"
228463046,84.11666666666666,True,0,Que Deus abençoe todos os criadores desse jogo! Com certeza o melhor Battlefield de todos os tempos.
229625516,40.833333333333336,True,0,"Multiplayer absurdo mesmo tanto tempo depois de ser lançado, recomendadissimo."
229564243,5.683333333333334,True,1,"Esse jogo valeu cada centavo. Se assemelha mais a um filme do que a um jogo em si, pela qualidade gráfica. O que mais gostei foram as histórias contadas como se você fosse o próprio personagem. É aí que você percebe a real crueldade humana."
229556224,10.366666666666667,True,0,"jogo bom de mais, queria ter pc na epoca do lancamento"
229545537,5.15,True,0,"o multiplayer eh legal, movimentação boa e ótimos gráficos, mas o modo campanha deixou a desejar."
229507831,162.11666666666667,True,0,"entro no jogo, pego minha sniper. fico deitado 50 minutos. dou um tiro a 800 metros de distancia do inimigo. elimino ele. acendo um cigarro e fico com olhar de mil jardas. a guerra me quebrou. não sou mais o mesmo. tenho transtorno pos traumatico. simplesmente bf1 o melhor de todos."
229452359,102.83333333333333,True,0,"Entra no jogo, Atira nos inimigos, erra 50% dos tiros e morre! Super Recomendo."
229450174,7.933333333333334,True,0,"Estreei na franquia com o Battlefield 1 só pela campanha e valeu muito a pena! Curta, mas com mini-histórias sensacionais que garantiram ótimas horas de diversão. Bateu até uma nostalgia... Sinto falta de games novos focando em campanhas de peso sobre a Primeira e Segunda Guerra"
229436966,3.9833333333333334,True,0,"Esse jogo é excepcional! Uma verdadeira simulação da Primeira Guerra Mundial (mesmo não sendo idêntico à época), com gráficos bonitos, apesar de ter alguns bugs."
229430028,13.833333333333334,True,3,"A proposta desse jogo é bem interessante, logo de cara você sente como se estivesse dentro de um filme!!! Bem legal um jogo com essa qualidade ainda retratar acontecimentos históricos, não focando somente em algo futurístico, ainda mais para o período em que foi lançado, época em que esse estilo de game focado em combates futurísticos estava em alta. Apesar do modo história ser curto, esse jogo é uma mistura de qualidade visual, sonora, uma excelente narrativa e gameplay, dito isso: vale muito a pena dar uma chance!"
229421388,23.5,True,0,"mano que jogo massa, joguei quase todas as campanhas e mn gostei dms recomendo muito! e esse precinho baixo ta otimo!"
229417607,10.6,True,0,"foi o meu primeiro jogo de modo campanha , gostei muito"
229392331,6.716666666666667,True,0,"Depois de mais de 1000h nesse jogo antes de pegar ele na steam, nao tem outro que supero essa imersão de guerra !! hahahaha... é muito bom"
229365896,4.616666666666666,True,0,"game extremamente imersivo , graficos exelentes para um jogo de 10 anos!"
229358045,8.733333333333333,True,0,"Muito bom o jogo, em meia hora de gameplay, vi meu amigo ser morto por um morteiro e meu aliado ser torturado por um soldado da força francesa, muito bom, recomento. Estou fazendo terapia agora."
229296711,9.833333333333334,True,0,"É um game muito bonito e divertido, extremamente competente, porém é um game que ao meu ver é genérico por ter diversos outros com a mesma temática!"
229242516,256.65,True,0,"jogo muito bom EA deveria fazer Crossplay, até hoje nao saiu nada com essa quaidade cuidado e carinho."
229233221,45.03333333333333,True,0,"Esse jogo tem uma pegada que nunca vi dentro do COD ou dos outros battlefield, a ambientação é absurda, o multiplayer parece um modo campanha de tao impecavel, voce fica totalmente imersivo em cada partida que acontece porque ele se baseia em fatos historicos com montarias e veiculos elevando a experiencia ainda mais. Estou amando o jogo, recomendo para qualquer tipo de pessoa."
229201225,63.56666666666667,True,0,Modo Campanha muito bom que trás e mostra a guerra como uma tragédia. O multiplayer ainda tem servidores e da pra se divertir muito.
229189791,77.15,True,0,"Mano... que jogo incrivel, a campanha e boa (algumas historias pode ser meio meh, mas no geral e bom), o multiplayer é bom tbm, os graficos mto bom (olha que esse jogo e de 2016) e um dos melhores aspectos que mesmo comprando a versão mais fodastica, vc ainda tem que liberar as armas"
177728337,9.1,True,0,"Battlefield 1 Revolution foi uma experiência muito melhor do que eu esperava. A campanha consegue mostrar diferentes histórias da Primeira Guerra Mundial, cada uma com seu próprio protagonista e contexto. Isso faz com que o jogo nunca fique repetitivo e ainda apresenta vários lados de um conflito que normalmente recebe menos atenção nos videogames. Os gráficos são simplesmente excelentes. Mesmo depois de vários anos, Battlefield 1 continua sendo um dos jogos de guerra mais bonitos que já joguei. Os cenários, os efeitos de explosão, a iluminação e o nível de detalhes fazem a imersão ser absurda. A trilha sonora é muito boa e combina perfeitamente com o clima da campanha. Ela sabe aparecer nos momentos certos, dando ainda mais peso às cenas de ação e aos momentos mais emocionantes. A história também merece destaque. Apesar de ser dividida em campanhas menores, todas conseguem prender a atenção e mostrar diferentes perspectivas da guerra. Não é apenas um jogo de tiro, mas uma experiência que consegue transmitir parte da brutalidade e do impacto daquele período. A jogabilidade é excelente, embora exija um pequeno tempo de adaptação. No início estranhei um pouco a movimentação e o comportamento das armas, mas depois que me acostumei, o combate ficou extremamente divertido e satisfatório. No geral, Battlefield 1 Revolution entrega uma campanha memorável, gráficos impressionantes e uma jogabilidade muito divertida. Para quem gosta de jogos de guerra, considero um dos melhores da franquia e uma compra que vale muito a pena, principalmente em promoção. 🎨 Gráficos: 10/10 🎶 Trilha sonora: 8/10 📖 História: 9/10 🎮 Jogabilidade: 8/10 🏆 Nota final: 9/10"
229186714,8.683333333333334,True,0,"Modo história muito top, da pra sentir a emoção e os sentimentos dos personagem em cada história contada."
229107899,7.183333333333334,False,0,"É bem bonito o jogo tudo, porém a dublagem é horrível campanha bem simples só tem histórias de guerras senti falta da campanha ter uma história própria como no BF4"
229073369,200.18333333333334,True,0,"escolhi jogar com a classe de medico e escutei na minha cabeça a musica my way do frank sinatra, salvei mais de 50 aliados. JOGÃO DA PORRA"
220869150,96.63333333333334,True,0,"Após 94 horas de jogo, posso dizer com toda tranquilidade que Battlefield 1 é um excelente título. A ambientação é impecável, a jogabilidade continua divertida e desafiadora, e cada partida traz momentos únicos. Foi um tempo muito bem gasto e recomendo o jogo a qualquer fã do gênero. Meus parabéns à equipe pelo trabalho tão caprichado."
181886318,700.9333333333333,True,0,"O melhor Battlefield feito ATÉ hoje. Gráfico bem bonito pros dias atuais. Todas as armas muito bem equilibradas, fazendo com que a grande maioria seja usada (e eu digo isso para todas as classes). Mas o ponto chave desse jogo é a imersão, nenhum jogo te dá a sensação que esse jogo entrega, surreal, a sensação de avançar em algum ponto e toda as equipes se enfrentam ali, é tiro pra todo lado, é bomba caindo, é tanque atirando, é granada explodindo do teu lado, a dublagem MARAVILHOSA desse jogo, os personagens aflitos com a granada, gritando pedindo medkit, simplesmente ABSURDO. Um dos problemas desse jogo são as granadas, principalmente o molotov que é muito forte, e a granada de gás, que tu toma dano estando atrás da parede ou no segundo andar de uma casa. E o outro é o balanceamento das equipes, que é basicamente não existente, de 10 partidas jogadas, 7 são dominadas por uma equipe."
229004171,50.583333333333336,True,0,O melhor BF que tem. Os atuais não chegam perto dessa obra de arte
228996599,24.0,True,0,"É um jogaçooooo, recomendo muito. Sempre tem gente jogando, mas só avisando que vc vai morrer bastante no começo, pois não é um jogo fácil."
228981476,39.333333333333336,True,0,"Preço de promoção Top, jogo Top, online ainda tem servidores com uma galera e isso é Top. Você tem um PC fraco compensa bastante, de resto a minha experiência está do c-a-r-a-lho"
228908175,107.75,True,1,"Excelente experiência, tem os servidores online mais cheios e divertidos, além de um bom modo campanha e alguns dos easter eggs criados também são impressionantes e bem uteis para as partidas, com uma excelente mecânica. Até o momento, não tenho nada do que reclamar. Obrigado por essa obra de arte e pelo preço acessível"
228899865,57.86666666666667,True,0,"Melhor Battlefield na minha opinião, a gameplay é cinematográfica, os mapas e as armas são muito bons também!!"
228829350,7.666666666666667,True,0,"Battlefield 1 foi uma experiência divertida, principalmente pela campanha. Não cheguei a experimentar o multiplayer, já que jogos competitivos desse estilo não costumam me atrair muito, então minha opinião fica focada apenas no modo história. A campanha é dividida em cinco histórias diferentes e, pra mim, a qualidade delas variou bastante. Algumas me prenderam mais, enquanto outras foram um pouco menos interessantes. Ainda assim, no geral, a experiência foi positiva. A que mais me divertiu foi a última campanha. Poder avançar pelo deserto eliminando inimigos com um fuzil silenciado, sem que eles sequer soubessem de onde os disparos estavam vindo, foi algo extremamente satisfatório. Esse tipo de abordagem mais furtiva acabou rendendo alguns dos momentos mais divertidos do jogo para mim. Outro ponto que me agradou foi a duração. A campanha é relativamente curta, o que pode não agradar todo mundo, mas no meu caso funcionou muito bem. Em vez de se estender além do necessário, ela entrega sua proposta de forma direta e mantém um bom ritmo até o final."
228792961,102.65,True,0,"jogo muito bom, graficos incriveis e uma jogabilidade incrivel, o modo historia pra mim foi bem ruim ja que nao gosto desse estilo de campanha onde sao 6 historias diferentes, para mim pareceu mais um tutorial estendido doque uma campanha digna de battlefield, mas tirando a campanha o resto é muito bom, sou viciado em jogar nos servidores com guerras conquistas e tudo mais em geral o jogo é perfeito"
228790163,7.466666666666667,True,0,"10 anos se passaram e continua sendo o melhor jogo da franquia, não desperdicem seu tempo com os novos."
228780050,4.216666666666667,False,0,"Tive muitos problemas nas configurações de vídeos, mapear teclas, perdi todo o salve game da campanha e logo perdi a paciência...👎👎👎"
200683702,183.21666666666667,True,0,"Eu considero esse BF um dos ultimos bons jogos feitos pela DICE, o auge da franquia, consegue ser bom em tudo, desde a ambientação até a gumplay, de vez em quando fica em promoção, vale muito a pena"
228761844,3.5833333333333335,False,0,"O modo multiplayer é morto e a campanha achei bem fraca a história, mas pra quem gosta de qualquer jogo de tiro, é bom pra passar o tempo."
228718214,37.55,True,0,"Battlefield 1 me faz sentir que estou em uma guerra. O som das armas, a ambientação, os mapas, a trilha sonora e a sensação de impacto de cada eliminação são absurdos. Até hoje nenhum Battlefield conseguiu me entregar a mesma imersão que BF1. Quando acerto um headshot de sniper e escuto aquele som característico da eliminação, lembro por que continuo voltando para este jogo anos depois. Um clássico. 10/10. 🫡🎖️💥"
228713497,11.4,True,0,"Show O Jogo é bem curtinho e da pra zerar em um dia, é um otimo jogo."
228654501,7.45,True,0,"jogaço modo historia incrível momentos q os personagem morre deu vontade de chorar sabendo q como a guerra foi assustadora e mexe com o psicologico e a dores, muitos homems e mulheres morreram para salva o pais deles, mais nessa batalha nunca vai ser esquecid, mostra tbm como as trincheiras eram, das montanhas da itália, da froteiras da turquia, a neva brancas da rússia, território importates q os aliados conseguiram com o tempo......"
228648311,7.2,True,0,"Jogos muito bom, mas o modo campanha poderia ser maior"
228639731,183.33333333333334,True,0,"Excelente jogo, com ótimos cenários de época e boa jogabilidade."
228637801,181.78333333333333,True,0,"Esse game é o suco da guerra, gráficos perfeitos, destruição em massa, bombas e tudo mais!"
228625617,55.96666666666667,True,2,"Apesar de ter o jogo há anos, só agora percebi que não tinha feito um análise dele. Bom, o jogo é muito bom. Um game de 2016 com gráficos perfeitos pra época. A jogabilidade e os sons são bem imersivos, tantos das armas quantos dos veículos. O jogo realmente te traz pra dentro da guerra. Mesmo depois de anos o jogo continua com servidores ativos, mas isso e comum na comunidade dos BFs. Ps : recomendo pegar em promoção, algumas sai muito em conta. MInha nota para o game : 10/10. Jogo simplesmente perfeito !!"
228614106,634.3,True,0,"Até Hj (2026) um dos fps mais bonitos e imersivos que existe, um excelente jogo o ultimo grande BF."
228601608,38.5,True,0,"e tops dms, dps da 1234342534 partida vc começa a gostar"
228589185,70.48333333333333,True,0,"jogo desde a época que o Game Pass era 45 conto, de todos esse é o jogo de tiro mais imersivo que eu já joguei, ai o jogo ficou por 10 conto e não resistir."
228557919,43.36666666666667,True,0,"Battlefield 1 foi uma grata surpresa para mim. A ambientação da Primeira Guerra Mundial é simplesmente fantástica e ajuda a criar uma experiência diferente de qualquer outro Battlefield. Os gráficos continuam impressionantes até hoje, a trilha sonora é excelente e o trabalho de áudio durante as batalhas é absurdo de bom especialmente a dublagem em português. A campanha é divertida mas muita curta, nada de diferente aos jogos antecessores da franquia e consegue mostrar diferentes histórias da guerra sem ficar repetitiva. Já o multiplayer é o grande destaque, com partidas épicas, mapas muito bem feitos e momentos que fazem você se sentir dentro de um verdadeiro campo de batalha. Jogo bem desenvolvido e muito realista, entregou tudo o que prometeu."
228532282,12.033333333333333,True,0,"Cumpre o que promete, dentre todos os Battlefield que joguei esse é um dos mais pé no chão e balanceado tanto na historia quanto no Multiplayer excepcional ><"
228519003,23.85,True,0,"Melhor jogo de guerra que ja inventaram, jogabilidade, história, gráfico... Eu jogava no PS4, agora com PC o jogo ta perfeito demais!"
228507935,32.68333333333333,True,0,"jogaço, muito bom parece até cinema imersão muito melhor do que os outros bf, na minha opinião é melhor até que o bf 6"
228484028,2.783333333333333,True,0,"Mesmo sendo um jogo antigo, estou gostando bastante do modo história do mesmo!"
228469759,44.96666666666667,True,1,"Um dos melhores jogos fps, multiplayer bom, campanha bom, vale a pena gastar umas horinhas do seu dia nesse jogo!!!"
228457307,39.11666666666667,True,0,"jogo mto mto bonito, mecanicas mto boas, mecanica de veiculos otimas."
228453621,26.816666666666666,True,2,jogo morto da porra so tem servidor br de dia em pleno sabado 22:00 da noite e todos literalmente todos os servidores vazios nem servidor europeu tem player essa porra
228446799,166.31666666666666,True,6,"Mesmo sendo um jogo de 10 anos atrás continua tendo gráficos incríveis e cenas bem cinematográficas, mesmo no meio de partidas multiplayer!!"
228422075,443.3,True,0,10 anos se passaram e o jogo ainda continua fenomenal
228420261,415.06666666666666,True,10,"Ainda tô no começo, jogo só quando tenho tempo livre, mas o jogo é bom. quando eu jogar mais eu dou uma avaliação completa"
171071628,126.28333333333333,True,4,"Tem batalha, tem campo, é durante a 1 guerra 10/10"
228347529,16.7,True,1,"Esse jogo é daqueles que envolve o cara na historia, até agora achei bom pra caramba"
228259559,2.783333333333333,True,1,Jogo BASED! Pena que não me prendeu para jogar a campanha. O online é indiscutivelmente BASED. Muito bom. Joguei um pouco e gostei. 9/10.
228215941,39.28333333333333,True,0,"Muito bom mesmo, gameplay fluída e sensação boa ao atirar, comunidade grande e servidores lotados."
228154177,24.816666666666666,True,1,"jogo maravilhoso, merece sim 200 reais, muito bem feito, excelente. eu nao gosto de jogo de armas antigas mas a guerra ta absurda, grafico, trilha sonora, selokoo... so queria que atualizasse e colocasse as armas atuais só, nada de tecnologia"
209958662,54.71666666666667,True,0,"Simplesmente um dos melhores jogos de guerra já feito, com uma campanha muito boa e um multiplayer que se encontra com bastante jogadores até os dias de hoje e tudo isso junto de uma atmosfera e fidelidade histórica que te fazem sentir o ""peso"" da guerra. É realmente Impressionante como esse jogo envelheceu bem, conseguindo ser melhor do que a maioria dos FPS atuais."
228131029,339.71666666666664,True,0,"melhor battlefield, tem até pessoas de pele escura no exércitos alemão"
228071133,55.03333333333333,True,1,"Acredito que seja um dos melhores fps que já joguei, peguei no lançamento e mesmo com tantas criticas de publico eu gostei, foi o ultimo bf com atenção a detalhes e cuidado no desenvolvimento, principalmente ao estar atirando, pois simula como os canos da época eram imperfeitos e mudavam a trajetória do projetil o que muito criticado no lançamento porém não fez o jogo deixar de ser sucesso, e o game te faz realmente sentir que está em uma guerra, a terra subindo após uma explosão e por ai vai."
228035957,14.616666666666667,True,6,"é um jogo que ao perder não causa raiva como outros jogos de fps, roda muito bem em hardware modesto e é bonito mesmo em gráficos baixos"
227994894,43.65,True,0,"jogo muito bom, só tem que manter cada vez mais ele vivo"
227988556,106.51666666666667,True,0,"gostei do jogo, apesar de ser já mais antigo, continua sendo divertido."
227976078,52.5,True,0,"apesar de ter poucos servidores com players, ainda é um jogaço!"
227963602,17.283333333333335,True,0,"Nos faz pensar profundamente na selvageria da guerra, o que o ser humano faz para gerar o inferno na Terra. Tecnicamente impecável este game."
227923383,19.95,True,0,"Jogo bom com ótimos gráficos e uma historia excelente, mas por jogar com vários personagem em varias lugares diferente é meio estranho no começo mais você acostuma."
183221181,4.683333333333334,False,0,"Tem que baixar spyware da EA pra jogar, eu passo"
227865749,28.65,True,0,"Melhor jogo de guerra que já joguei . Campanha cinematográfica apesar de ser relativamente curta . Gráficos muito bons mesmo após 10 anos de lançamento, e multiplayer excelente com base jogadores ativa ainda"
227814965,29.05,True,5,"Battlefield 1 é aquele tipo de jogo que não só te coloca dentro da guerra, como te faz sentir cada detalhe dela. A primeira coisa que chama atenção é a imersão: explosões ao fundo, gritos, aviões no céu, zepelins despencando em chamas… tudo isso cria uma atmosfera incrível. Os gráficos são impressionantes e parece uma fotografia da Primeira Guerra Mundial. As armas são diferentes de ouros FPS que já joguei, a gameplay é o puro suco do caos, mas de um jeito extremamente bom, pois mostra a brutalidade crua da guerra. A destruição dos mapas é outro espetáculo. Você começa a partida em um cenário intacto e termina em um campo devastado, com cada explosão deixando sua marca. Isso dá uma sensação real do impacto da guerra. O arsenal e os veículos são incríveis também, e tem tanques, aviões, cavalaria, encouraçados, motos, barcos e até zepelins gigantes que, quando caem, criam um dos momentos mais épicos. No fim das contas, Battlefield 1 entrega uma das experiências mais completas e imersivas já feitas em um FPS na minha opinião. Vale cada segundo jogado e se você gosta de jogos de guerra, é praticamente obrigatório."
227666530,24.266666666666666,False,1,"Basicamente o jogo sempre crasha, fui feliz nas vezes que insistentemente eu entrei no jogo e por algum milagre ele funcionou, nao sei se é denuvo ou qualquer desgraça do tipo, mas basicamente entra no jogo, acha um servido e crasha"
227646247,117.78333333333333,False,0,"antes até poderia valer apena só que agora não recomendo porque só tem jogadro de sniper, tank e avião, ninguem troca tiro no jogo, não recomendo"
224484382,11.516666666666667,True,0,"As melhores campanhas são a do tanque e a do Lawrence da Arábia, na vdd até mesmo a campanha aérea conseguiu me prender apesar de eu não ser fã desse tipo de combate. Só um detalhe sobre essa do Lawrence, eu pensei que ia jogar com o próprio Lawrence na campanha, mas ao invés disso a gente joga com uma muié aleatória que faz parte do grupo dele, achei isso esquisito... Enfim, tanto faz, foi bom de qualquer forma. Esse bf é diferente pq é o único jogo de primeira guerra que eu joguei, tem muita arma diferenciada, veículos etc. A única coisa chata é que eu não consegui tirar screenshot com a steam de jeito nenhum, mesmo mudando as configurações de overlay no app da EA, só que como a plataforma é da EA nem da pra esperar grandes coisas. O método que eu descobri foi mudar pra opção janela sem bordas e usar o printscreen do próprio pc."
227601298,37.083333333333336,True,0,Clássico de guerras. Ótimo enredo com fatos históricos e os gráficos muito bem trabalhados !
227595965,6.75,True,2,"PRECISAMOS DE MAIS SERVIDORES BRASILEIROS, O JOGO TEM UMA IMERSÃO DIFERENCIADA, FAZENDO VOCÊ REALMENTE SENTIR QUE ESTA EM UMA GUERRA, SUPER RECOMENDO!"
139962226,1785.2833333333333,False,0,"sefude so passei raiva neese jogo, sistema de respawn quebrado tu nasce com o inimigo cheirando teu cangote, sem falar nos adm q n faz nada quando tem hack. E a merda dos servers da EA so caem."
227477291,83.1,True,0,"Ótimo jogo! A campanha apresenta diversos arcos e perspectivas diferentes da Primeira Guerra, tornando a experiência variada e interessante. O multiplayer conta com diversos modos de jogo e mantém uma base de jogadores sólida até hoje. A ""platina"" é divertida de fazer, embora tenha alguns troféus bem chatinhos de conquistar."
227433284,39.93333333333333,True,0,"Jogo bom, porém o bug do erro 1 para entrar em partidas com os amigos me frustra bastante."
227409710,176.11666666666667,True,0,"um jogo que envelheceu muito bem, mas algumas vezes o jogo nao conta os tiros que damos, neste quesito ainda erra muito. mas é muito bom"
227374305,32.3,True,0,"Bom com certeza não é dos meus BFs mais queridos, um dos q eu menos joguei na vida. De todas as vezes que peguei pra jogar minhas críticas são sempre as mesmas. Multiplayer: Apesar de todos os mapas terem uma temática e imersão foda, a “trocação” de tiro desse jogo n é boa, tirando as snipers principalmente. Dá pra entender o pq disso pela época q o jogo se passa, mas n deixa de ser uma crítica. O ponto positivo do multiplayer, como já comentei, é a imersão dos mapas. Uma observação, as conquistas do multiplayer foram totalmente “patrocinadas”, se n nunca teria conseguido a platina kkk Modo história: Aqui onde o jogo se destaca pra mim e subiu a nota pra um 4, essa imersão dos mapas do multiplayer segue e até aumenta. Todos os capítulos se não tem uma história q te pega, pelo menos são divertidos na forma q te deixam jogar, uma hora vc está num tanque, outra tendo que pilotar um avião. Talvez minha única crítica seria q eles podiam ter feito menos capítulos e ter feito histórias maiores."
227364938,31.8,False,0,"so o historia e bom o online e uma bosta, nao comprem"
227348902,37.6,True,0,"Na minha opinião, é o Battlefield mais imersivo da franquia. Os efeitos sonoros são incríveis e as armas, muito interessantes. Só faltou algum personagem no modo campanha que lutasse pelo lado das Potências Centrais"
226212360,36.65,True,3,jogo me deu PTSD sem ter ido na guerra e é o unico game de terror psico sem ter marcaçao de terror psico
227173389,192.8,True,0,"Battlefield 1 não é apenas um jogo sobre a Grande Guerra; é uma pintura a óleo em movimento sobre o fim da inocência do mundo. Onde outros títulos buscam o heroísmo plástico, a obra da DICE abraça a brutalidade lírica. o jogo abdica do ""super-soldado"" para dar voz aos esquecidos. Storm of Steel, o prólogo, estabelece o tom sagrado da experiência: você não foi feito para sobreviver. Na campanha, cada morte não é um recomeço, mas um epitáfio. Uma data de nascimento, uma data de morte, um nome fictício que carrega o peso de milhões de vidas reais ceifadas antes de florescerem. É o jogo pedindo um minuto de silêncio no meio do próprio tiroteio. No multiplayer, ver dezenas de soldados correndo em direção às trincheiras sob a fumaça de gás mostarda, enquanto gritos de carga ecoam pelo vilarejo em ruínas, evoca um sentimento primitivo de camaradagem e terror. Quando o Zepelim surge entre as nuvens ou o Trem Blindado racha os trilhos, o jogo ilustra a tese de que a tecnologia havia se tornado maior que o próprio homem. Para finalizar, o jogo triunfa porque compreendeu que a Primeira Guerra Mundial foi o momento exato onde o romantismo da cavalaria foi esmagado pela engrenagem da indústria. BF1 é uma elegia visual. É violento, é frenético, mas acima de tudo, é assustadoramente belo. Uma obra que nos lembra que, sob o fogo de artilharia, todos os homens choram no mesmo idioma."
227172109,23.416666666666668,True,0,"comprei em promoção pra jogar o modo história e tentei jogar o multiplayer mas por ser um jogo velho já de 10 anos atrás não tem muitas pessoas no online mas se você tem interesse em jogar pela campanha ela é curtinha da pra fazer bem rápido, não vai mudar sua vida nem nada do tipo mas é legalzinho"
227160676,12.95,True,15,"Game muito bom! Dublado em PTBR jogando com fone, da uma imersão muito bacana no jogo."
227058752,206.23333333333332,True,0,jogo bom mas poderia ter mais bugs pra ficar mais engraçado
227014311,50.733333333333334,True,0,"foda, melhor bf ja feito, n essa bosta de bf6 tudo torto e o jogo n flui"
226992062,11.216666666666667,True,0,É normal sentir uma vontade de ir para a Ucrania após jogar BF1? me aguarde Putin
226984106,7.616666666666666,True,0,"Muito bom jogo! Relembrar um pouco da primeira guerra mundial foi prazeroso, obviamente porque estou no conforto da minha casa. Mecânica paia, mas a história e os gráficos são excelentes."
226879093,105.4,True,0,"Jogo top, melhor beto filho que existe, pena que tem a porra do cavalo forjado com alma do capeta alado."
221383796,8.316666666666666,True,0,Jogasso! Campanha e multiplayer são muito bons. Servidores ativos até hoje e pau torando em todos eles.
226806677,3.1166666666666667,True,0,"meio bugado na hora de logar a conta da EA, porém em quesito otimização do game eu achei lindo..."
226799256,224.71666666666667,True,0,"Nunca vi um jogo de primeira guerra com tantos detalhes, realismo e imersão que fosse online para propor o ambiente de caos e terror que foi a WW1. O nível de carinho com que a DICE fez cada mapa, animação de personagem e história do modo campanha foi insano, não tem como você jogar e não se interessar pelo menos um pouco pela Primeira Guerra Mundial. E o foda mesmo é que mesmo anos após o lançamento, muitos servidores alugados continuam lotados mostrando como esse jogo foi tão recebido pela comunidade BR, diferente do seu sucessor Battlefield V. Eu peguei em promoção, e recomendo que também faça o mesmo, até mesmo o valor é um pouco salgado até demais."
202679165,130.65,True,5,"Jogaço! imersivo, ótimos gráficos e jogabilidade, que jogaço! o melhor BF já feito em minha opinião. Tenho mais de 1.900hrs pela EAapp, comprei na steam devido a promoção. Excelente!"
226740625,29.816666666666666,True,0,"Jogo insano dmais, melhor jogo de guerra em que se passa em uma guerra antiga com muita ação, uau"
226726827,89.65,True,0,"Um dos melhores jogos FPS que já joguei, e é muito bom ver um jogo ambientado na Primeira Guerra mundial já que a maioria dos jogos do gênero quando vai adaptar alguma guerra histórica quase sempre escolhem a segunda guerra, mesmo após quase uma década de seu lançamento ainda tem servidores cheios, mas apenas em modos e mapas específicos."
226674036,103.41666666666667,False,1,"armas chechelantas, uma pior que a outra, você disputa pela menos ruim."
226663145,1418.75,True,0,"jogo muito bom, roda bem e muito gostoso de jogar"
226654205,4.866666666666666,True,0,"bom pra krlh, comprei pra rejogar e é muito pika"
226576419,22.233333333333334,True,0,"O melhor bf já feito. Imersivo, bonito e muito mais"
226433183,15.216666666666667,True,0,"Estou igual o Thomas Shelby depois de jogar esse game, de tão imersivo que isso é"
226414010,63.93333333333333,True,0,comprei na promoção e sem sobra de duvidas foi uma das minhas melhores compras na steam
226349813,16.833333333333332,True,1,"Na minha opinião esse Battlefield possui uma das se não a melhor campanha dentre os BFs que eu pude jogar, uma pena que a EA esteja a frente do projeto, logo, obviamente a conta que eu tinha no PS4 level 90 não foi transferida pra Steam mas faz parte, sempre um prazer revisitar esse jogo O la vittoria, o tutti accoppati!"
226348425,5.65,False,0,"O jogo é maneiro. Bem feito. Tem uma ambientação incrível. PORÉM Não conecta, diversas vezes tenho que entrar umas 5 ou 6x para poder conectar. Os servidores disponíveis são raros, depende de sorte pra achar players ativos."
226339147,164.5,True,0,"Comecei a jogar somente em 2025, mas é um jogasso"
226338150,12.666666666666666,True,0,"> abro battlefield 1 > primeiros 30 segundos: > explosão > gás tóxico > cavalo > um alemão voando > música cinematográfica absurda > morro atropelado por um trem Esse jogo não é um FPS, é literalmente um documentário de guerra dirigido pelo Michael Bay. Nunca me senti tão épico morrendo de maneiras completamente humilhantes."
226337075,6.816666666666666,True,2,"muito bom fui jogar pq tava entediado, terminei com trauma de guerra 10/10"
226311200,28.816666666666666,True,3,"De fato um dos jogos já feitos, muito imersivo e mantém aquela experiência clássica de jogar Battlefield. Depois do BF4, esse é o segundo dos meus BFs favoritos!"
226270580,9.216666666666667,True,0,"Jogo que se passa no que seria a guerra para acabar com as guerras. Vale jogar tendo o contexto histórico em mente. Gameplay boa, foi divertido e me entreteu. Recomendaria."
226269866,25.383333333333333,True,0,Um dos melhores BF que joguei . graficos de cinema e trilha sonora nem se fala.
226262281,30.333333333333332,True,0,"O jogo tem uma jogabilidade incrível, a trilha sonora excelente"
226186942,3.533333333333333,True,0,"eu jogo mais pela campanha do que pelo multiplayer, mas, meu pai, que jogo bom do cacete"
226184260,31.483333333333334,True,0,"Como pode um jogo lançado em 2016 ter tantas pessoas jogando o online ativamente, dito isto jogo muito bom pra se experenciar ser um soldado na guerra."
226149586,25.383333333333333,True,0,"jogo bom, apenas. como posso falar mal dessa obra prima da 1 guerra mundial?"
226105653,18.616666666666667,True,0,"bom pra caramba, melhor bf ate hoje e bbb: bom, bonito e barato. Melhor que bf4"
226078941,1266.95,True,0,"Se não é o melhor, está entre os melhores Bfs já feito."
226046088,103.13333333333334,True,5,"A primeira coisa que impressiona é a imersão. O som das explosões, os gritos ao fundo, a lama, os dirigíveis caindo, os aviões cruzando o céu… tudo faz você sentir que está no meio de uma guerra gigantesca e desesperadora. Muita gente da comunidade ainda considera Battlefield 1 o jogo mais atmosférico da franquia. 😍😍😍😍"
226036668,8.85,False,10,"porra é essa n da pra jogar esse jogo fora de promoção não. Só sobra os tarados, toma tiro de todo lugar dessa porra e vc nem ve da onde, os caras tudo camperando agachado tacando granada q so a porra vc mata 1 pra morrer 4x seguida pra cara q vc nem ve, agora ta explicado pq os caras voltam da guerra traumatizado como q tanka essa desgraça"
225961339,7.6,True,0,"# Análise: Battlefield 1 (2016) Eu comprei ele aqui na Steam e joguei bem pouco, ali na casa das 10 horas, mas isso foi porque eu já tinha jogado esse jogo demais lá no Xbox One. É um game que me prendeu muito, cheguei a ter mais de mil horas nele. Eu gosto bastante, o multiplayer era fenomenal e a escala de destruição era muito boa. Aqui a Dice e a EA acertaram bastante, foi um golaço. Na época, esse cacete de jogo era f***, e até hoje os gráficos dele são surreais de tão bons, uma parada muito f*** mesmo. ### 1. Campanha Curta, mas com Puta Imersão Histórica O modo campanha é muito legal. Mesmo sendo muito curto, ele funciona dividindo a narrativa em ""Histórias de Guerra"", contando os conflitos da Primeira Guerra Mundial sob diversas perspectivas diferentes (como a de um piloto, um motorista de tanque ou um combatente na Itália). É muito legal de você ver e jogar, porque te joga direto no clima pesado e brutal daquela guerra, com uma imersão que poucos jogos de tiro conseguiram atingir até hoje. ### 2. O Problema Atual dos Servidores Infelizmente, por ser um jogo de 2016, hoje ele está bem dizer quase morto no cenário nacional. Você praticamente não vai encontrar servidor brasileiro ativo para jogar de forma nativa. Para conseguir curtir o multiplayer hoje em dia, você vai ter que jogar em servidores ♥♥♥♥♥♥♥ (americanos ou europeus) e vai passar um pouco de raiva com os pings mais altos. É o preço que se paga por ser um título mais antigo, mas a gameplay raiz dele ainda continua excelente. ### 3. Progressão e o Custo-Benefício do Pacote Completo A progressão do jogo é muito legal e te instiga a continuar jogando para liberar as armas e variantes. O melhor de tudo é que geralmente a promoção que fica disponível na Steam é a do pacote completo (*Revolution*). Então, pegando essa versão, você não vai ficar muito desamparado em questão de armas, mapas extras e conteúdos de DLC, já vindo com tudo liberado para você testar. ### Conclusão *Battlefield 1* é uma obra-prima técnica que envelheceu como vinho. A atmosfera de guerra real, o som dos tiros e explosões e os gráficos impecáveis dão um banho em muito jogo moderno. No preço cheio não compensa por conta da escassez de servidores locais, mas ele vira e mexe entra em promoção e já chegou a custar até 20 reais. Por esse valor, compensa demais você comprar para poder pelo menos jogar a campanha e relembrar um pouquinho desse que foi um dos melhores momentos da franquia!"
225884021,3.2666666666666666,False,0,"Mas que jogo lixo, meu deus, isso nem pode ser chamado de Battlefield, que o infeliz que concebeu essa porcaria tenha a mãe possuída por 369 demonios surubeiros"
225881385,20.733333333333334,True,0,"baita de jogo, nunca tinha jogado quando joguei pela primeira vez fiquei impressionado."
225822643,50.85,True,0,"Apenas joguem, uma obra de arte o que fizeram com o BF 1!!"
225817845,10.783333333333333,True,0,"simplesmente jogao, melhor jogo com ambientaçao em mapas mais incrivel que ja vi, jogo e simplesmente cinema"
225808723,102.05,True,0,certamente o melhor jogo de guerra que ja joguei na minha vida
225759792,11.85,True,0,Consegue ser melhor que os atuais... imersão surreal que esse jogo traz; e por um preço simbólico. Recomendo.
225599397,6.4,True,0,"Nota 88 Opinião de quem não se importa com multiplayer e so jogou a campanha: o jogo se passa na primeira guerra mundial, e é dividido em algumas pequenas campanhas com começo meio e fim, eu gostei muito de todas as campanhas, algumas são mais elaboradas que outras mas no geral sao todas boas, o gameplay é muito realista com destruição de cenarios com graficos e narrativa excelentes, comprar so para jogar campanha certamente não vale o valor cheio, mas em promoção steam a 10 reais que eu paguei bale muito a pena, o ponto fraco é o denuvo que as vezes compromete o desempenho no inicio das fases."
225531736,11.533333333333333,True,0,"História surreal, apesar de ser um modo campanha curto, contextualiza historicamente e faz você realmente se sentir na guerra. Muito imersivo, 10/10"
225519968,151.01666666666668,True,0,otimo jogo até hoje um dos melhores fps de guerra antiga
225498061,123.53333333333333,True,0,"imersão na guerra (não que seja legal ,mas como se estivesse dentro de um filme) isso que defino os dois jogos BF1 E BF6!"
225486078,109.35,True,0,"Simplesmente guerra total! Um FPS arcade bem construído. Sobre as características de Battlefield todo mundo já conhece. O modo Operações é um dos modos mais bacanas que já joguei em algum jogo. Todo mundo para pra olhar o dirigível caindo. Digno de cinema! O ponto forte de BF1 é a imersão. Lama, aço e morte são os pontos centrais dos cenários em que você lutará nesta guerra maldita. A emoção de avançar em onda ao som de apitos com gritos de guerra e uma baita música de fundo no modo Operações é realmente encorajadora, até tudo ser trocado por metralhadoras inimigas, seus companheiros morrendo e artilharia de gás e toda a coragem se dissipa em horror. As campanhas são excelentes, gameplay fluída, gráficos ainda atuais, soundtrack impecável e sonoplastia de primeira linha. Apesar de ser um jogo de guerra, as maiores mensagens passadas por esta obra na realidade são anti-guerras. Não há glória aqui. Somente sobrevivência! Obs: jogar de avião com um amigo é muito massa kkkk"
225444613,11.4,True,0,"melhor bf, em minha singela opiniao, historia muito boa curta, a imersao desse bf, e sem comentarios de boa slk no multiplayer. apenas jogue e se divirta."
225437132,90.13333333333334,True,0,"Experiência muito boa. Concorrente a melhor BF mesmo pra quem não é chegado em primeira guerra mundial. Tem servidores até hoje e a história singleplayer é boa também. Em performance, rodou a 60 fps com tudo no mínimo em um Acer Aspire 5. Único ponto negativo é a falta de um modo local com bots como em jogos da franquia COD e como nos BF's antigos."
225432010,12.783333333333333,True,0,"A otimização deste jogo é incrível, mesmo com tudo no máximo nenhuma queda de frames, até mesmo em explosões; o jogo também é muito divertido e a dublagem é formidável, com certeza um dos melhores jogos da saga Battlefield."
225423370,144.73333333333332,True,0,"Uma experiência inigualável O estresse pós-traumático de guerra é uma consequência psicológica de quem vive situações extremas e repetidas de ameaça à própria vida: explosões, mortes ao redor, medo constante, tensão permanente e a sensação de que o perigo pode voltar a qualquer momento. Mesmo depois do combate, essas experiências podem continuar afetando a mente, como se a pessoa ainda estivesse presa naquele ambiente de guerra . E foi isso o que aconteceu com a minha, eu ainda escuto os cavalos vindo me atropelar, tiros de foguete AT, o som ameaçador do Zeppelin no céu, a sirene do trem blindado, o chiado do gás mostarda e soldados gritando como se houvesse uma briga de família no cômodo ao lado . Acho que fazer os 100% do jogo não seria tão contagiante caso não houvesse essa trajetória analógica histórica cinematicamente adaptada. Mesmo que platinando o seu sucessor no console (BF5), não me tenha gerado nem 1% dessa sensação (apesar de também ser um ótimo game). Dito isso, aprovadíssimo! 10/10 ."
225421616,132.61666666666667,True,0,"Battlefield 1 continua sendo a maior experiência de guerra já criada. É o jogo ideal para quem quer chegar em casa após o trabalho e mergulhar em uma atmosfera épica. O design de som e os gráficos são de outro mundo — uma verdadeira obra de arte digital. É o ""jogo de cabra macho"" definitivo: bruto, intenso e extremamente satisfatório. Essencial para qualquer fã de FPS."
225392440,59.36666666666667,True,0,"Battlefield é clássico e, pra mim, lendário. Minha história com esse jogo é sentimental. Quando eu era bem novo, não tinha a mínima condição de ter um computador mais forte (coloco assim porque nem me lembro se o termo “gamer” já era tão usado na época). Então, eu ia pra casa dos meus primos ficar assistindo eles jogarem Battlefield: Bad Company 2 e, posteriormente, Battlefield 3, que tinham acabado de lançar. Vez ou outra, eu esperava meu primo sair pra trabalhar pra jogar escondido, kkkkkk. Eu chegava até a fazer arma de papel pra fingir que tava jogando Battlefield 3. Fui ter meu próprio computador só uns 10 anos depois, e Battlefield 1 foi o primeiro Battlefield que realmente joguei. Monstro demais (e não digo isso só pela nostalgia). Precisei me desfazer das minhas coisas há pouco tempo e tô voltando agora. Esse foi o primeiro Battlefield que comprei de novo, pra zerar mais uma vez."
225386664,267.8833333333333,True,0,A imersão desse jogo é surreal você se sente realmente na primeira guerra mundial.
225319631,21.316666666666666,True,0,"Jogo é maravilhoso, vai envelhecer bem como a grande parte dos batllefield, modo campanha perfeito, dublagem, historia, jogabilidade e gráficos são incríveis, para quem é fã de FPS ou de guerra esse é o game."
225307967,37.78333333333333,True,0,"Aqui vai minha experiencia nesse jogo: Nasci, andei e morri (Isso se repete umas 50 vezes) jogaço muito bom super recomendo pra pessoas que curtem uma WW1, se pegar o jeito você vira imparável no jogo, recomendo quer e novo no jogo começar de sniper e sempre mudar a localização"
225287217,11.566666666666666,True,0,"Jogo mt bom, vc literalmente sente que tá em uma guerra. O melhor jogo de tiro que já joguei"
225282720,9.45,False,1,"Há poucos jogadores novos atualmente, mesmo após a promoção que fez o jogo ficar por menos de 10 reais; a maioria das partidas é composta apenas por jogadores antigos, já com armas muito superiores desbloqueadas. Isso acaba tornando a experiência difícil para iniciantes, principalmente porque as armas iniciais são apenas medianas ou até abaixo disso, fora que os maluco simplesmente sabem os ""spots"" perfeitos pra te acerta lá do quinto dos inferno. Outro ponto complicado é encontrar servidores com boa conexão, especialmente para jogadores brasileiros. A maior parte dos servidores disponíveis possui ping elevado por serem estrangeiros, e raramente há servidores brasileiros abertos. No geral, o jogo é interessante para quem deseja ter uma experiência de Battlefield, principalmente porque o BF1 possui gráficos extremamente bonitos. Porém, além disso, considero a jogabilidade apenas mediana. Em vários momentos, parecia mais um Call of Duty, já que os jogadores se abaixam, deitam, correm e atiram em movimento com extrema precisão, sem praticamente perder o ângulo dos disparos. No fim, achei um jogo legal apenas para passar o tempo (de 30 minutos a 1 hora)."
225243859,115.51666666666667,False,0,"UM LIXO!!! CHEIO DE HACK E O DANO DAS ARMAS TERRIVEIS DE RUIM. Se a arma da muito tiro não acerta nada e o dano é fraco,não faz sentido uma metralhadora ter menos dano que uma pistola,e os cavalos PQP os cavalos desse jogo e o auge da carniça não morre nem por reza,as classes esqueça só presta assalto e suporte médico armas horriveis só uma é boa e é propositalmente dificil pra desbloquear em qualquer classe mas médico supera. Coincidentemente você pode pagar pra desbloquear as armas sem dificuldade será que é intencional SERA? Outro jogo com uma gama de armas que vira cod,milhares de armas pra terminar brincando de sub-metralhadora cheirando o fucinho do outro."
225240654,40.516666666666666,True,3,"Multiplayer - nasci em um mapa aberto = guerra de sniper Nasci em mapa fechado = Guerra de escopeta Nasci em um mapa misto = Avião acabando com o game Nasci = Guerra 100% Fiel, recomendo Campanha = varias historias cativantes e envolventes"
74638558,86.56666666666666,True,0,"Nem parece que foi uma empresa AAA que fez isso, o jogo é otimo, só acho que duraria mais se não tivesse mais 4 depois desse, que bom que não mudaram tanto e se manteram fiel a data.. só acho que a campanha é curta de mais e a ia poderia ser melhor.. mas tirando isso ta otimo ate hoje."
225228225,3.95,True,0,RAHHHHHHHHHHH GIVE EM STEEEELLLL!!!!! oh the bayonet charge is over
225174690,27.283333333333335,True,0,"o jogo em sí é muito bom, mas hoje em dia faltam jogadores nos servidores o que, dependendo do horário e modo, te impede de jogar"
225171886,9.433333333333334,True,0,achei o jogo maneiro pra mim o melhor BF mas senti que faltou um protagonista do inicio ao fim e não que ficasse trocando a cada capitulo mas tirando isso o jogo e lindo e cheio de cenários bonitos nota 8
225169466,11.866666666666667,False,1,"chato, repetitivo e o online foi completamente moggado. Não há peso de protagonista nenhum,"
225165879,20.1,True,0,"Honestamente um dos meus jogos favoritos, ótima base de players, gráficos bons, otimização ótima e bem divertido"
225155281,70.25,False,1,"cheio de xitados q ver na parede ou de aimbot nah, pra quem jogou na época devia ser um prato cheio, o jogo em si é legal e tem realmente uma ambientação bem bacana mas oq ferra a experiência é as pessoas mal intencionadas, vai ser sempre o tipo de comunidade q tá lá não importa qual jogo é, isso acaba com o próprio jogo, hj mal tem servidor e os q tem é tudo dos falsos pro player q te acerta lá na pqp sem te ver, os tanques e os aviões automaticamente só vão atrás de vc e é 100% preciso pra te matar, os Spawn sãos os piores tb, na hora q vc aparece eu juro kkkkk na hora q vc aparece em menos de 1 segundo tem um tank ou um sniper te acertando."
225153988,48.483333333333334,True,0,"Que delícia de jogo. Melhor BF, sem sombra de dúvidas!"
225150575,13.066666666666666,True,0,"Jogaço, sem dúvidas. Recomendo a todos, o modo campanha dispensa comentários e o modo multiplayer ainda tem bastante gente jogando. E é o puro caos."
225148190,14.616666666666667,True,0,"Recomendo pra caralho, desenvolvimento de história incríveis, gráficos impecáveis e o online é perfeito. Nada a reclamar."
225132693,32.266666666666666,True,0,"Jogo 100% de boas. Jogabiíade inteésanti, entretanto a bosta da minha makina estar bugadu. Esa bosta de diekt x.. Recomendo, mas já isolei."
225071947,7.183333333333334,False,0,"--O JOGO É BOM ,FALTA PLAYERS MESMO SEMPRE ESTANDO EM PROMOÇAO , O PROBLEMA É A GANANCIA DE VENDER JOGO NOVO MATANDO O ANTIGO . GANANCIA PRECEDE A QUEDA !"
225066694,18.2,True,0,"JOGO BASED, SO A HISTORIA QUE N CURTI MUITO MAS O MUTIPLAYER E MTT BOM"
225048688,45.4,True,0,"gostei mo fi, só é paia entrar na partida pq demora mto"
225003589,10.766666666666667,False,2,"EU ODEIO OS CORNO DE SNIPER EM CIMA DO MORRO DO OUTRO LADO DO MAPA, ELES MERECEM SER ESTUDADOS"
224994021,89.08333333333333,True,2,"não tem como! melhor BF de todos senhores! migrei do V(5) para ele e no início eu odiava, mas com o tempo comecei gostar mais dele!!! ainda acho melhor jogar de Medico e Sniper no V(5), porem jogar de Assalto ou Suporte aqui! é magnífico! morrer e deixar uma mina no chão para o inimigo e ele cair, da um t3sã0 repentino, ou desviar das balas do tanque e explodir ele! put@ que pariu! BF1 definitivamente é o ponto G de todo homem que joga"
224980944,15.233333333333333,True,5,"Umas das experiências mais imersivas que já tive em um jogo de guerra. A ambientação da primeira guerra guerra mundial foi muito bem feita, e o multiplayer continua muito bom mesmo depois de anos. Um dos melhores FPS já feitos!"
140978417,233.3,True,0,"É um jogo baseado na primeira guerra mundial e como tal, toda a atmosfera gira em torno do evento histórico, com destaque para os armamentos, acessórios, veículos, aeronaves, vestimentas e campo de batalha. Esse é um dos melhores jogos de FPS baseados em guerra na minha opinião e logo explico: O jogo tem uma capacidade de imersão fora da curva, não há como dizer que você não se sente numa verdadeira guerra (guardada as proporções). Não conheço um game que chegou perto do BF1 nesse quesito, o trabalho que foi feito na sonoplastia é digno de premiações. No entanto, nem tudo são flores. Pode-se destacar a falta de ""update"" (falta de acessórios, personalização) das armas como um fator negativo o que afeta um pouco no incentivo para jogar, pois as armas são exatamente as mesmas durante toda a evolução do jogo. Nada de desbloqueio de acessórios com a evolução de experiência/patente do jogador. Quanto aos gráficos, só posso dizer: Uma verdadeira obra de arte. Poucas franquias conseguiram essa proeza, podendo destacar o Red dead redemption 2 como exemplo. Não verifiquei bugs ou travamentos na minha experiência. O que me salta os olhos positivamente é como a DICE conseguiu fazer um jogo com gráficos tão bons (para a época) sem ser tão pesado e precisar de uma super máquina para jogar. Infelizmente isso é o que falta hoje em dia. Para os próximos battlefields acredito que se a empresa dedicasse o mesmo empenho que dedicaram ao BF1 certamente teríamos um jogo tão bom quanto o BF1, (o BF2042 nem conta por razões óbvias rsrs...). Enfim, recomendo que joguem o jogo, embora seja um jogo um pouco datado e hoje em dia não tenha uma comunidade gigantesca, ainda se consegue encontrar servidores BR que estão ativos principalmente a partir das 23h. Joguem e tirem as suas próprias conclusões, eu super recomendo. Ah! e só comprem na promoção."
224962271,11.5,True,1,"Sou médico, fui curar meu aliado em uma trincheira e a cabeça dele explodiu, 10/10."
224935005,26.35,True,0,Depois de 10 anos voltei a jogar esse jogo que simplesmente é uma obra prima! VAI CORINTHIANS!!!
224932682,10.8,True,0,EU SOU SUSPEITO DE FALAR PARA MIM AINDA MELHOR JOGO SOBRE A PRIMEIRA GUERRA E GRAFICOS NEM SE FALA ALGUNS BUGS MAS NORMAL .
224894115,7.383333333333334,True,0,"Jogo lindo, boa gameplay, bons gráficos e uma boa forma de contar história."
224889679,0.4166666666666667,False,1,"Estou fazendo essa análise ruim porque queria muito jogar o BF1 mas ele fica dando aquele erro de driver 0.0.0 porque meu pc é da AMD. Não consegui nem abrir o jogo. Eu tentei de tudo, desde usar o DDU até mudar o registro no sistema e nada deu certo. Vou manter o jogo na biblioteca na esperança dele consertarem isso um dia. A520M-A Pro RX 9060 XT Ryzen 5600GT 32GB de Ram"
224867532,11.883333333333333,True,0,"Super bem otimizado, modo online gigantesco, o modo campanha tem umas missões chatas mas ainda sim é bacana, jogo bom demais"
224862334,1.5666666666666667,True,0,"Jogo bom p krl , porém o combate n é meu favorito, prefiro guerra moderna"
224847768,9.45,True,0,o jogo me ensinou o quão traumático é na guerra :) 10/10
220797925,1.2166666666666666,False,2,"Acho impressionante essas empresas fazer um launcher tão péssimo onde nada funciona Melhorei meu pc e comprei na promoção de novo, o problema é no jogo mesmo, uma pena, mas de uma empresa ruim como a EA ninguém espera nada, os servidores te tiram em menos de 5 minutos e não tem como resolver e não existe suporte, esse jogo n vale nem os 9 reais da promoção e talvez nem de graça pq ele não funciona mesmo"
224840347,6.6,True,0,"Jogo excelente, modo campanha emocionante e com boas histórias, servidores cheio, um dos melhores da franquia, o único defeito desse jogo é ser da EA kkkk"
224829425,24.65,True,0,"O melhor BF já lançado, mesmo depois de 10 anos, esse jogo continua incrível e lindo. A imersão desse jogo é ridícula de espetacular, se tivesse como jogar com VR, eu ia pensar que tava na guerra mesmo."
224801937,10.3,True,0,"Peguei em um desconto absurdo então valeu muito a pena. Apesar de ser um jogo consideravelmente antigo e estar cheio de pessoas de nível muito alto que te matam como se não fosse nada, é bem fácil se divertir no jogo, principalmente se jogar com amigos. Se vc é uma pessoa que gosta do estilo de guerra com um certo realismo, BF1 ainda é uma ótima escolha de jogo"
224800277,32.21666666666667,True,0,"Muito bom, ainda mais pelo precinho que paguei: R$9,95! Era melhor terem dado de graça, jogão!"
224798711,90.88333333333334,True,0,"Melhor Jogo de Guerra feito, junto com Hell Let loose"
224779728,20.45,True,0,"Jogo que envelheceu muito bem, tem uma imersão em guerra muito boa."
224755135,9.716666666666667,True,1,um dos melhores jogos que eu ja joguei na minha vida sem cao
224733454,1.9,False,1,"Parece ser um bom jogo, mas nem pude ter uma experiencia pq toda hora o jogo pedia pra eu conectar, não achava jogo, quando achava era operação só com fuzil bolt action(achei chatissimo dps de 2 partidas), a lista de servidor é toda esquisita as vezes aparecia servidor com player e as vezes sumia e só aparecia servidor vazio, vo deixar recomendação negativa só pelo estresse mesmo pq nem consegui jogar"
224721493,27.833333333333332,True,0,"jogo que envelheceu como vinho muito bom, parabens aos envolvidos"
224720877,443.9,True,2,"Pra quem não sabe, ele foi lançado depois do BF4 (o número 1 faz parecer que ele é o mais velho, mas não é)"
224719886,9.733333333333333,True,2,"que game foda, tava acostumado com a campanha dos bf anteriores e esse da muito mais liberdade no mapa, os graficos são lindos, o melhor bf na minha opinião."
224697221,6.65,True,0,"MUITO REALISTA, VOU ME SERVIR NO EXERCITO SO PARA JOGAR EM RP"
224688522,522.9666666666667,True,0,"Mesmo sendo antigo, ainda é bem atual. Melhor bf que ja joguei"
224687405,2.6166666666666667,False,1,"O jogo até que é bonzinho no papel, mas é o tipo de jogo q tu só clica se tem mais de 100h, dificil tu gostar do pvp se tá começando agora. N curti muito a campanha, fora q a dublagem n tá lá essas coisas 3/10"
224684501,4.1,True,0,"Jogo incrivel, sem duvidas uns dos ou se nao o melhor jogo de guerra da historia, modo multiplayer é perfeito, claro que se voce for ruim que nem eu vai ser diicil matar players, mas é sem duvidas perfeito."
224673910,39.5,True,0,melhor bf que joguei comprem muinto bom mesmo bem realista
224644207,12.7,True,0,so nos primeiros 67 segundos eu ja me emocionei de jogar esse jogo
224631144,1.5333333333333334,True,0,"Esse jogo deixa qualquer marmanjo com os olhos bem molhadinhos. O jogo é inteiramente absolute cinema. Eu, que sou um camperzinho filho da mãe, adoro jogar de sniper nesse jogo! Além disso, se a partida for em mapa de campo aberto e o time adversário for profissional, você pode andar igual uma minhoquinha na lama para flanquear os inimigos e atacar por trás - ou conquistar os objetivos atrás dos inimigos. Já ganhei muita partida assim. Jogo 10/10"
224626660,17.233333333333334,True,0,"Pelo preço da promo de 10 real vale a pena demais. Atualmente, só perde pro 6."
224624067,0.8666666666666667,False,2,Não da pra jogar com amigos pq a interface de convite base da EA é uma BOSTA
224580776,74.53333333333333,True,0,"Esse jogo é simplesmente absurdo de lindo, campanha insana com muita variedade de missões, multiplayer top, imersão muito boa, trilha sonora nem se fala, esse envelheceu bem demais mesmo"
224570856,31.3,True,0,"Para mim é o segundo melhor BF. Extremamente divertido e satisfatório, ainda mais no modo com 200% de dano nas armas."
221305464,23.35,False,0,tmnc anti cheat desgracado n deixa eu abrir o jogo
224533895,11.25,True,0,"Esse jogo é adrenalina pura! Muita coisa acontecendo, Muito tiro, muita explosão, muita gente gritando kkkk é maravilhoso kkke ainda com estes gráficos lindíssimos!! (2016 ein! sksks) E muito difícil de se enjoar, cada partida é uma experiência, esse jogo me mostrou que eu não duraria nem 0,000001 segundos em uma guerra, por conta de um sniperzinho que fica lá em Sergipe ou é um bombardeiro lá no ESPAÇO socando 1 tonelada de bomba na nossa cara kkkk Simplesmente lindo kkk e ainda paguei R$9,95?!! Isso é um absurdo! kkkkk"
224532407,0.1,False,1,"Jogo não abre de forma alguma. Apresenta erros na inicialização referente ao Driver da Placa de Video, sendo que os mesmos estão atualizados, ou seja, simplesmente não da pra jogar."
224510385,31.633333333333333,True,2,"Simplesmente impressionante esse jogo, um dos melhores jogos que já joguei. Apesar de ter 9 anos de lançamento ele continua incrível até os dias de hoje, dando uma surra até em alguns jogos triple A recentes. Gráficos sensacionais, jogabilidade imersiva, historias legais da campanha e o multiplayer é maravilhoso. Fico feliz que ainda tenha bastante servidores recheados de player, esse jogo não pode morrer, em minha opinião BF1 é o melhor jogo da franquia e com certeza um dos meus jogos favoritos."
224478785,10.483333333333333,True,0,"-abro o jogo -começo a campanha -sou brutalmente morto por um bombardeio aéreo -jogo com outro soldado -morro pra um inimigo que me matou costas -jogo com outro soldado -morro novamente, mas dessa vez pra uma granada no meu pé -me estresso -fecho o jogo 10/10"
224461087,3.4,True,0,ja joguei muito esse game mas peguei na steam por 10 entao compensa dms
224454594,13.6,True,0,"O multiplayer é simplesmente absurdo de imersivo. Não é só tiro e explosão: você sente a tensão o tempo todo. O som das armas é pesado, realista, quase dá pra Os gritos, o caos, os veículos passando, tudo contribui pra uma experiência que vai além de um FPS comum. Cada partida parece uma história diferente acontecendo ao vivo. Mas o jogo não vive só de multiplayer. A campanha também tem momentos muito marcantes, principalmente a da Blackbess. Essa parte não é só ação — tem emoção, peso, e até aquele impacto psicológico depois das decisões e do que acontece na história. Dá pra ver que eles tentaram mostrar não só a guerra como espetáculo, mas também as consequências dela."
224394927,14.216666666666667,True,0,"Simplesmente cinema, jogo super ativo com fila para jogar até em servidores BRASILEIROS, de todos os Battlefields que joguei esse de longe é o mais viciante e imersivo que tem, pode comprar sem medo que vale cada centavo"
224390452,7.716666666666667,True,0,"Joguin bom viu, acho que vou fazer até live desse jogo. Ainda bem que paguei barato, conhecendo a EA é bom aproveitar kkk"
224325198,58.25,True,0,"Uma das minhas melhores compras. Gráfico bonito e gameplay gostosa. Só as armas que não me agradam muito, mas caralho, era 1918, não tem como serem “boas” como as de hoje. Muito imersivo, esse jogo virou meu top 1. E com ressalvas ao modo história, que poderia ser um filme de tão foda que é. Tudo isso faz dele um jogo 10/10."
224318753,124.41666666666667,True,0,"Bom demaize pra passar o tempo, imersão incrível, eu antes odiava esse jogo mas depois que comecei a ver os detalhes mínimos até troquei o BF4 pelo BF1"
224311408,9.333333333333334,True,0,"Jogo fodaaaa, as historias de guerra são muito boas e são reais, vc joga e fica se perguntando como aquele personagem (que realmente existiu) se sentia naquela situação, e jogar esse jogo no stelth é uma delicia, esse jogo é um tesouro que quase toda semana custa menos de 15 reais, delicia de jogo."
224009977,22.266666666666666,True,0,"bom eu nao vou falar oque acho mas só um aviso para quem vai comecar, vcs vao ter muita dor de cabeça."
224289072,8.916666666666666,True,1,o jogo e maravilho so que agora que troquei de sistema operacional nao consigo abri porque a easport nao deixa porque e linux
224256212,160.93333333333334,True,1,"Eu não joguei muitos BFs, mas dizem que esse é o melhor. Quem sou eu pra discordar dos servers sempre cheios?"
224256099,0.7,False,1,"Eu Comprei Esse Jogo Achando Que Seria Um Jogo De História Fixa Mas Vi Que São Diversas Mini Histórias Oque Não Me Agradou Tanto, Quando Fui Ver A Sessão Online Os Servidores São Completamente VAZIOS Não Conseguei Nem Jogar Uma Partida Online Pois Em Todos Servers Só Tinha Eu Ou Outra Pessoa Que Saia Logo, é Um Jogo Abandonado Em Outras Palavras Por Ser Um Jogo Relativamente Antigo, Pelo Menos Ele Tem Ótimos Gráficos e Rodou Até Que Bem No Meu Pc Fraco Mas Deu Um Tédio, Só Compre Se Gostar De Mini Histórias Mas Acho Que Nem Assim Vale Pois Está Abandonado, Comprei Pois Em Uma Promoção Estava Por 9 Reais."
224252197,25.0,True,0,"Joguei muito esse jogo no ps4, as vezes n acredito q uma obra prima dessas fica por volta dos R$10 em promoção."
224248559,29.45,True,7,"===𝗚𝗿𝗮́𝗳𝗶𝗰𝗼𝘀=== 🔲𝗔𝘁𝗮𝗿𝗶 🔲𝟭𝟰𝟰𝗽 🔲 𝗔𝗰𝗲𝗶𝘁𝗮́𝘃𝗲𝗹 🔲 𝗕𝗼𝗺 🟩 𝗢́𝘁𝗶𝗺𝗼 🔲𝗧𝗵𝗲 𝗪𝗶𝘁𝗰𝗵𝗲𝗿 𝟯 🔲 𝗥𝗲𝗱 𝗗𝗲𝗮𝗱 𝗥𝗲𝗱𝗲𝗺𝗽𝘁𝗶𝗼𝗻 𝗜𝗜 🔲 𝗖𝗮𝗱𝗮 𝗳𝗿𝗮𝗺𝗲 𝗳𝗼𝗶 𝗽𝗶𝗻𝘁𝗮𝗱𝗼 𝗽𝗼𝗿 𝗗𝗮 𝗩𝗶𝗻𝗰𝗶 ===𝗥𝗲𝗾𝘂𝗶𝘀𝗶𝘁𝗼𝘀=== 🔲 𝗨𝗺𝗮 𝗰𝗮𝗹𝗰𝘂𝗹𝗮𝗱𝗼𝗿𝗮 𝗰𝗼𝗺 𝟭 𝗽𝗶𝗹𝗵𝗮 🔲 𝗨𝗺 𝗣𝗖 𝗯𝗮𝘁𝗮𝘁𝗮 𝗺𝗮𝘀 𝗻𝗮̃𝗼 𝘁𝗮̃𝗼 𝗯𝗮𝘁𝗮𝘁𝗮 🔲 𝗣𝗖 𝗺𝗲𝗶𝗮 𝗯𝗼𝗰𝗮 𝗰𝗼𝗺 𝗚𝗧 𝟭𝟬𝟯𝟬 🟩 𝗨𝗺 𝗶𝟯 𝗰𝗼𝗺 𝘂𝗺𝗮 𝗚𝗧𝗫 𝟳𝟱𝟬𝗧𝗜 🔲 𝗨𝗺 𝗣𝗖 𝗚𝗮𝗺𝗲𝗿 𝗺𝗲𝘀𝗺𝗼 🔲 𝟰𝘅𝗥𝗧𝗫𝟮𝟬𝟴𝟬𝗧𝗜 𝗹𝗶𝗴𝗮𝗱𝗮𝘀 𝗻𝘂𝗺𝗮 𝗵𝗶𝗱𝗿𝗼𝗲𝗹𝗲́𝘁𝗿𝗶𝗰𝗮 ===𝗛𝗶𝘀𝘁𝗼́𝗿𝗶𝗮=== 🔲 𝗦𝗲𝗺 𝗵𝗶𝘀𝘁𝗼́𝗿𝗶𝗮 𝗿𝗲𝗹𝗲𝘃𝗮𝗻𝘁𝗲 🔲 𝗛𝗶𝘀𝘁𝗼́𝗿𝗶𝗮? 𝗾𝘂𝗲 𝗵𝗶𝘀𝘁𝗼́𝗿𝗶𝗮? 🔲 𝗧𝗲𝗺 𝘂𝗺𝗮 𝗵𝗶𝘀𝘁𝗼𝗿𝗶𝗻𝗵𝗮 🟩 𝗨𝗺𝗮 𝗵𝗶𝘀𝘁𝗼́𝗿𝗶𝗮 𝗯𝗮𝗰𝗮𝗻𝗮 🔲 𝗨𝗺𝗮 𝗵𝗶𝘀𝘁𝗼́𝗿𝗶𝗮 𝗱𝗶𝗴𝗻𝗮 𝗱𝗲 𝗽𝗿𝗲𝘀𝘁𝗮𝗿 𝗮𝘁𝗲𝗻𝗰̧𝗮̃𝗼 🔲 𝗙𝗲𝗶𝘁𝗮 𝗽𝗲𝗹𝗼 𝗧𝗼𝗹𝗸𝗶𝗲𝗻 (𝗽𝗿𝗲𝗽𝗮𝗿𝗲 𝘀𝗲𝘂𝘀 𝗹𝗲𝗻𝗰̧𝗼𝘀) 🔲 𝗣𝗹𝗮𝘁𝗮̃𝗼 𝗲𝘀𝗰𝗿𝗲𝘃𝗲𝘂 𝗷𝘂𝗻𝘁𝗼 𝗰𝗼𝗺 𝗠𝗮𝗰𝗵𝗮𝗱𝗼 𝗱𝗲 𝗔𝘀𝘀𝗶𝘀 𝗲 𝘃𝗶𝗿𝗼𝘂 𝗻𝗼𝘃𝗲𝗹𝗮 𝗱𝗮𝘀 𝟮𝟭𝗵. ===𝗝𝗼𝗴𝗮𝗯𝗶𝗹𝗶𝗱𝗮𝗱𝗲=== 🔲 𝗣𝗿𝗲𝗰𝗶𝘀𝗮 𝗱𝗲 𝗱𝗼𝗶𝘀 𝗱𝗲𝗱𝗼𝘀 𝗽𝗿𝗮 𝗷𝗼𝗴𝗮𝗿 🔲 𝗔𝗰𝗲𝗶𝘁𝗮́𝘃𝗲𝗹 (𝟰 𝗱𝗲𝗱𝗼𝘀 𝗽𝗿𝗮 𝘀𝗲𝗿 𝗲𝘀𝗽𝗲𝗰𝗶́𝗳𝗶𝗰𝗼) 🔲 𝗝𝗼𝗴𝗮𝗯𝗶𝗹𝗶𝗱𝗮𝗱𝗲 𝗯𝗮𝗰𝗮𝗻𝗮 🟩 𝗝𝗼𝗴𝗮𝗯𝗶𝗹𝗶𝗱𝗮𝗱𝗲 𝗲𝘅𝗰𝗲𝗹𝗲𝗻𝘁𝗲 ===𝗖𝗼𝗺𝗽𝗹𝗲𝘅𝗶𝗱𝗮𝗱𝗲=== 🔲 𝗝𝗼𝗴𝗼 𝗱𝗮 𝘃𝗲𝗹𝗵𝗮 𝗲́ 𝗺𝗮𝗶𝘀 𝗰𝗼𝗺𝗽𝗹𝗲𝘅𝗼 🔲 𝗙𝗮́𝗰𝗶𝗹 𝗱𝗲 𝗲𝗻𝘁𝗲𝗻𝗱𝗲𝗿 🟩 𝗙𝗮́𝗰𝗶𝗹 𝗱𝗲 𝗮𝗽𝗿𝗲𝗻𝗱𝗲𝗿, 𝗱𝗶𝗳𝗶́𝗰𝗶𝗹 𝗱𝗲 𝗱𝗼𝗺𝗶𝗻𝗮𝗿 🔲 𝗘́ 𝗱𝗮𝗾𝘂𝗲𝗹𝗲𝘀 𝗷𝗼𝗴𝗼𝘀 𝗾𝘂𝗲 𝗮𝘀 𝗽𝗲𝘀𝘀𝗼𝗮𝘀 𝗳𝗶𝗰𝗮𝗺 𝗲𝘀𝘁𝘂𝗱𝗮𝗻𝗱𝗼 🔲 𝗣𝗿𝗲𝗰𝗶𝘀𝗮 𝗱𝗲, 𝗻𝗼 𝗺𝗶́𝗻𝗶𝗺𝗼, 𝟮 𝗱𝗼𝘂𝘁𝗼𝗿𝗮𝗱𝗼𝘀 ===𝗗𝗶𝗳𝗶𝗰𝘂𝗹𝗱𝗮𝗱𝗲=== 🔲 𝗩𝗼𝗰𝗲̂ 𝗲𝘀𝗰𝗼𝗹𝗵𝗲 𝗮 𝗱𝗶𝗳𝗶𝗰𝘂𝗹𝗱𝗮𝗱𝗲 🔲 𝗦𝗲𝘂 𝗰𝗮𝗰𝗵𝗼𝗿𝗿𝗼 𝗰𝗼𝗻𝘀𝗲𝗴𝘂𝗲 🔲 𝗙𝗮́𝗰𝗶𝗹 🟩 𝗠𝗲́𝗱𝗶𝗼 🔲 𝗤𝘂𝗮𝘀𝗲 𝗗𝗮𝗿𝗸 𝗦𝗼𝘂𝗹𝘀 🔲 𝗗𝗮𝗿𝗸 𝗦𝗼𝘂𝗹𝘀 🔲 𝗩𝗼𝗰𝗲̂ 𝗽𝗿𝗲𝗰𝗶𝘀𝗮 𝗱𝗲 𝗿𝗲𝗳𝗹𝗲𝘅𝗼𝘀 𝗶𝗻𝘀𝘁𝗮𝗻𝘁𝗮̂𝗻𝗲𝗼𝘀 𝗲 𝟰 𝗺𝗮̃𝗼𝘀 ===𝗧𝗲𝗺𝗽𝗼 𝗱𝗲 𝗛𝗶𝘀𝘁𝗼́𝗿𝗶𝗮=== 🔲 𝗩𝗼𝗰𝗲̂ 𝘁𝗼𝗺𝗮 𝘂𝗺 𝗿𝗲𝗳𝗿𝗶 𝗲 𝗮𝗰𝗮𝗯𝗼𝘂 🔲 𝗭𝗲𝗿𝗮 𝗿𝗮𝗽𝗶𝗱𝗶𝗻𝗵𝗼 𝗮𝘁𝗲́ 𝟯 𝗵𝗼𝗿𝗮𝘀 🟩 𝗖𝘂𝗿𝘁𝗼 (𝗲𝗻𝘁𝗿𝗲 𝟯 ~ 𝟳𝗵) 🔲 𝗡𝗼𝗿𝗺𝗮𝗹 (𝗲𝗻𝘁𝗿𝗲 𝟴~𝟭𝟮𝗵) 🔲 𝟮𝟰𝗵 ~ 𝟰𝟴𝗵 🔲 𝟰𝟴𝗵 ~ 𝟭𝟬𝟬𝗵 (𝗖𝗼𝗻𝘁𝗮𝗻𝗱𝗼 𝗰𝗼𝗺 𝗮𝘀 𝗗𝗟𝗖'𝗦) 🔲 𝟭𝟬𝟬𝗵+ 🔲 𝗩𝗼𝗰𝗲̂ 𝗰𝗼𝗺𝗲𝗰̧𝗮, 𝘀𝗲𝘂 𝗻𝗲𝘁𝗼 𝘁𝗲𝗿𝗺𝗶𝗻𝗮 🔲 𝗝𝗼𝗴𝗼 𝗼𝗻𝗹𝗶𝗻𝗲 ===𝗕𝘂𝗴𝘀=== 🟩 𝗡𝘂𝗻𝗰𝗮 𝘃𝗶 𝗻𝗲𝗻𝗵𝘂𝗺 🔲 𝗔𝗾𝘂𝗲𝗹𝗲𝘀 𝗯𝘂𝗴𝘀 𝗾𝘂𝗲 𝗱𝗲𝗶𝘅𝗮 𝗼 𝗴𝗮𝗺𝗲 𝗺𝗮𝗶𝘀 𝗘𝗻𝗴𝗿𝗮𝗰̧𝗮𝗱𝗼 🔲 𝗣𝗲𝗾𝘂𝗲𝗻𝗼𝘀 𝗯𝘂𝗴𝘀 🔲 𝗣𝗼𝗱𝗲 𝗳𝗶𝗰𝗮𝗿 𝗶𝗿𝗿𝗶𝘁𝗮𝗻𝘁𝗲 🔲 𝗣𝗼𝗱𝗲 𝗲𝘀𝘁𝗿𝗮𝗴𝗮𝗿 𝗮 𝗴𝗮𝗺𝗲𝗽𝗹𝗮𝘆 🔲 𝗣𝗮𝗿𝗲𝗰𝗲 𝗮𝘁𝗲́ 𝘂𝗺𝗮 𝗹𝗮̂𝗺𝗽𝗮𝗱𝗮 𝗮𝗰𝗲𝘀𝗮 𝗰𝗵𝗲𝗶𝗮 𝗱𝗲 𝗶𝗻𝘀𝗲𝘁𝗼 ===𝗗𝗶𝘃𝗲𝗿𝘀𝗮̃𝗼=== 🔲 𝗘𝗻𝘁𝗲𝗱𝗶𝗮𝗻𝘁𝗲 𝗼𝘂 𝗰𝗵𝗮𝘁𝗼 🔲 𝗗𝗶𝗳𝗶́𝗰𝗶𝗹 𝗱𝗲 𝗴𝗼𝘀𝘁𝗮𝗿 🔲 𝗥𝗲𝗽𝗲𝘁𝗶𝘁𝗶𝘃𝗼 🟩 𝗩𝗮𝗶 𝘁𝗲 𝗲𝗻𝘁𝗿𝗲𝘁𝗲𝗿 🔲 𝗩𝗼𝗰𝗲̂ 𝗻𝘂𝗻𝗰𝗮 𝗲𝘀𝗾𝘂𝗲𝗰𝗲𝗿𝗮́ 𝗰𝗼𝗺𝗼 𝗲𝘀𝘀𝗲 𝗷𝗼𝗴𝗼 𝘁𝗲 𝗱𝗶𝘃𝗲𝗿𝘁𝗶𝘂 🔲 𝗔 𝘃𝗶𝗮𝗴𝗲𝗺 𝗱𝗮 𝘀𝘂𝗮 𝘃𝗶𝗱𝗮 ===𝗣𝘂𝗯𝗹𝗶𝗰𝗼=== 🔲 𝗖𝗿𝗶𝗮𝗻𝗰̧𝗮𝘀 🔲 𝗣𝗿𝗶𝗺𝗼 🟩 𝗔𝗱𝗼𝗹𝗲𝘀𝗰𝗲𝗻𝘁𝗲𝘀 🟩 𝗧𝗶𝗼 🟩 𝗔𝗱𝘂𝗹𝘁𝗼𝘀 🔲 𝗦𝗲𝘂𝘀 𝗔𝘃𝗼́𝘀 🔲 𝗧𝘂𝗱𝗼 𝗲 𝘁𝗼𝗱𝗼𝘀 ===𝗢 𝗣𝗿𝗲𝗰̧𝗼 𝗖𝗼𝗺𝗽𝗲𝗻𝘀𝗮?=== 🔲 𝗜𝗧'𝗦 𝗙𝗥𝗘𝗘 🔲 𝗣𝗿𝗲𝗰̧𝗼 𝗷𝘂𝘀𝘁𝗼 🔲 𝗣𝗿𝗲𝗰̧𝗼 𝗼́𝘁𝗶𝗺𝗼, 𝗰𝗼𝗺𝗽𝗿𝗲! 🔲 𝗖𝗼𝗺𝗽𝗿𝗲 𝘀𝗲 𝘁𝗶𝘃𝗲𝗿 𝗱𝗶𝗻𝗵𝗲𝗶𝗿𝗼 𝘀𝗼𝗯𝗿𝗮𝗻𝗱𝗼 🟩 𝗘𝘀𝗽𝗲𝗿𝗲 𝘂𝗺𝗮 𝗽𝗿𝗼𝗺𝗼𝗰̧𝗮̃𝗼 🔲 𝗖𝗮𝗿𝗼 𝗱𝗲𝗺𝗮𝗶𝘀 𝗻𝗮̃𝗼 𝗿𝗲𝗰𝗼𝗺𝗲𝗻𝗱𝗼 🔲 𝗠𝗮𝗶𝘀 𝗳𝗮́𝗰𝗶𝗹 𝘃𝗼𝗰𝗲̂ 𝗾𝘂𝗲𝗶𝗺𝗮𝗿 𝘀𝗲𝘂 𝗱𝗶𝗻𝗵𝗲𝗶𝗿𝗼 ===𝗩𝗮𝗹𝗲 𝗮 𝗽𝗲𝗻𝗮 𝗰𝗼𝗺𝗽𝗿𝗮𝗿?=== 🔲 𝗜𝗧'𝗦 𝗙𝗥𝗘𝗘 🔲 𝗡-𝗔̃-𝗢 🔲 𝗘𝗲𝗲𝗵... 𝗺𝗮𝗶𝘀 𝗼𝘂 𝗺𝗲𝗻𝗼𝘀 🟩 𝗖𝗼𝗺𝗽𝗲𝗻𝘀𝗮 🔲 𝗩𝗮𝗹𝗲 𝗮 𝗽𝗲𝗻𝗮 𝘀𝗶𝗺 🔲 𝗩𝗮𝗹𝗲 𝗠𝗨𝗜𝗧𝗢 𝗮 𝗽𝗲𝗻𝗮 🔲 𝗖𝗢𝗠𝗣𝗥𝗘 𝗜𝗠𝗘𝗗𝗜𝗔𝗧𝗔𝗠𝗘𝗡𝗧𝗘 𝗦𝗘𝗠 𝗔𝗥𝗥𝗘𝗣𝗘𝗡𝗗𝗜𝗠𝗘𝗡𝗧𝗢 (𝘀𝗲 𝘁𝗶𝘃𝗲𝗿 𝗱𝗶𝗻𝗵𝗲𝗶𝗿𝗼 𝘀𝗼𝗯𝗿𝗮𝗻𝗱𝗼) 𝗡𝗮̃𝗼 𝘀𝗲 𝗲𝘀𝗾𝘂𝗲𝗰̧𝗮 𝗱𝗲 𝗮𝘃𝗮𝗹𝗶𝗮𝗿 𝗮 𝗮𝗻𝗮́𝗹𝗶𝘀𝗲! 𝗖𝗼𝗻𝘀𝗶𝗱𝗲𝗿𝗲 𝗽𝗿𝗲𝗺𝗶𝗮𝗿 𝗮 𝗮𝗻𝗮́𝗹𝗶𝘀𝗲 𝗰𝗮𝘀𝗼 𝗲𝗹𝗮 𝘁𝗲𝗻𝗵𝗮 𝘀𝗶𝗱𝗼 𝘂́𝘁𝗶𝗹 𝗼𝘂 𝗲𝗻𝗴𝗿𝗮𝗰̧𝗮𝗱𝗮!"
224245034,9.383333333333333,True,10,"estava deitado em uma montanha junto há dois snipers quando fui ver o que estava do meu lado tomou um tiro na cabeça e sumiu, fiquei aterrorizado dito isso este sou ainda de pé sem medo de ir para guerra."
199555257,367.9166666666667,True,1,"Peguei na promoção por 10 reais, então valeu muito a pena. Já tenho 90 h disso, como? kk Jogo bonito ainda hoje, considerando o ano que foi lançado, muitos servidores, quase sempre lotados, muita gente jogando. É divertido, principalmente quando vc se adapta e curte alguma classe específica. Sempre vai ter um tank, avião ou sniper fdp pra te matar instantaneamente sem vc nem ter tempo de ver da onde, mas ainda sim é divertido pra quem gosta desse gênero de jogo. Quero refazer minha análise e dizer que esse é um dos melhores jogos de tiro ja feitos e que vcs provavelmente vão jogar, fodase"
224228382,40.4,True,0,"otimo jogo , extremamente envolvente , missoes boas , bem otimizado , graficos bonitos e etc vale muito a pena zerar , ja zerei o bf4 e agora o bf1 , recomendo pelo preco extremamente barato obra prima"
224220780,129.76666666666668,True,0,"O jogo ainda continua muito bom, pena que tem poucos players em jogando só os servidores da gringa que tem uma boa quantidade de jogadores na ativa, mas o jogo ainda continua sendo very good."
224186205,7.616666666666666,True,0,"Não há jogo atual de guerra mais imersivo que BF1, ambientação, trilha sonora, etc. Tudo no jogo te remete a sensação de estar em um tempo passado. o Multiplayer é cinematográfico, divertido e equilibrado."
224186032,22.333333333333332,True,0,"Jogaço do caramba. Você se sente dentro da guerra, é muito imersivo e o mais incrível é que ainda tem bastante servidor ativo. Vale a pena dms jogar"
224181755,31.083333333333332,True,0,"Simplesmente absurdo, não existe outro FPS com a mesma atmosfera desse aqui, recomendo muito jogar de fone, parece que sou teletansportado pra 1914"
224158414,41.36666666666667,True,0,"Comunidade br super ativa, jogo em equipe e nada destes futurismos irreais."
224115711,141.13333333333333,True,0,"Jogão, unico problema é falta de servers BR hoje em dia, mas ainda sim, melhor jogo q ja joguei"
224106846,69.25,True,0,"entrei num server peguei fila de 2 horas, fiquei 2/60, meu time venceu , 10/10 melhro bf !"
224105791,10.016666666666667,True,0,jogo top demais sem elu delu e tiro e poucas
224094643,8.233333333333333,True,0,"a melhor historia e gameplays de todos battlefield, cutscenes absurdamente bem feitas, muito bom mesmo gostei demais, ainda comprei por menos de 10 reais haha"
224092297,1.8166666666666667,True,0,"Olha, o jogo é bom, tem uma história bem fiel com a da Primeira Guerra Mundial. Mas para o meu perfil de jogador, não gostei. Eu acho o jogo muito agitado e como estou ficando muito velho, para mim não vale muito a pena. Peguei na promoção, mas não gostei e acredito que eu não vá zerar não."
224085567,9.6,True,0,"que jogo LINDO, a ambientação, os gráficos, a gameplay é tudo incrível! recomendo muito"
224079712,1.0166666666666666,True,0,"Já tinha jogado, mas resolvi comprar na steam na promoção, o melhor BF de todos, imersão de um verdadeiro jogo de guerra."
224065069,70.95,False,1,"Fui banido por uso de cheat, sendo que eu não uso, enfim! EA. agora posso desinstalar essa joça."
224043767,38.05,True,1,"me senti um soldado jogando esse game, tiro, porrada e bomba para todo canto.10\10"
199161130,165.88333333333333,True,1,"BF1 que jogo top a jogabilidade é excelente, os gráficos são belíssimos, a história é boa e muito bem otimizada. vale muito pena comprar, se estiver em promoção, fica extremamente barato."
223944887,15.083333333333334,True,0,"O modo história é dividido em episódios independentes, cada um com um personagem diferente. Isso evita repetição e mantém o jogo sempre “novo”. Destaques: Deserto (tanque): mais aberto, dá pra jogar stealth ou agressivo Avião: bem cinematográfico, mas mais guiado Alpes: foco em furtividade, lembra até outros jogos táticos Mensageiro: mistura ação com exploração O ponto forte é a variedade. Você não fica preso num único tipo de gameplay. Jogabilidade (single player) A IA não é brilhante, mas funciona O jogo é mais cinematográfico do que desafiador Dá pra jogar de boa, sem estresse (bem seu estilo de campanha) Imersão (o ponto mais forte) Mesmo no solo, o jogo entrega MUITO: Sons de guerra absurdamente realistas Explosões, tiros e caos constante Trilha que pesa emocionalmente Isso segura o jogo mesmo sem multiplayer. Você sente o peso da guerra. Duração: Campanha completa: 5 a 7 horas Rejogar: dá pra voltar pra pegar desafios ou jogar de outro jeito"
223941660,12.3,True,0,"Se você busca Imersão: Nota 10/10. Se você busca Progressão/Customização: Nota 7/10 (as opções de armas são limitadas pela época histórica). Se você busca Variedade de Gameplay: Nota 9/10 (o uso de cavalos, tanques rudimentares e aviões de papel é fantástico)."
223905072,5.033333333333333,True,1,"Tenho quase 300 horas de game no EAapp (Antiga origin). Na epoca do Lançamento (2016) foi revolucionario! Lembro até hoje do primeiro trailer! BF1 tem a melhor ambientação, retrata o terror da primeira guerra com fidelidade. A trilha sonora também é a melhor de toda a franquia ! Infelizmente o game não envelheceu tão bem, a gameplay ainda perde para o BFV e BF6 na minha opinião. Pontos positivos: Ambientação trilha sonora quantidade de mapas (29 ao total) fidelidade histórica Modo operações grandiosas Pontos negativos: Gameplay (gun fight)"
223883587,16.65,True,0,"Comprei na promoção. O jogo tem histórias próprias, de momentos da Primeira Guerra Mundial. Terminei o modo história em 16h, por mim, valeu a compra. Gráficos bem definidos. Cada história explora uma mecânica diferente, e não se detém somente em ""atirar""."
223878737,508.0,True,1,"Um dos melhores BF já criado, a imersão desse jogo é surreal."
199714285,23.6,True,0,"Battlefield 1 entrega uma das experiências de guerra mais imersivas que já joguei. Desde o prólogo, o jogo já mostra bem o caos dos conflitos, e a campanha em formato de histórias separadas foi uma escolha que gostei bastante, porque mostra diferentes perspectivas da guerra e dá mais foco ao lado humano do que apenas à ação. A ambientação é excelente, com trilha sonora, efeitos sonoros e cenários que te colocam totalmente dentro das batalhas. Mas o grande destaque pra mim foi o multiplayer: mapas enormes, combates intensos, veículos e momentos caóticos que fazem você realmente sentir que está no meio de uma guerra. No geral, é um jogo que prende do início ao fim e mostra muito bem por que tanta gente considera ele um dos melhores da franquia Battlefield."
223849443,35.733333333333334,True,0,"Sei que o Favorito de muitos é o 4, mas pra mim é esse. A atmosfera de guerra, trilha sonora etc, a imersão no geral. A Dice teve um esmero com esse jogo que ela nunca mais vai ter na vida. Pra mim continua sendo o melhor BF de todos. JOGUEM"
223841034,12.633333333333333,True,0,"O melhor battlefield da franquia, não tem jeito. Esse jogo acerta em atmosfera, jogabilidade, gráficos, história e online."
223830799,9.766666666666667,True,2,Comprei ja faz mais de 1 ano e nunca joguei....fui jogar agora e fui jogado em lembrancas de medal of honor quando era midia de cd ....tenho 43 anos e agora tenho uma maquina que jogo este jogo no ultra em quad HD com 180 FPS....
223824745,9.433333333333334,True,0,"jogo de bons graficos e rico em detalhes, porem eu achei um pouco estranho a jogabilidade, mas vc se acostuma, o jogo é bem focado na historia, vc tem alguns itens para recolher mas não é tão necessario assim, no geral o jogo é bem legal e diverti bastante."
223798106,7.3,True,0,"Sempre tive minhas duvidas sobre esse jogo, mas pelo que joguei, tenho que dizer, me surpreendeu muito, superou minhas expectativas! Consegui sentir novamente a mesma emoção de quando joguei os antigos Medal of Honor. Trilha sonora boa, gráficos e arte visual excepcionais, principalmente pra época que foi lançado, e a imersão nas histórias e características dos soldados são surreais! Jogaço."
223792482,74.43333333333334,True,0,"um dos melhores jogos que ja joguei na vida, o nivel de realismo e a variedade de detalhes é incrivel!"
223744790,363.8333333333333,True,36,"simplesmente o melhor battlefield (na minha opinião), tem uma historia curta, porem visceral e bastante cativante, o multiplayer é um pico, toda hora alguma coisa cinematica acontece, você nunca fica com tedio, amo esse jogo e espero que ele continue vivo, extremamente recomendavel"
168373086,55.35,True,58,"Para mim, a experiência de guerra é perfeita, e só a parte divertida de atirar nos outros (sem a parte de ter que ficar 8 meses em uma trincheira bebendo água de esgoto). Os gráficos são incriveis, cada frame parece uma foto tirada da Primeira Guerra Mundial. As armas são muito legais e diferentes dos outros jogos, já que são da Primeira Guerra (parecem até coisa de steampunk de tão diferentes). O gameplay é muito satisfatório, sem aquelas coisas horríveis como skins da Nicki Minaj lutando na Primeira Guerra, nem arma com skin rosa com purpurina, dourada brilhando, os caras tiveram coragem de colocar. O jogo é bem balanceado, com veículos mais fáceis de destruir em comparação com os outros BFs. Para mim, é o melhor FPS que existe; é muito imersivo, mapas incríveis tu fica realmente deslumbrado com cada cenário dos mapas online e a destruição, é muito legal tu ver no inicio da partida o mapa todo novo e no final da partida com tudo destruído, realmente mostra os efeitos da guerra; Muitas armas, bastante veículos diferentes, é carro, tanque, moto, barco, encouraçado, avião, zepelim (e isso sendo destruído é a desgraça mais impressionante que eu já vi em um videogame, realmente não sei como conseguiram fazer isso funcionar em um multiplayer), anti aéreo de mão, artilharia, cavalaria a lista não acaba, você realmente se sente loucura da guerra, muito completo o jogo, da pra ver o carinho que os devs tiveram ao fazer. Quanto aos Servers, estão sempre lotados, inclusive os Brs janeiro de 2025 olhando aqui agora tem 7 servers BR cheios (é incrível como a comunidade mantém o jogo vivo até hoje). Pode comprar sem se preocupar se ainda tem gente jogando online. o que dizem sobre o jogo estar morto não é verdade, você precisa ir nos ""Servidores da Comunidade"", onde estão os servidores ativos, e isso é bom, já que os servidores da comunidade impedem hackers, pois têm moderadores, e se não aparecer, você também não pode se esquecer de filtrar para aparecer os servidores. tenta jogar o modo 'operações' que pra mim o melhor modo que tem, é muito mais tático, muito legal ver o time todo se ajudando pra defender ou atacar um setor, te conta o contexto da batalha, e tem até um discurso quando você ganha ou perde, lembra muito o filme Is Quiet on the Western Front"
223655872,53.4,True,0,jogo e muito bom mas os controles do aviao e meio confusos mas e so acostumar
203584296,35.516666666666666,True,0,"jogo bom, mas server br é raro ter, só no sábado e olha lá"
223573071,38.766666666666666,True,0,"O multiplayer desse jogo é impecável, totalmente imersivo, os mapas são todos muito bem atmosféricos e desenhados lindamente, cenários incriveis, pontos negativos do multiplayer é que existem muitas poucas armas para utilizar para todas as classes e todas as partidas são os mesmos metas sendo utilizados, mas tudo isso não tira o mérito por um multiplayer incrivel. Grande destaque ao mapa Passchendaele, que eu particularmente defini como meu favorito. A trilha sonora do jogo também é linda, pega no coração, muito bom de ouvir. Se tivessem focado em fazer uma história muito bem polida e sem os bugs atualmente, juntando tudo de bom que esse jogo tem a oferecer, com certeza seria um dos melhores FPS com campanha."
223567751,36.61666666666667,True,0,"Granada fumogena! A guerra nunca muda, infelizmente... Jogo demais, mt bom, quer entrar pra se divertir ou ficar apavorado com a realidade da guerra? Esse jogo é pra você Aprendi a gostar até de mapa de navio, mt massa"
223492773,620.2333333333333,True,0,E a Primeira Guerra Mundial não tem do que não gostar.
223423688,20.85,True,1,"- Jogo incrível! O foco principal é o modo multiplayer, que é excelente, com diversos modos de jogo e todos muito legais. Muito divertido de jogar, especialmente com amigos. Embora não seja o foco principal, o jogo também possui uma campanha, curta, mas muito legal. Em vez de uma história linear, ela é dividida em partes / missões individuais, cada uma contando uma história separada. Os mapas são muito bem feitos e ambientados, repletos de detalhes e bonitos. Os efeitos sonoros também são incríveis e com uma trilha sonora maravilhosa. A jogabilidade é excelente, fluida, bem elaborada e com ótimas animações, tanto para armas, veículos e personagens. Os veículos também são muito legais de usar. Definitivamente um dos últimos melhores trabalhos dos antigos devs da DICE enquanto ainda trabalhavam lá. - Amazing game! The focus here and most prominently is the multiplayer, which is very good, it has different game modes and they are all very cool. Very fun to play, especially with friends. Although it is not the focus, the game also has a campaign, short, but very cool. Instead of being a linear story, they are divided into individual parts / missions, each telling a separate story. The maps are very well made and very well set, full of details and very beautiful. The sound effects here are also incredible and with a wonderful soundtrack. The gameplay is very good, very fluid, well crafted and with good animations too, both for weapons, vehicles and characters. The vehicles are also really cool to use here. Definitely one of the last best works by the former DICE devs while they were still working there."
220948271,623.65,True,0,"Simplesmente uma obra de arte,obrigado Dice por proporcionar essa satisfação há todos nos😍"
223403662,48.93333333333333,True,0,"Battlefield 1 voltou com tudo por causa da promoção de 95% de desconto! 17mil jogadores jogando no momento em que eu faço essa análise. Os gráficos estão muito bonitos e relativamente leves, a jogabilidade é incrível. Os Battlefield acabam sendo mais difíceis de jogar do que outros fps, como CS, o mundo é gigantesco e não é somente armas, é tanques, aviões e outros. O tema da Primeira Guerra é bom demais, as armas, até o som, muito similar ao que se vê em filmes muito realistas, parecendo que realmente estamos lá, é muito imersivo. A trilha sonora tá muito zika, as narrações antes das partidas estão poéticas. A campanha tem um toque especial, é praticamente um filme, é um jogo de guerra que faz críticas a guerra. ""A guerra que acabaria com todas as guerras. Mas que não acabou com nenhuma"""
221118499,0.1,False,0,"Jogo lindo, formoso. Provavelmente o último grande FPS online que existiu até então. Ele retrata perfeitamente a Primeira Guerra Mundial. Se você é um aficionado pela temática militar antiga, esse jogo é um prato cheio. Tudo nele realmente faz você adquirir um PTSD por segundo, seja as bombas caindo, os tiros de sniper passando pela sua orelha, os tanques que, assim como na época, são verdadeiros monstros, se te virem, acabou amigo, é morte na certa. Sem contar a dublagem, que é fenomenal. Cada soldado, com sua nação, falando sua língua, e aqueles gritos que entram no seu ouvido e atingem sua alma não é atoa. Para captar essa essência, os dubladores tiveram que fazer exercícios e levantar pesos para passar essa impressão de um homem correndo para sua inevitável morte, é realmente visivel como a EA realmente se superou quando estava fazendo esse jogo, eles realmente estavam muito interresados em fazer isso funcionar. Sobre o quesito técnico, esse jogo também não decepciona. Ele usa a Frostbite 3, que dá um pau na Unreal Engine e em outras engines do mercado. Consegue entregar realismo sem exigir tanto hardware. E olha, só lembrando: esse jogo é de 2016. Isso mesmo, FODENDO 10 ANOS ATRÁS(bateu aquela dor nas costas?). Uma época onde os desenvolvedores eram competentes e tentavam fazer os jogos rodarem nas mais diferentes configurações e hardwares possíveis. A falta desses profissionais no mercado atual e suas técnicas de otimização se comparam facilmente ao incêndio da Biblioteca de Alexandria. Hoje, esses caras seriam taxados de bruxos, mas naquela epoca, eles eram apenas pessoas apaixonadas e dedicadas pelo seu trabalho. No mais, eu recomendo fortemente se você for um usuário de Windows fvdido. Agora, se você for um usuário de Linux f3dido que nem eu... hohoho(não, não é o papai noel), vou te contar uma bela historia meu amigo. Tempos atrás, a EA fez uma atualização ""inocente"" adicionando um anti-cheat no BF1. Coisa boa, né? Menos hackers, a empresa se importando com o estado do jogo, seria mesmo bom, se para esse anti-cheat funcionar ele não tivesse que ser incompatível com o Linux e com o Proton da Valve. E sabe o melhor de tudo? Aparentemente o anti-cheat nem funciona direitokkkkkkkkKKKKKKKKKKKKKKKKKKKKKKKKKKKKKKKKKKKKKKKKKKKKKKKKKKKKKKKKKKKKKKKKKKKKKKKKKKKKKKKKKKKKKKKKKKKKKKKKKKKKKKKKKKKKKKKKKKKKKKKKKKKKKKKKKKKKKKKKKKKKKKKKKKKKKKKKKKKKKKKKKKKKKKKKKKKKKKKKKKKKKKKKKKKKKKKKKKKKKKKKKKKKKKKKKKKKKKKKKKKKKKKKKKKKKKKKKKKKKKKKKKKKKKKKKKKKKKKKKKKKKKKKKKKKKKKKKKKKKKKKKKKKKKKKKKKKKKKKKKKKKKKKKKKKKKKKKKKKKKKKKKKKKKKKKKKKKKKKKKKKKKKKKKKKKKKKKKKKKKKKKKKKKKKKKKKKKKKKKKKKKKKKKKKKKKKKKKKKKKKKKKKKKKKKKKKKKKKKKKKKKKKK Muito obrigado EA, obrigado por me fazer comprar um jogo que eu não posso nem jogar o modo ofline, ARROMBADA!"
223272626,12.25,True,0,"Cada frame é palpável simplesmente um jogo para a vida, melhor experiencia com fps até hj."
223245201,8.2,True,7,cara que jogo incrivel ainda por sima dublado com legenda o tipo de jogo que curtu joga gostei muito joguei o modo historia completo simplesmente adorei muito bom recomendo 10/10
223238069,16.633333333333333,True,0,"Joguei mais ele na epoca de xbox, mas ele é muito bom até os dias de hoje, foi uma boa ideia ter voltado para a guerra antiga."
194241272,19.366666666666667,True,0,"Battlefield 1 é um jogo muito bom, principalmente pela ambientação na Primeira Guerra Mundial, que é extremamente imersiva. As batalhas são intensas e passam bem a sensação de caos da guerra, com momentos épicos durante as partidas. Além disso, o jogo tem gráficos muito bonitos e um áudio que ajuda ainda mais na imersão. No geral, é uma experiência muito marcante e um dos melhores jogos da franquia Battlefield."
223154101,12.683333333333334,True,0,"É um jogo de guerra maravilhoso, não sou de jogar muito jogo de guerra, mas esse marcou. O único porém é que durante a campanha o áudio ficava literalmente horrível, parecia robotizado, impossível de escutar. Isso fez eu pular algumas cutcenes do final, primeira vez que isso acontece."
223153114,20.833333333333332,True,0,"Jogo legal, historia legal, jogabilidade boa, facil de jogar, recomendo."
223152749,119.33333333333333,True,1,Nasceu tarde demais pra ir pra primeira guerra? Esse jogo resolve isso. A imersão é tão boa que da pra sair com estresse pós traumático. Jogaço 10/10 voltaria pra o front de novo
223141024,100.05,True,0,"Um jogo raiz, sem slide para atirar, sem pulos enquanto atira, é um caos grande no mapa, cada mapa tem sua personalidade, não são mapas genéricos, um jogo dificil, com uma arte muito linda, uma otima trilha sonora que dá mais emoção a cada partida"
223101137,216.78333333333333,True,0,"Excelente jogo, talvez o melhor BF, na minha opnião, problema somente faltas de servidores LATAM."
223057453,15.133333333333333,True,0,"Melhor bf que ja joguei de longe, mapas lindos q passam a sensação de estar realmente em uma guerra, ambientação que só vi em jogos grandes de história, gameplay absurda com boa movimentação. Recomendo muito!"
223023601,6.583333333333333,True,0,"Jogo muito bom, retrata a primeira guerra mundial de forma brilhante, as histórias dentro do jogo são fictícias mas apesar disso ainda da pra acreditar que algo assim ocorreu, então o jogo cumpriu muito bem sua proposta nesse aspecto!"
222911219,36.11666666666667,True,0,estava andando por ai e caiu um dirigivel na minha cabeça 10/10 recomendo odeio snipers em qualquer mapa desse jogo
222887505,13.6,True,0,pra mim foi o melhor battlefield ate agora eles capricharam na historia pra caramba aqui vc vive um lado de cada pessoa que se sacrificou na guerra desde um italiano ate um australiano sem falar que finalmente todos os problemas que eu falei no 4 não tem aqui na real o ponto forte desse jogo e que ele mostra pra gente demais é o stealth a ultima parte da gameplay foi literalmente mostrando isso ele entrou de cabeça nessa pegada cinematografica cada vez eu me surpreendo como essa franquia vai mudando com o passar do tempo e a mensagem que essa campanha tentou passar é que vc nunca deve esquecer dos soldados que deram a vida pela liberdade que temos hj isso é legal demais claro que tem seus problemas a ia comparado ao 4 ela é boa mas putz é complicado vê os inimigos as vezes igual barata tonta e a hitbox as vezes é meio bugada mas como não joguei ainda o multiplayer não sei se isso ta no jogo ate lá que ai vira um problemão mas tirando isso ele fica em primeiro da lista de batlefields e recomendo muito bom
222837976,136.33333333333334,True,0,"BF1 é simplesmente uma OBRA-PRIMA absurda e, sem exagero, um dos melhores jogos de guerra já feitos na história. A Battlefield 1 consegue fazer algo que poucos jogos conseguem: te colocar DENTRO da guerra de um jeito totalmente imersivo. Desde o primeiro momento, com aquele som pesado de tiros, explosões e gritos ao fundo, até os cenários gigantescos e totalmente destrutíveis, tudo contribui pra uma experiência cinematográfica absurda. Os gráficos, mesmo anos depois, continuam lindos e impressionantes, com iluminação realista, efeitos de partículas incríveis e mapas que parecem pinturas vivas da Primeira Guerra Mundial. Cada mapa tem sua própria identidade, seja no deserto, nas cidades destruídas ou nos campos cheios de lama — e isso faz cada partida parecer única. O multiplayer é simplesmente caótico na medida perfeita. São batalhas massivas, veículos entrando em combate, aviões cruzando o céu, tanques dominando áreas e a infantaria lutando desesperadamente por cada ponto. E o melhor: sempre tem aqueles momentos épicos que parecem roteirizados, mas acontecem naturalmente, tipo derrubar um avião no último segundo ou virar uma partida praticamente perdida. Além disso, o jogo tem uma trilha sonora impecável, que aumenta ainda mais a emoção das partidas, e um modo história curto, porém extremamente impactante, mostrando diferentes perspectivas da guerra de forma humana e marcante. Mesmo depois de tanto tempo, BF1 continua sendo um jogo vivo, divertido e totalmente viciante. É aquele tipo de jogo que você entra pra jogar “só uma partida” e quando vê já se passaram horas. Sem dúvida nenhuma, é uma experiência obrigatória pra qualquer fã de FPS e facilmente um dos pontos mais altos da franquia Battlefield."
222812188,22.316666666666666,True,3,"gostei mais de jogar o online desse do que o 4, mais facil de entender o que ta acontecendo, mas tentarei o 4 novamente em algum momento"
222784305,38.03333333333333,True,0,"Pense num negocio ruim de abrir e rodar. é bug no audio, no video, em tudo, mas até que é divertido apesar dos problemas. Nota: 8/10"
222783240,103.16666666666667,True,0,"com certeza ainda se mantém um ótimo jogo para se jogar atualmente. Os servers da EA andam bem ruins de encontrar, mas há bastante jogadores que ainda mantém servidores de pé para que outros joguem. Um jogo bem difícil no geral, eu diria, especialmente no começo. Se entrar em promoção, compre, vale a muito pena"
222710992,83.6,True,0,"Se quer imersão em um FPS compre esse, até hoje não lançaram um tão bom quanto ele."
222668652,155.11666666666667,True,0,"entre de cabeça na ""guerra que acabará com todas as guerras"". que jogo fenomenal"
222668191,81.23333333333333,True,0,Melhor campanha da franquia! Joguei novamente em 2026 para alcançar todos os troféus e mesmo depois de concluir outros jogos como BF6 a campanha não chega nem perto das histórias de guerra do BF1
222629022,165.0,True,0,"comprei e nem instalei, só comprei por comprar, então decidi instalar e jogar, o modo história me fez chorar, o multiplayer tmb, mas foi de raiva, então decidi fazer os easter eggs, e chorei mais ainda pq eu perdi todos os codigos morses que salvei. recomendo"
222605563,250.63333333333333,True,0,"Pessima movimentação, camera ruim, jogadores toxicos... Dito isso recomendo muito!"
222546995,45.666666666666664,True,0,Jogo bom quando você não faz cosplay de pai de familia que chega 22h da noite pra jogar querendo se divertir na esperança de não achar um viciado na partida.
222541008,4.983333333333333,True,0,"(AVALIAÇÃO DO MODO HISTÓRIA) Battlefield 1 é um jogo curto, mas com certa originalidade. Tem ótimas histórias, ótimos gráficos e uma ótima gameplay, porém é muito curto, extremamente curto. Dá para zerar em cerca de 3 horas facilmente, então eu não recomendaria comprar o jogo por mais de 10 reais. Fora o preço, é um bom jogo. NOTA: 86"
222445101,33.416666666666664,True,0,"O jogo é simples: você nasce, dá 10 passos achando que vai viver uma vida longa… aí vem um avião a 300 km/h e te transforma em estatística. Respawn simulator com efeitos especiais. O caos é absurdo. Tem cavalo, tanque, trem blindado, gás, avião, granada, sniper… tudo ao mesmo tempo. Parece que alguém apertou “spawnar tudo” e saiu pra almoçar. Mas sendo justo: jogabilidade: absurda de boa. Tiro satisfatório, movimentação fluida. Ambientação: nível cinema. Som, mapa, destruição… imersivo pra caramba. Modos: divertidos mesmo. Principalmente quando seu time não parece NPC."
222425963,15.866666666666667,True,0,"muito bom pra jogar com amigos, jogo de guerra simples porém completo"
222382175,4.683333333333334,True,0,"O jogo é excelente, mas os capítulos acabam rápido. Uma pena, pois a temática da guerra é tão boa que poderia ter sido muito mais explorada! Para um título de 2016, os gráficos são absurdos e batem de frente com muitos jogos atuais. Vale muito a pena pela experiência visual e imersão."
222373801,27.633333333333333,True,0,Esse jogo acerta em tudo que BF4 errou. Absolute Game!
222369809,13.966666666666667,True,0,"Jogo com muita variedade de mapas e gameplay viciante, se pegar em uma boa promoção compensa demais"
222356422,43.81666666666667,True,0,"Simplesmente imersivo, vale a compra se gosta de guerra. Não tão realista mas bem divertido é balanceado."
222347399,4.416666666666667,True,0,"jogo muito bom, gráfico excelente e simula muito bem a primeira guerra"
222330205,13.666666666666666,True,0,"puta jogo, bem otimizado, e puta história. pego meus 30 fps de boa e dependendo da área 60 fps, recomendo 👍"
222296883,75.25,True,0,"Emocionante, essa é a palavra certa para essa obra de arte. Fazia tempo que um jogo não me tocava tanto quanto BF1, que consegue pegar a temática da Primeira Guerra Mundial, um conflito de mais de um século, e transformar em algo extremamente atual. “A guerra que acabaria com todas as guerras” é talvez a definição mais irônica da história, já que, de forma trágica, ela não encerrou os conflitos, mas ampliou ainda mais a dor e a destruição no mundo. E mesmo com todos os relatos, histórias, lendas, heróis e personagens que sobreviveram para contar os horrores vividos, pouco mudou, embora tenha ficado marcado para sempre o verdadeiro significado do horror de uma guerra. Enfim, joguem, aproveitem cada detalhe da narrativa desse jogo histórico, porque no final a experiência é simplesmente antológica."
222284125,29.366666666666667,True,1,muito bom 67 67 67 67 67 67 676 67 67 67 67 67 67 67 67n
222266339,19.45,True,0,"melhor bf ja feito ate hj ,quem discordar ,ta com a mae na zona"
222261722,45.65,True,0,"Um dos melhores battlefields ja feito, brabo demais esse jogo."
222243763,14.966666666666667,True,0,"Ainda é um jogo divertido com servidores ativos, pena que a EA não faz mais as missões de comunidade. Pode ser algum problema com minha configuração mas esse jogo é mais pesado para o meu computador do que o Battlefield 6 que é mais recente. Talvez algum problema de otimização, não sei dizer."
222226673,72.58333333333333,True,0,"Incrivel a imersão desse jogo, depois de 10 anos segue vivo e com servidores lotados,"
222224940,80.35,True,3,"umas das melhor obra prima já feitas, só da play e ser feliz"
198323622,261.56666666666666,True,1,Melhor experiência de jogo de guerra que eu já tive 10 de 10
222198958,21.05,True,0,"Recomendo bastante! Que jogo incrível a campanha é curta, mas traz histórias bem boas e cenários impressionantes, jogo bom e bonito."
222185483,10.583333333333334,True,0,"MUITO BOM, DESATIVE A OPCAO DE ANT-LAG PRA QUEM USA GPU AMD"
221974020,9.9,False,0,"Bom pra passar raiva, o modo campanha salva um pouco, mesmo assim tem muita pouca opção de armamento e achei a história cansativa pra um BF."
222102586,113.05,True,0,"Esse jogo é cinema o tempo todo, recomendo a todos!"
222092244,49.25,True,0,"É um jogo muito foda, divertido e muito imersivo. Curto muito a ideia do mapa ter um evento acontecendo a cada instante. Na minha opinião, é o melhor BF."
222058751,563.1833333333333,True,0,"Eu ja to ficando doido ja, eu escuto passo sendo que não tem ngm"
222053897,23.233333333333334,True,0,"Muito bom esse jogo, na minha opinião o melhor da franquia> Ja joguei diversos jogos de guerras antigas com a segunda e primeira guerra, mas esse jogo para mim é o melhor jogo de primeira guerra"
222045890,75.1,False,0,"O sistema de carregamento dos servidores dura uma eternidade, ate conseguir jogar voce ja desanimou de tanto tentar entrar em uma partiida."
222042868,18.616666666666667,True,0,"História impecável, as cutscenes. Cara que jogão. Se você curte um bom modo história vale a pena comprar, só não gostei muito do multiplayer, mas tem quem goste, vai de cada pessoa. (Único ponto ruim que mesmo na maior dificuldade, o jogo é fácil)."
222024575,19.383333333333333,True,0,"com certeza [é o BF mais realista em ambientação e jogabilidade que faz te lembrar que estaria em uma Guerra real, e não em um filme de ação que você é o protagonista que mata todo mundo."
222011975,422.56666666666666,True,0,"Jogo bom por enquanto, ainda muito a jogar pra ver o resto da obra."
221970496,104.93333333333334,True,0,"Namoral, que jogo bom, porém o bagulho do HDR é chato pkrl"
221958927,14.25,True,0,o jogo incrivelmente consegue rodar no meu pc com realismo pesado e olha que meu pc nao e dos melhores nao
221934075,250.5,True,10,"Aviões e dirigíveis cruzando o ar. Navios e barcos cortando os mares. Soldados e tanques avançando em terra. Battlefield 1 é um dos títulos mais imersivos que tive o prazer de jogar. Logo no seu prólogo, o jogo deixa claro: na guerra, o caos está sempre à espreita. No formato de antologia, os jogadores acompanham seis Histórias de Guerra no Modo Campanha, as quais, às suas maneiras, demonstram o horror de se estar em guerra. Através da sonoplastia, da trilha sonora impecável, a qual acompanha a tensão crescente dos capítulos, e da ambientação, suja e sombria, por exemplo, BF1 é uma aula de como colocar o usuário diretamente no centro da ação. Muito me agradou o fato de a campanha ser dividida em histórias que, apesar de possuírem denominadores em comum, não são ligadas entre si. Assim, conseguimos acompanhar a guerra através de diferentes pontos de vistas, além de nos transportar para cenários e conflitos distintos. Sempre valorizei por produções que focam mais no drama e no humano do que na ação em si, então creio que nesse sentido Battlefield 1 se saiu muito bem. A campanha já é bem imersiva, mas a magia mesmo é quando entramos no modo multijogador. Os mapas extensos, as batalhas frenéticas, os visuais das armas e dos veículos e todo o trabalho de som te dão a sensação de estar realmente vivenciando uma guerra por meio da tela do seu computador. É comum, por exemplo, estar correndo ao lado do seu pelotão quando, do nada, um avião inimigo cai logo na sua frente, explodindo em mil pedaços. Ou então presenciar um enorme dirigível em chamas caindo do céu. Aliás, os veículos colossais são um ponto altíssimo da experiência de jogar no multiplayer. De forma resumida, BF1 é uma experiência imersiva que te prende do prólogo ao epílogo, da trilha sonora a gameplay, do visual aos contos dos personagens. É o tipo de game que te faz, após uma jogatina, parar e pensar: ""é por esse e outros motivos que gosto tanto de jogar videogame""."
221933370,67.43333333333334,True,0,"Jogaço, muito boa a gameplay, o estranho seria as armas em comparação com outros da franquia mas com pouquíssimas horas já acostuma. Só pega!"
221928446,11.95,True,0,"é bom na promoção de 9,99, se não não vale"
202607743,0.36666666666666664,False,2,"A PESSOA COMPRA ESSE JOGO E NÃO FUNCIONA DE JEITO NENHUM, A EA FICA DANDO ERRO TODA HORA, JÁ TENTEI DE TUDO, JÁ PROCUREI E FIZ UM ESFORÇO DA PESTE PRA VÊ SE FUNCIONA. POVO FALARAM MIL SOLUÇÕES E MESMO ASSIM, NADA! ATUALIZAÇÃO FEVEREIRO DE 2026 - TENTEI DAR OUTRA CHANCE PRA VE SE O JOGO PEGA, E CONTINUA DANDO ERRO, SE NÃO É UMA COISA É OUTRA COISA. EA ESSE É O PRIMEIRO E ULTIMO JOGO QUE COMPRO COM VCS."
221882275,12.733333333333333,True,0,Acho que tô ficando paranoico com os sons de tiro 😑
221878492,14.1,True,0,"Bora jogar povo, é o que resta, porque esse BF6 ta com nada bora que tem servidor ativo só filtrar corretamente."
221840916,18.466666666666665,True,0,Pra quem gosta de jogo um pouco dificil e de guerra sem arma futurista essa é sua melhor opçao
221834562,4.966666666666667,True,0,"Sempre fui Fa de Battlefield desde o bad company 2, jogava mto no console agora com essa promoçao do BF1 nao pensei duas vezes, ja queria jogar e nao me decepcionei, multiplayer divertido e campanha tambem para quem gosta, da pra passar um bom tempo jogando e aproveitando"
221827129,0.15,False,0,"NÃO EXISTE SERVIDOR SA (South America). Nem nenhum latino. Servidor mais perto, online, é Estados Unidos, logo, menor ping q vc vai ver é 127ms, o que é um ping altíssimo se vc quer jogar um FPS competitivo online, você com 127ms de ping contra um americano com 8ms de ping, o americano SEMPRE vai estar a sua frente, se vc não liga pra morrer igual barata e sempre estar em desvantagem em jogos competitivos, esse game é ideal pra vc. Paguei 9 reais, o valor de um pastel, logo não perdi mt dinheiro. Gráficos bem ultrapassados, jogo bem OK. Comprei pra jogar online, a campanha eu nem vi."
221794312,173.7,True,2,"Quer sentir o verdadeiro caos da guerra? Battlefield 1 entrega tiroteio, explosões e muita confusão na Primeira Guerra Mundial. Aqui é cavalo, tanque e avião tudo ao mesmo tempo — e sobrevivência é opcional. 10/10"
179440071,79.31666666666666,True,0,"Jogo bom, imersivo e com gráficos que batem em muitos jogos de hoje em dia. O único ponto negativo são aqueles ratos snipers que lhe acertam de lá do inferno."
221771636,22.033333333333335,True,0,"Jogabilidade perfeita, imersão 10 de 10, efeito sonoro bom de mais. Época em que a DICE fez um BF bom e de qualidade"
221760823,13.883333333333333,True,0,"cara eu to começando gostar de battlefild to começando por esse (porque só esse roda) mais se eu recomendasse para alguem que n sabe a saga ou pensa em comprar um, recomendo o 1 para quem gosta de guerra mundial só fico desanimado pq a historia é bem curta para o que o jogo oferece :/ tipo nessas 8h de gameplay eu já zerei..."
221748136,34.31666666666667,True,0,"Então, gráfico lindo, bem renderizado em alguns aspectos, alguns bugs, mira e contato: exemplo asa do avião bate mesmo longe da rocha, tiros na cabeça não matam mesmo sendo um tiro no olho kkkk, algumas armas potentes matam com tiro no corpo menos na cabeça! Jogo de guerra sem mutilação, braços e pernas ficam intactos sempre heheh. Mas nada que tire a diversão da campanha! Ainda mais na promoção!"
221714285,4.4,True,0,"Gráficos insanos, física massa, história pouco inspirada, multiplayer com pouca gente na América do Sul. Em resumo, na promo vale a pena demais."
221710566,18.616666666666667,True,0,Jogo muito bom mas tem um porem tem que fazer um filtro para achar serves BR mas e tranquilo. No começo vai morrer para os jogadores jurássicos direto mas depois vc pega o jeito
221705622,11.9,True,0,"MUITO DAHORA, SENDO BEM MAIS QUE UM JOGO, MOSTRANDO VARIOS PONTOS DA PRIMEIRA GRANDE GUERRA !! RECOMENDO."
220766712,11.0,False,0,"O jogo está mais vivo do que nunca em pleno 2026, muitos servidores lotados vale muito a pena na promoção, melhor battlefield de todos, insuperável. porém extremamente bugado crasha do nada o tempo todo no meio da partida."
221700981,10.0,True,0,Perfeito melhor jogo que ja joguei multiplayer e campanha ate as musicas do do jogo e bonita nao tem jogo melhor
197732877,481.48333333333335,True,0,"Bom jogo. Joguei online, tem poucos servidores brasileiros mas são muito bons, as vezes pega fila mas não é muito longa. A R$9,95 vale a pena demais."
221693870,4.616666666666666,False,0,Essa porcaria fica dando erro javelin anti cheat não consigo resolver..
221677222,6.0,True,0,"Já tive a oportunidade de jogar bf1 em outras plataformas e achei incrível, comprei na steam por conta da promoção e tô revivendo a raiva que esse jogo me fez passar no xbox. Apesar do estresse a parte de matar alemães é super legal. Esse é provavelmente o jogo sobre a primeira guerra mais bem feito que eu já joguei. não vale o preço cheio de 200 reais, mas sempre que tiver uma boa promoção compre sem medo e aproveite o prazer de explodir os alemães com mísseis de aviões e tanques 10/10"
221635557,42.2,True,0,fui pegar um carro e caiu uma bomba nele fiquei muito triste
221630379,10.216666666666667,True,0,"Esse jogo é totalmente Absolute cinema!!! Foquei apenas na campanha, e com certeza é um dos jogos mais imersivos já produzidos. O multiplayer é o mais justo dos BFs, pois aqui não se mexe na arma, é apenas trocação sincera de tiro. JOGAÇOOOOO"
221630243,31.1,True,0,Melhor Bf de todos os tempos. Mais imersivo que esse impossível.
221626028,2.0833333333333335,False,0,"Jogo horrivel, todo bugado, 20min e nao consegui ainda entrar em uma partida...."
221613218,7.733333333333333,True,0,"Um dos melhores jogos de guerras que existem, esse jogo é retratado na primeira guerra mundial, mostrando principalmente o lado francês na guerra, com uma história realmente fiel a história mas com algumas adaptações para fazer um jogo tipo os personagens principais que não são realmente inspirados em ninguém da vida real, mas as organizações militares são reais e os cenários bem parecidos no que acontecia na epóca. Comprem numa promoção já que o jogo é curto e sempre tem promoções de 90% ou mais no jogo, ou seja, comprem sem medo pois esse jogo muda vidas."
221585755,84.26666666666667,True,1,"melhor battlefield já feito. imersão absurda, otimização absurda, mapas incríveis que não punem a infantaria e principalmente a melhor divisão de classes de toda a franquia. 10/10"
221550895,116.75,True,2,"a campanha é meio fraquinha, mas o multiplayer é bom"
221544131,8.983333333333333,False,0,Jogo ate que bom porem peca no excesso de missao em veiculos.
221537726,24.116666666666667,True,1,"jogo é foda, incrível que mesmo sendo de 10 anos atrás o jogo ainda tem gráficos bom, gameplay boa e jogadores ativos nela, poderia dizer uma obra de arte."
221537677,15.666666666666666,True,2,melhor jogo de guerra já criado na história da humanidade
221531671,93.93333333333334,True,1,"O melhor jogo de tiro que já joguei em toda a minha vida, além de bem otimizado, os gráficos são surreais de bonito"
221530820,22.766666666666666,True,0,"simplesmente o melhor bf de guerra antiga de todos os tempos, esse jogo é uma imersão do krlh. vc olha pro lado tem um maluco sendo explodido por um projetil de tanque, olha pro outro tem um cara sendo brutalmente morto por uma baioneta. Olha pra frente e é morto por cara em cima de um cavalo que te atropela e logo seguinte é morto por uma explosão. 10/10"
221525126,3.8,False,1,n vale a pena o pvp esta morto n econtra jodores porem o modo historia e bom
221524048,0.18333333333333332,False,0,"eu queria muito jogar o jogo más toda via porém , o jogo. dá um erro falando que o drive amd está precisando atualizar sendo que a mesma está atualizada. eu fiquei muito barriado e indignado com isso pois eu paguei pelo jogo vim com esses problemas"
221506060,55.88333333333333,True,2,"voce, nasce e morre dps morre msm morto ja, dps toma um tiro dde sniper de mais de 300 metros dps morre de novo, simplesmente bf1"
221454662,11.1,True,2,"Joguei Battlefield 1 e sério… que experiência. O jogo se passa na Primeira Guerra Mundial e consegue ser MUITO imersivo. A campanha me pegou de um jeito que eu não esperava, porque não é só sair atirando, dá pra sentir o peso da guerra, o desespero, a tensão constante… é bem pesado em alguns momentos. As histórias são bem marcantes também. Mostram muito essa parte de coragem no meio do caos, lealdade entre os soldados e até amizade quando tudo tá literalmente desmoronando. Não é só ação, tem bastante emoção envolvida. Uma coisa que eu gostei MUITO foi o cuidado com os detalhes da época. As armas são bem diferentes do que a gente vê hoje, os tanques são mais “brutos”, as táticas mudam bastante… e tem até missão que você usa pombo pra comunicação kkk achei isso muito incrível e diferente. E o áudio… sério, o áudio desse jogo é absurdo. Os sons das explosões, tiros, tudo… parece que você tá dentro de uma trincheira mesmo o.o dá uma imersão surreal. Enfim, se você curte FPS mas tá cansado daqueles jogos genéricos de sempre, e ainda gosta de um contexto mais histórico, esse aqui vale MUITO a pena."
221438257,13.216666666666667,True,2,"O modo online é muto massa, muito completo e um dos melhores da categoria."
221418695,4.6,True,0,Desinstalar o EA App (Origin) Comprar Battlefield 1 no Steam Abrir Battlefield 1 Entrar no EA App (Origin) Sou um completo idiota
130366133,781.3,True,2,"Tudo nesse jogo tem uma aura especial, pra mim pessoalmente. Não joguei na época que foi lançado, peguei o multiplayer bem depois mas posso afirmar com todas as letras que é o melhor que já joguei. A atmosfera desse jogo é imersiva e impressionante, os gráficos são realistas na medida do possível, os mapas são muito marcantes, quem não sente a apreensão de jogar em paschendalle? o mapa que é a encarnação do campo de batalha da primeira grande guerra, lama, gás e morte andam lado a lado nesse mapa foda. Como não amar AMIENS? o melhor e mais disputado mapa desse jogo e reconhecido como um dos melhores da franquia. Aaaaaa a trilha sonora, o que dizer da perfeição que é isso? só ouçam e aproveitem. Eu gosto demais desse jogo, vai ser sempre o meu jogo favorito da franquia. Sempre tem promos rolando então vale a pena pegar sem dúvidas, o multiplayer continua vivo e disputado como sempre. UM DOS MELHORES JOGOS DA FRANQUIA."
221394075,82.9,True,2,"Sem dúvidas o melhor BF da franquia em quesito imersão, jogo é CINEMA do início ao fim das partidas, vc vê avião caindo na sua frente, tank explodindo do seu lado, mapas lindos"
189062526,11.666666666666666,True,0,"🥈Excelente jogo de FPS! A ambientação, a história e o gameplay e gráficos são muito bons! Não vou me estender, já tem muito análise muito bem escrita para esse jogo! Só queria deixar meu +1 status: ✅ zerado"
221378853,133.15,True,0,"Depois de 10 anos apos o lancamento, esse jogo ainda surpreende pela gameplay e qualidade grafica, melhor que muitos jogos da geracao atual."
221344688,4.933333333333334,True,0,Eu tinha mais de 1.000hrs de jogo dessa obra prima no meu console. Comprei agora na versão de PC também. Porque isso aqui é uma obra de arte em formato de jogo!!!
221327179,27.483333333333334,True,1,"jogo INSANO, lindo até pra hoje em dia e bem otimizado."
221324638,12.433333333333334,True,0,"em 2026, jogo muito bonito graficamente, ainda divertido com boas historias, a do corredor foi triste. em 2026 não tem quase jogadores no multiplayer."
221323723,7.783333333333333,True,0,"Jogo é ótimo, roda muito bem mesmo e não é exigente em termos de hardware e definitivamente compensa comprar em promoção. O sistema da EA não é nada bom e deixa muito a desejar, fora que o suporte da EA é inexistente então se tiver problemas boa sorte, há também o problema de servidores vazios, em especial os BRs, mas mesmo considerando estes fatos ainda creio que o jogo compensa, apenas compre se em promoção no entanto."
221319295,8.733333333333333,False,0,"lixo da des.... jogo depende da maldita da ea app mesmo comprando pela steam ea mais bugada que tudo jogo nao abri nem se implorar de joelho nem de graça vale, paguei 10 real dava um sorvete pra mina muito maiiiis lucru pqp perdi 10 reais obrigado ea"
221317031,121.88333333333334,True,0,"Aqui você tem uma experiência de como realmente foram as trincheiras da primeira guerra. Ambientação incrível, armas com uma dispersão horrível, cavalaria sendo explodida por lança granadas, tanques chatos pra caramba e aviões bombardeando. Médico só não trabalha mais que na época da Covid-19 com 1 bilhão de casos por metro quadrado segundo a mamãe Globo. JOGAÇO."
220775087,9.0,False,3,"vai tomar no cu da EA toda hora essa porra fica desconectando dessa merda no meio da partida, tolo é o homem que acredita que a EA podia um dia mudar pra melhor, que Deus tenha piedade da almas dos funcionarios da EA quando eles estiverem queimando no fogo do inferno, esqueci de falar sobre o jogo, ele é ótimo mas eu continuo odiando tudo e todos relacionados a EA, que um dia eles sofram pelos pecados que cometeram na terra mas enfim, ótimo jogo"
221291424,10.733333333333333,True,0,Como não amar BF (OWN) a imersão é de saltar aos olhos e esquentar o coração! Já havia jogado BF1 genérico aquele da shopee que tem de graça pra baixar pra quem quiser (T@rr3nT). Mais quem não quer ter essa maravilha na biblioteca! E roda lindamente no meu PC FRACO com bons gráficos nada de precisar diminuir resolução! Enfim sonho realizado e já aproveitei comprei o BF5 tmb obrigado pela Bundle Steam! Tmj Família só vai que BF é vida!
221288738,25.666666666666668,True,0,"Gostei, tem uma pegada mais lenta mas sem deixar de ser um pouco arcade"
221255854,3.45,False,1,"o antcheat da EA simplesmente não deixa eu jogar, sendo que jogo o BF4 normal, estou a 7h tentando funcionar esse jogo descobri o que atrapalhava e arrumei, porem perdi a vontade total de jogar. 2 DRM EM UM UNICO JOGO NUNCA IRA DAR CERTO!"
221241471,8.983333333333333,True,0,jogo bom pra caralho mas tem uns filhos duma puta com umas desgraça de cavalo achando que ta jogando red dead pra ficar com essa desgraça desse cavalo a partida inteira
221233591,11.066666666666666,True,1,"""somos as futuras lendas e os que são esquecidos pela história"""
221229766,33.666666666666664,True,0,Acabei de eliminar 2.050 cavalos! Eu sou o cara que mais abate cavalos no globo terrestre! Eu sou o cara que mais explode cavalos no mundo!
221215545,6.433333333333334,True,0,"Esse jogo é simplesmente perfeito. A imersão é de outro mundo. Joguei por muitos anos quando tinha meu Playstation 4. Agora, faz 3 anos que tenho esse jogo pelo computador e não consigo jogar pois não consigo conectar aos servidores EA. Já tentei muita cosia mas nunca dá certo. Se alguém souber e puder me ajudar, agradeço demais"
221212386,37.53333333333333,True,0,"Jogaço da poha. Imersivo - tão imersivo, que te deixa frenético por conta da realidade da guerra. Modo História é sensacional - ao mesmo tempo que é uma introdução ""tutorial"" de como funciona pra jogar no multiplayer, a história é incrível. Trilha sonora é impecável. De pontos negativos para alguém, só citaria a disparidade de níveis que às vezes ocorre, mas é normal (exemplo: sou nível 6, e jogo contra alguém nível 130). Sei que isso é normal, mas para algumas pessoas isso pode ser ruim. Pra mim: um dos melhores jogos de Guerra, senão, o melhor."
221208060,11.583333333333334,True,1,Ainda vale muito apena 10 anos depois e os grafisco a jogabilidade e as atmosfera de guerra e insano
221201216,332.05,True,0,"Melhor BF já feito, nem o BF 6 supera. O grafico mesmo depois de uma decada supera o BF 6 e 2042. Sem conta que é um jogo raiz sem frescura e com muita historia. Simplesmente perfeito."
221130740,12.166666666666666,True,5,"um bom jogo para quem gosta de algo frenético e rápido, duas missões em espeficas foram bem chatas, no geral é bem recomendável, ainda mais se pegar em promoção (que foi o meu caso)."
221194545,23.333333333333332,True,0,"muito bom o jogo, pena que o mclanche n gostou"
221184778,51.333333333333336,True,0,"Na minha humilde opinião esse é o ultimo Battlefield feito que te da a sensação de estar numa guerra, os sons dos tiros e os cenários são muito bem construídos ,a movimentação parece a de um soldado da época, depois de Battlefield 1 foi só ladeira abaixo,bf6 é bom mas fruto de um amontoado de reaproveitamento do bf5 e 2042 disfarçados..."
221111947,4.233333333333333,True,0,"Apos abrir o jogo e entrar em uma guerra com 70 pessoas, Estava dominando uma bandeira e um tank de guerra apareceu na minha frente e me deu um tiro que meu corpo foi dilacerado. Nota: 10/10 Jogasso da porra"
221088436,49.56666666666667,True,0,"Um dos melhores battlefields já feitos, na verdade um dos melhores jogos de guerra que já joguei. O som das explosões, os soldados gritando de dor e o ambiente que te faz ver a guerra é o demonio da humanidade. Amei este jogo no ps4 em 2017 e o amo agora no PC."
221077819,14.366666666666667,True,0,"Esse jogo já tem 10 anos e ainda continua divertido. As grandes destruições de cenários, som das armas e a jogabilidade faz desse Battlefield bem único."
221077338,5.166666666666667,False,0,"A EA sendo a ##### de sempre... jogando normal, o jogo fecha porque o anti-cheat achou uma configuração inaceitavel... meu pc não nada além da ##### do jogo de 100gb..."
221065690,14.3,True,0,"Jogo bacana, ambientação foda, trilha sonora boa, e o melhor de tudo, poder dar bala em nazista. Recomendo 10/10"
221031853,17.566666666666666,True,0,"Battlefield 1 é praticamente cinema jogável. A ambientação, o som e a escala das batalhas criam momentos que parecem cenas de filme, só que surgem naturalmente durante o gameplay. Mais do que um FPS, é uma experiência imersiva e espetacular que continua impressionando até hoje."
221021538,29.466666666666665,True,0,Um dos melhores ou talvez o melhor jogo do estilo.
221018942,6.833333333333333,True,9,"incrível como um jogo de 10 anos atrás consegue ter um gráfico e sonoplastia melhor que os atuais além de ser extremamente otimizado, bf1 sola aquela merdα de bf6"
221014611,10.616666666666667,True,0,obra de arte. perfeição unico problema e que a historia dura pouco
221011030,12.666666666666666,True,0,-Matei 28 pessoas -corri -me escondo -morri e reencarnei -voltei para casa e joguei Battlefild 1 MT bom só odeio o trem blindado
221001923,48.833333333333336,True,0,Um dos melhores BF pode comprar sem MEDO que a EA não vai desligar os servers
221001682,7.816666666666666,False,0,"No começo o jogo é encantador, tudo muito bonito e profundo, o modo historia mostra o horror da guerra... mais sabe oque é ainda mais assustador? MICROTRANSAÇÕES. E é ai que você percebe que o jogo é feito pela EA, e meu amigo que empresinha meia boca, eles pegam oque é essencial no multijogador que são as ARMAS e botam as ARMAS DO JOGO como dlcs, ou seja.... o multijogador se resume em quem pagou para ter armas melhores sem contar que o jogo ja é 200 reais, e eles te obrigam a pagar mais 50 rais ou até 100 reais a mais para ter o BASICO. LEMBRANDO QUE ESSE JOGO É CARO E BEM CARO."
221000837,14.583333333333334,True,0,"pqp que jogo bom da desgraça, zerei em menos de 3 dias (sim, eu zerei com 7 horas de jogo) é estupidamente balanceado, e os gráficos, muito melhores do que eu imaginei pra mim a melhor fase é a da black bess, mas todas são muito boas, garanto que vale a pena e vai ser muito boa a sua experiência. (Detalhe: o meu rodou a 60 fps no gráfico bom) Já comprei o 4 e vou platinar é agora (na real tenho que baixar.) RESUMINDO: jogo foda"
220997644,13.4,True,0,"BOM para um caralho, sinceramente um dos melhores BF que já joguei"
220989339,32.03333333333333,True,0,"Top 3 melhor Battlefield disparado, ambientação muito boa e um ótimo jogo pra se jogar mesmo após quase 10 anos."
220961041,6.2,True,0,"Esse jogo é muito bom, joguei muito no xbox one, e agora volto a jogar e a experiência continua a mesma, excelente jogo."
220950916,6.066666666666666,True,1,"Battlefield 1 me surpreendeu muito pela forma como retrata a guerra. A campanha consegue realmente te colocar dentro do conflito. Ao ver toda a destruição, as mortes e o caos do campo de batalha, é impossível não imaginar como foram aqueles momentos na vida real. O jogo passa uma sensação muito forte de estar vivendo aquele cenário. As histórias são muito bem contadas e conseguem prender do começo ao fim. Cada capítulo traz personagens e situações diferentes, o que torna a experiência ainda mais impactante."
220950127,5.45,True,0,"MUITO TIRO E BOMBA, PREPARATIVO PERFEITO PARA A TERCEIRA GUERRA MUNDIAL"
220941937,25.5,True,0,"Melhor jogo de guerra que tem. Se possível joguem de fone, a sonoplastia é absurda"
220940817,7.95,True,0,"Jogo muito bom, a única coisa ruim é a história ser muito curta, tirando isso, é um jogão."
220940430,9.65,True,0,"jogo divertido, as histórias da campanha são lindas, eu NÃO vou completar o jogo no modo difícil de jeito nenhum, eu me recuso. Senhor, que trem desgraçado q é aquele da ultima fase, boa sorte quem for jogar"
220925134,0.4166666666666667,False,1,"o porra do anticheat desse caralho não deixou eu jogar, pedi reembolso"
220918166,8.566666666666666,True,0,"O segundo melhor da saga Battlefield, perdendo apenas para o BF4. Jogo muito polido, otimizado e divertido. Apenas acho que a interface de armas e equipamento poderia ser mais intuitiva e acessível em determinados momentos, como enquanto você está na fila de espera para entrar em um servidor. Ademais, o jogo tende a ter picos de jogadores, o que limita o multiplayer em determinados horários do dia."
220916159,0.21666666666666667,False,0,"Tá extremamente bugado, travando a cada 5s e agora o jogo não abre mais. xd xd xd"
220893353,19.333333333333332,True,7,"Battlefield 1 voltou com tudo por causa da promoção de 95% de desconto! 17mil jogadores jogando no momento em que eu faço essa análise. Os gráficos estão muito bonitos e relativamente leves, a jogabilidade é incrível. Os Battlefield acabam sendo mais difíceis de jogar do que outros fps, como CS, o mundo é gigantesco e não é somente armas, é tanques, aviões e outros. O tema da Primeira Guerra é bom demais, as armas, até o som, muito similar ao que se vê em filmes muito realistas, parecendo que realmente estamos lá, é muito imersivo. A trilha sonora tá muito zika, as narrações antes das partidas estão poéticas. A campanha tem um toque especial, é praticamente um filme, é um jogo de guerra que faz críticas a guerra. ""A guerra que acabaria com todas as guerras. Mas que não acabou com nenhuma"" No meu pc eu abaixei a resolução e qualidade para jogar, mas consigo 30 fps de boa"
220854475,11.916666666666666,True,0,"🪖 Battlefield 1: Onde o Terror é Lindo e o Grito é Real Prós: Atmosfera de Cinema: Nenhum jogo de guerra chega perto da imersão disso aqui. O som dos apitos avançando, a lama cobrindo sua arma e os gritos... meu amigo, você se sente em 1914 em 5 minutos. O Som do ""Ping"": Nada, absolutamente NADA na história dos videogames é mais satisfatório do que o som de um headshot com uma Gewehr 98. É música para os ouvidos. Behemoths: A gente está perdendo feio? Relaxa, o jogo manda um TREM BLINDADO ou um DIRIGÍVEL GIGANTE pra gente tentar virar o jogo na base do puro ódio. Cavalaria: Atropelar snipers no deserto montado num cavalo que aguenta mais tiro que um tanque leve. 10/10. Contras: Gás Mostarda: Se você esqueceu de botar a máscara de gás por 0.5 segundos, parabéns, você virou estatística. Bayonet Charge: Você está lá, focado, mirando... e do nada ouve um ""AAAAAAHHHHHHHH"" ficando cada vez mais alto até ser espetado por um doido que atravessou o mapa correndo. Artilharia Móvel: Sempre tem aquele cara que fica na borda do mapa com um caminhão de artilharia fazendo 50/0 e estragando a alegria de quem está no objetivo. Veredito: Em 2026, ele continua sendo o ápice da franquia. É visceral, é pesado e é visualmente absurdo até hoje. Se você quer sentir o peso de cada tiro e o desespero de uma trincheira, esse é o seu jogo. Nota: Um pombinho-correio de 10."
220848703,5.833333333333333,True,0,"so pelo fato de falar muitas coisas sobre a grande guerra ja recomendaria esse jogo, e ser baseado em fatos reais ja ganhou uma confiança"
220847666,39.85,True,0,"Joguei muita na EA, ai aproveitei para sincronizar com a Steam pegando na promo de 9 pila"
220845704,3.5,False,21,SUCUMBA EA!!! Baixe o jogo Abra o jogo (pop up da EA) Jogo não abre :D Feche o app da EA e EA Background Service Att os drivers reinicie o PC Abra o jogo novamente (pop up da EA) Comece a jogar Jogo fecha sozinho... Repita novamente o processo acima :D
220830399,48.06666666666667,True,0,frenetico pra krl e bom pra jogar com os amigos
220798195,27.266666666666666,False,3,"O >jogo< é bom. Mas o launcher da EA é uma merda. Mesmo você comprando o jogo pela steam, você tem que sincronizar com a EA pra poder jogar, e o jogo só abre com essa bomba rodando de fundo. Problema é: muitas vezes esse launcher buga, não permitindo que o jogo abra. O menu do game também é horrível. É bem simples, o que é bom, porém muito bugado. Quando você abre uma pré-seleção de grupo pra jogar com os amigos, você simplesmente não consegue se juntar a um servidor, ficando preso num loading infinito. Só dá pra jogar com amigos quando alguém entra num servidor e você se junta a partida depois. Melhor coisa que a DICE fez no BF6 foi tirar a necessidade de ter essa merda de EAapp aberto pra poder jogar. Outra grande merda que estraga completamente a experiência são os constantes desconects. E não é um problema só comigo. Outros 2 amigos que estavam jogando também tomaram desconects no mesmo momento que eu, várias vezes. Tudo isso torna a experiência intragável. Baixei novamente para jogar com amigos por conta dessa promoção que eles aproveitaram e compraram. Mas recomendo que não façam o mesmo. Não vale a pena. É uma lástima porque o >jogo< é muito bom."
220781669,4.483333333333333,True,0,"nao joguei a campanha, só o online, e é bem daora, mas falta servidor br, a maioria dos sv sao americanos. em compensaçao, o BF4 ta por 2,95 no app da EA, e la tem mais servidores br, a maioria lotado e com fila, mas por 9 pila ta mais que joia antes de comprar qualquer jogo que seja da EA, tenha em mente q é um GIGANTESCO LIXO O APP DA EA, td hr o bf4 fica caindo, diz que os servidores perderam a conexao, e nao, nao é a minha interne. eu odeio a EA com todas as minhas forças"
220783814,30.016666666666666,True,0,"Com certeza o MELHOR JOGO FPS q eu já joguei. A atmosfera, o clima, os gráficos, a otimização. Tudo nesse jogo é simplesmente perfeito. RECOMENDO MUITO!!!"
220774077,47.1,True,1,"Um dia, isso tudo chegará ao fim. ""A guerra que acabará com todas as guerras"", seja de qual lado for, as armas enferrujarão, a grama crescerá, não sobrará nada mais do que conhecemos. A terra irá se regenerar, como sempre acontece com todas as coisas. Nós já não existiremos mais, mas talvez, não sejamos esquecidos. Se a história recordar apenas um a cada mil de nós, o futuro será repleto de histórias sobre quem fomos e o que fizemos, como vivemos, como lutamos e como morremos. Quando tudo isso acabar e a guerra for vencida, eles se lembrarão de nós. Mas até esse dia chegar, nós resistiremos, olharemos nos olhos da morte, e lutaremos... ATÉ O FIM!"
220764479,3.3666666666666667,False,0,"Pior experiência que eu já tive na minha vida, nunca joguei e nunca vou jogar essa bosta. vai se foder EA seu lixo de merda, contrate alguém melhor pra fazer esses menus retardados, não consigo nem jogar com meu amigo próstata, porra."
220762943,128.83333333333334,True,0,"infinity best yhan Battlefield 6, more immersive, team job is reward and atmosphere is just insane"
220757013,12.4,True,56,"ANÁLISE RÁPIDA ===Gráficos=== 🔲Jogo de Atari é mais bonito 🔲Aceitável 🔲Bom 🔲Ótimo 🔲The Witcher 3 ✅️Cada frame foi pintado por Da Vinci ===Requisitos=== 🔲Uma calculadora com 1 pilha 🔲Um celular 🔲Um pc de entrada ✅️Pc com CPU e GPU muito boas 🔲Pc da NASA ===História=== 🔲Nenhuma 🔲Tem uma historinha 🔲Uma história digna de prestar atenção 🔲Muito boa 🔲Feita pelo Tolkien (prepare o coração) ✅️ABSOLUTE CINEMA ===Jogabilidade=== 🔲Precisa de dois dedos pra jogar 🔲Aceitável (4 dedos pra ser específico) 🔲Jogabilidade bacana ✅️Jogabilidade excelente 🔲Revolucionário ===Complexidade=== 🔲Jogo da velha é mais complexo ✅️Fácil de entender 🔲Fácil de aprender, difícil de dominar 🔲É daqueles jogos que as pessoas ficam estudando 🔲Precisa de, no mínimo, 2 doutorados ===Dificuldade=== 🔲Seu cachorro consegue 🔲Fácil ✅️Médio 🔲Quase Dark Souls 🔲Dark Souls 🔲Se você for humano, esquece ===Tempo de jogo=== 🔲Da pra jogar enquanto ouve 1 música 🔲6h 🔲12h 🔲24h ✅️48h 🔲100h+ 🔲Você começa, seu neto termina ===Áudio, músicas=== 🔲Beep 🔲É melhor jogar no mudo 🔲Aceitável 🔲Muito bom ✅️Músicas escritas por Hans Zimmer 🔲Mozart escreveu junto com Beethoven ===Bugs=== 🔲Nunca vi nenhum ✅️Pequenos bugs 🔲Pode ficar irritante 🔲Pode estragar a gameplay 🔲Ubisoft ===Público=== 🔲Crianças ✅️Adultos 🔲Jogadores casuais 🔲Jogadores profissionais 🔲Tudo e todos ===Microtransações/Conteúdo pago=== 🔲Nenhuma ✅️Poucas, mas valiosas 🔲Algumas 🔲Muitas 🔲EA 🔲A EA teria inveja ===Multiplayer/Coop=== 🔲Forever alone (não tem) 🔲Bem básico 🔲Dá pra rir 🔲Bem divertido ✅️Muito competitivo 🔲CS 2 ===Comunidade=== 🔲Irrelevante ✅️Legal 🔲Bem amigável 🔲Competitiva 🔲Seita 🔲CS 2 ===Compensa Comprar? === 🔲De graça é caro 🔲IT'S FREE ✅️Preço justo 🔲Compre se tiver dinheiro sobrando 🔲Espere uma promoção 🔲Caro demais não recomendo 🔲Mais fácil você queimar seu dinheiro === Nota final === ✅ 9/10 Fotografia cinematográfica, história envolvente, ambiente muito imersivo, multiplayer sensacion, completasso."
220756110,9.966666666666667,True,0,"JOGO LINDO , MUITO TOP ATÉ HOJE MUITO BOM PARA TER SIDO LANÇADO EM 2016 , JOGO ARTE , PARECE UM FILME O GAME"
220752955,8.9,True,0,"Um belo jogo, faz aquela sua vontade de garoto de participar de uma guerra sumir assim que você entra em uma partida e começa a ver pernas e balas voando pra todo lado. Aconselho a compra em promoção, pois existem poucos servidores atualmente."
220751833,0.23333333333333334,False,3,Detected AMD radeon driver version 0.0.0. The required driver version is 16.20.1025 or later. Please update your drivers at before playing the game. vai se f0der vai EA🖕
220748769,20.183333333333334,True,0,Battlefield 1 é uma ótima escolha para quem gosta de jogos de tiro intensos e experiências cinematográficas. O jogo se destaca por vários motivos que fazem ele valer muito a pena.
220746350,8.95,True,0,"Simplesmente INCRÍVEL! Principalmente as histórias de guerra, elas são muito imersivas, os personagens fantásticos e a cinematográfica das cenas são muito lindas!"
220711492,21.35,True,0,"Esse jogo e irado, muito bonito e tem um feeling de guerra surreal, vale demais na promo de 10 conto"
220710509,34.766666666666666,True,1,"Obra de arte. Gosto tanto do bf1 que tenho ele no pc e no ps5, porque esse jogo te faz sentir na guerra com armas e veiculos bem diferentes. Dice tirou leite de pedra. A imersao desse jogo e indescritivel."
220708710,163.4,True,0,O jogo é ótimo e mesmo em 2026 ainda é melhor que aquela porcaria do BF6.
