review_id,author_playtime_forever,voted_up,votes_up,clean_text
232112322,79.43333333333334,True,0,"Gráficos: 10/10 (Consegue extrair tudo que sua GPU tem a oferecer, até uma 5090!) Jogabilidade: 10/10 (Você não vai enjoar fácil) Dificuldade: 6/10 (Não, não é um dark souls. Mas não é um aspecto ruim no jogo.) Trilha sonora: 10/10 (Rock'n Roll de sobra) História: 9/10 (Encaixa bem na proposta, mas não é nenhuma odisséia. Keanu Reaves ajuda muito.) Otimização: 10/10 Nota final: 9.5 - Ansioso pra um Cyberpunk 2, sem dúvidas."
232093819,187.65,True,0,"Eu já joguei o jogo diversas vezes mas ainda tem algo que eu tenho preguiça de fazer ler eu acho que o jogo seria muito melhor se tivesse uma dublagem para cada leitura no jogo do v e uma interação para tipo uma fala após uma leitura específica que deixava ele puto por exemplo algo que os rapinas fizessem ou lendo o trabalho dele tipo ""droga querem que eu vá no sigilo mas aqui vai ser difícil"" mas é só algo que nunca vai acontecer mas o jogo é ótimo mesmo assim"
232093097,126.9,True,0,"Não tenho palavras q possam descrever essa obra-prima, simplesmente um dos melhores jogos q eu já joguei na vida, facilmente ele entra no meu top 5. que jogo meus amigos que jogo, vai deixar saudades!!!"
232090422,24.816666666666666,True,1,"Perfeito. Cd projekt quando quer faz jogos sensacionais consegue com êxito, assim como The Witcher 3, ela acertou nesse game. Incrível mesmo o cp 2077."
232087941,70.51666666666667,True,0,"Um jogo 10/10, é inacreditável como esse jogo em 2026 ainda é excelente. Uma cidade viva, muito bonita, com NPC`s que a deixam assim. O forte não é a história principal, mas sim os personagens que são encontrados no caminho, missões secundárias incríveis e bem feitas, bons diálogos, quase não tive bugs na minha gameplay e uma trilha sonora muito boa. É definitivamente um jogo que vale o preço e o tempo que é colocado nele, muita coisa para se fazer em Night City parece que não tem fim kkkk. 10/10"
232086861,30.533333333333335,True,0,Um dos melhores jogos que já joguei. História boa. Gráficos bons. Ansioso para possíveis futuras DLCs
232086456,86.7,True,0,Puta que pariu se eu pudesse eu namorava esse jogo pra sempre.
232085089,83.8,True,0,Dps que a maioria bugs foram resolvidos o jogo virou outra coisa
232083760,6.416666666666667,True,0,"É bem bom, mas cheio de bug. kkkkk Cyberbug kkkk"
232082359,189.71666666666667,True,0,"Simplesmente Cyberpunk. Não tem como descrever de outra maneira. Está nos top 5 melhores jogos da minha vida, perdendo por pouco para Skyrim, que está no top 1. Tem tudo. Trama, gameplay, o mundo aberto, as missões principais e secundárias e PQP, os personagens... oque falar dos personagens. Night City é uma cidade FDP, mas cara, que ambiente maravilhosamente interpretado. Assisti todos os créditos. Fiz e faço questão de prestigiar todos os envolvidos da CD Project Red que deram seu tempo para concluir essa obra prima. Isso não foi só trabalho, teve muito amor envolvido aqui, e o resuldado foi essa maravilha em jogo. Vale tanto o preço cheio quanto em promoção."
232078332,17.483333333333334,True,0,"O jogo simplesmente é uma obra de arte, do começo aos finais. vale a pena pra qualquer um que queira passar o tempo desbravando nightcity ou quem quer apenas curtir uma história emocionante."
232073220,2.1333333333333333,True,1,"Platinei no PS5 e foi uma das melhores experiências que tive com videogames, aqui na Steam eu ainda não joguei muito pois o backlog está complicado, vocês com certeza me entendem hahaha ... Mas podem comprar e jogar sem medo, o jogo é fenomenal em tudo. História, gameplay, etc! Nota 10 mermão, podem financiar a CêDê Projeto Vermelho sem pensar duas vezes."
232071718,95.13333333333334,True,0,Dificil acreditar que esse jogo já foi ruim um dia
232069676,60.0,True,0,"É simplesmente meu jogo favorito ! Eu sou suspeito a falar porquê sou da área de ti focado em hardware então tudo que envolve tecnologia ficticia ou não, é do meu interesse. o jogo é simplesmente lindo, gráficos insanos (perfeitos pra testar gpu insalubre como a gt1030 kkkk) e a história é simplesmente digna de óscar, personagens vivos, carismáticos e cheios de personalidade. Eu de inicio achava que não iria gostar tanto do jogo pela temática de RPG que eu não sou muito chegado, porém nesse game eu afirmo com toda certeza que as mecânicas de RPG estão ai apenas pra acrescentar na vastidão de opções do mesmo e que em nenhum momento esse sistema me incomodou porquê eles implementaram ele de uma forma que praticamente tudo é opicional, upar habilidades na ""tec tree"", upar ou craftar itens e etc. Pra finalizar a única coisa que eu tenho pra reclamar do game em si seria a gameplay que pelo menos pra mim passa uma vibe de Far Cry (do 3 pra frente), onde as animações de ações do game são meio travadas, a dirigibilidade também não é nada interessante e não é muito bem explorada, as armas de fogo (tirando especiais) são praticamente todas iguais sendo que as mais divertidas e diversificadas são as corpo a corpo, e depois que você zera as missões principais e secundárias simplesmente só não tem mais nada pra fazer, tem modos infinitos no mapa de corrida e alguns poucos outros mas acho que faltou mais missões aleatórias pelo mapa ou alguns modos de jogo que fossem divertidos pra se fazer entre as missões ou depois de zerar o game. Dito isso o Cyberpunk 2077 continua sendo meu jogo favorito e tem um espaço especial no meu coração, parabéns a CDPR e a todos que trabalharam no desenvolvimento dessa obra de arte !"
232064762,244.23333333333332,True,0,"Devorem todos os rapinas, esses lixos NÃO PODEM respirar o mesmo oxigênio que eu, PRINCIPALMENTE depois de dogtown."
148462868,119.48333333333333,True,0,"Cyberpunk 2077 é um dos melhores RPGs narrativos que já joguei. O maior destaque do jogo, sem dúvida, é a sua história. A trama consegue prender do começo ao fim, abordando temas como identidade, ambição, amizade, perda e o preço de perseguir seus sonhos em um mundo dominado por megacorporações. A jornada de V é emocionante e cheia de momentos marcantes, enquanto a relação com Johnny Silverhand evolui de forma natural e cria alguns dos diálogos mais memoráveis do jogo. Os personagens são extremamente bem escritos e carismáticos. Cada aliado tem sua própria personalidade, motivações e conflitos, fazendo com que seja fácil se importar com eles. As missões secundárias vão muito além de simples tarefas: muitas contam histórias profundas, emocionantes e, em alguns casos, tão boas quanto a campanha principal. Além da narrativa, Night City é uma cidade viva e fascinante. Cada distrito tem sua própria identidade, e a ambientação faz você acreditar que aquele mundo realmente existe. A direção de arte, a trilha sonora e a dublagem contribuem para criar uma atmosfera única, que torna cada momento ainda mais impactante. Com as atualizações lançadas ao longo dos anos, a experiência ficou muito mais polida e estável, permitindo que a qualidade da narrativa brilhe como sempre deveria. Cyberpunk 2077 é um jogo que entrega uma história madura, emocionante e inesquecível, sendo uma recomendação fácil."
231859025,48.6,True,0,"Definitivamente um dos melhores jogos que eu já joguei na minha vida. História envolvente, narrativa construída a base de suas escolhas, gráficos absurdos e gameplay com diversas mecânicas."
230162960,18.133333333333333,True,1,"Tem uns bug ainda chato pra cac3ta, tem uma parte que no meu bugou e é impossível de fazer stealth, mas quando pesquisa no youtube os cara fizeram stealth dboa. Tirando isso bão"
232048367,77.88333333333334,True,0,"Se você viveu fora de uma caverna durante a década passada sabe muito bem o que foi Cyberpunk. Um hype gigantesco e monstruoso construído ano após ano, sustentando-se na grandeza de The Witcher 3, afinal era óbvio que a empresa desse monstro não iria errar, todos esperavam o jogo mais revolucionário da história, e quando veio todos se vestiram de palhaço enquanto ouviam Oasis (??), dada a tamanha tristeza e piada do lançamento do jogo. Pois bem, eu joguei Cyberpunk 5 anos pós lançamento e ainda achei bastante problema, entretanto meus amigos não o tiveram, o que leva a crer que foi algo com meu pc, então essa parte não há credibilidade de crítica. Agora falemos sobre o jogo em si: apesar de não ser nem um pouco fã desse gênero de ficção, me chamou atenção pelo detalhe de Night City. As luzes, as construções enormes e todo o cenário criam uma ótima ambientação, com áreas bem características. Npc's (ou pedestres) são muito básicos, nada de inovador e talvez aqui eu tenha me decepcionado, porém os personagens secundários são muito bem feitos e tem histórias incríveis. Por falar em história, ela é muito reflexiva, bem montada e curiosa, não vejo nenhum defeito narrativo sério, todos os personagens são bons e encaixam em um contexto específico, Johnny Silverhand é facilmente um dos personagens mais carismáticos que já vi em um videogame. A trilha sonora também é boa e encaixa no contexto, nada de defeitos aqui, embora eu sinta falta de um maior número de músicas, inclusive, Banda Samurai é a melhor banda fictícia de todos os tempos. Um defeito curioso é a falta de retrovisores durante os carros, em um game primeira pessoa onde você passa muito tempo dentro de veículos isso é algo digno de piada do ano, ainda que o jogo possibilite o uso de terceira pessoa dentro deles, isso deveria ser o mínimo. Os carros em si são legais de dirigir, só que, como o game é um rpg e não um jogo de corrida como Forza, não esperem jogabilidade muito desenvolvida. A mecânica de tiros é muito satisfatória, todo o combate em si é muito fluído e divertido, gosto demais do melee neste game. Customização decente (inclusive dos órgãos genitais. Pra que isso? eu não tenho ideia), com uma possibilidade boa de roupas. Embora os cabelos sejam muito feios, eles estão lá, infelizmente a parte física e altura da customização deixa a desejar. Como um bom rpg há muitas builds que podem ser feitas e isso é ótimo, promovendo o fator replay. O mundo aberto trás algumas atividades, mas que sinceramente se tornam bem repetitivas com o decorrer do tempo, faltou um pouco de carinho nessa parte. A dublagem brasileira é 8-80, horrível em alguns personagens, perfeita em outros. Finalizando: um jogo bom, divertido, engraçado, reflexivo, polêmico, e embora eu não o considere top 10 jogos da história, como muitos dizem, é definitivamente a experiência definitiva do gênero cyberpunk e por isso indico e recomendo."
232044819,58.583333333333336,True,0,10/10 melhor jogo que eu ja joguei em toda minha vida recomendo demais
152474138,97.51666666666667,False,1,"Quando comprei o jogo, ele tinha varios problemas que me deixaram infeliz e tiraram minha vontade de jogar. Agora o jogo recebeu varias atualizações que provavelmente melhoraram muito, porem o jogo roda exclusivamente em SSD e eu não possuo um no momento (fazendo que , mesmo com os pré-requisitos cumpridos, eu não rode o jogo a mais que 7 fps). Agora eu tenho SSD, jogo de 40 a 60 fps, mas a experiencia com o jogo ainda não me agradou. (completei usando a historia usando mods de qualidade de vida pra ter uma experiencia fluida)."
232041129,19.85,True,0,"Apesar da repercussão quanto aos bugs no lançamento, o jogo continua sendo incrível com um mundo que te mantem imerso na maior parte do tempo, adorei a gameplay e os sistemas do jogo definitivamente um dos melhores jogos da historia 9.7/10"
188103668,110.0,True,0,"⭐⭐⭐⭐⭐ 11/10 Comprei achando que ia ser um RPG. Saí com depressão, 38 carros roubados, um implante cibernético imaginário e um crush na Panam. O Keanu Reeves passa mais tempo falando na minha cabeça do que minha própria consciência. Passei 5 minutos na missão principal e 90 horas fazendo missão secundária, comprando carro e tirando foto igual influencer de Night City. Recomendo demais. Só cuidado: depois de jogar, qualquer cidade parece sem graça e você vai querer colocar RGB até na geladeira."
232034382,370.5833333333333,True,0,"Cyberpunk 2077 é divino no que faz. Tem side quests melhores que as principais e os personagens são a cereja do bolo, são simplesmente perfeitos, e muito disso vem da dublagem BR, cheia de referências de memes e gírias, e a PANAM ainda tem um lugar no meu coração, mas prepare-se para ficar 30 dias triste após zerar o game e toda vez de rezerar ficar triste porque acabou, mas estou na minha terceira zerada e rezerando cada vez mais."
232028513,218.65,True,0,"Depois de tantas atualizações e esforço dos desenvolvedores, posso finalmente recomendar este jogo. Não sou uma pessoa que gosta de platinar jogos mas este valeu a pena para conhecer mais do mundo. É super envolvente a historia é incrível, é possível que encontrem alguns bugs na vossa jornada mas nada que vá afetar. Provavelmente será algo visual. Quando eu comprei o jogo foi em acesso antecipado e até 2 anos não consegui jogar porque tinha um bug que não me deixava falar com o Takemura para iniciar a missão. Agora com o jogo reparado e melhorado fiz 3 runs peguei todas as conquistas e fiz todas as missões segundarias, finais e decisões. Dica: Se queres que seja mais (fácil) começa com nascido nas ruas, vais evitar varias lutas desnecessárias."
232010718,201.01666666666668,True,0,"Foram 201 horas em Cyberpunk 2077, jogando praticamente todos os dias durante um mês, até conquistar 100% das conquistas. Foi uma experiência que me prendeu do início ao fim. Night City é um dos mundos mais imersivos que já explorei, a história é excelente e os personagens fazem você realmente se importar com eles. Em vários momentos eu esquecia completamente do objetivo principal porque simplesmente queria continuar explorando a cidade e vivendo aquele universo. Mesmo depois de platinar, ficou a sensação de que ainda dava vontade de continuar jogando. Sem dúvida, foi uma das melhores experiências que já tive com videogames."
232010024,29.633333333333333,True,0,"eu acho que nunca me senti tão entretido jogando algo, fazia anos que eu não sentia uma ansia de chegar em casa e querer jogar algo, mas esse jogo mudou isso. a história é simplesmente absurda, qualquer escolha define tudo, mesmo não tendo feito todas as escolhas certas do jogo, ainda sim foi uma experiencia incrivel. Cyberpunk é meu jogo favorito de todos os tempos, eu simplesmente amei cada minuto jogado, mas como diria o Johnny, agora é hora de dar o delta"
192090884,93.06666666666666,True,0,"Grande título que vai ficar na minha memória pra sempre, foi a primeira vez que eu me vi finalizando um jogo e imediatamente iniciando outra campanha. Recomendo a qualquer um que queira jogar um immersive sim com uma história absurda, personagens cativantes e gameplay responsiva e agradável. Além disso, a Phantom Liberty uma das melhores DLCs que já joguei na vida, vale muito a pena pra quem finalizou a campanha principal e ficou querendo mais conteúdo."
232006726,91.23333333333333,True,0,"o melhor jogo da minha vida, desde as primeiras horas eu me apaixonei por esse jogo, pelo mundo, as mecânicas de combate, a versatilidade e a praticidade em jogar e fazer as missões. estou no caminho da platina desse jogo e cada vez mais eu me apaixono mais, joguem e platinem. garanto q vcs não vão enjoar dele nunca e comprem a DLC Phantom Liberty, ela é perfeita às vezes até ainda mais que o jogo base Obs: quero um Newgame+"
232005984,9.416666666666666,True,1,"Meu avô fumou a vida inteira. Eu tinha uns 10 anos quando minha mãe lhe disse, ""Se você pensa em ver seus netos se formarem, você tem que parar imediatamente"". Uma lágrima escorreu dos olhos dele quando entendeu exatamente o que estava em jogo. Ele parou na hora. Três anos depois ele faleceu de câncer de pulmão. Foi muito triste e me deixou completamente sem chão. Minha mãe me disse ""Nunca fume. Por favor, não faça sua família sofrer do jeito que seu avô nos fez"". Eu obedeci. Aos 28, eu nunca sequer encostei num cigarro. MAS o jogo em si é muito bom."
232005203,95.23333333333333,True,0,"esse jogou voltou dos mortos e voltou botando pra fuder, q jogo bom"
232004834,326.3666666666667,True,0,"Gente, isso aqui é videogame pra caralho!! Um dos maiores da história, joguem, explorem, não tenham pressa."
231699058,52.016666666666666,True,0,"É um bom jogo, mas não vale o preço que custa."
232002395,248.65,True,0,Simplesmente O MELHOR jogo que eu tive o prazer de jogar vou levar essa experiencia pro resto da minha vida PS: nome do meu filho vai ser Jhonny
231996256,81.93333333333334,True,0,"O jogo é excelente... Teve a chance de experimentar o jogo, pela a primeira vez, somente após a atualização 2.0 e tive uma experiência é surreal."
231994129,137.61666666666667,True,0,melhor jogo que ja joguei eu achava que não gostava tanto de jogo rpg ate jogar esse jogo o unico ponto que eu acho meio ruim são alguns bugs de vez em quando mas raramente atrapalham
231993946,105.2,True,0,"Um dos melhores RPGs que existem, pena que o futuro nunca vai ser tão foda quanto é o desse jogo."
231993560,27.8,True,0,- Voce pode come mulher - Voce pode come homem - Voce pode ser uma mulher com penis - Voce pode ser um homem com vagina Melhor jogo da minha vida 10/10
231991013,107.23333333333333,True,0,"Jogo muito bom , recomendo comprar ele nas promoçoes e dlc tbm e se tiver um pc bom colocar alguns mod q o jogo vira outra coisa. e aqui é SAMURAI PRA KRLH !!!!!!!!!!!!! graficos 10/10 gameplay 10/10 personagens 10/10 a direção do veiculo deixa a desejar um pouco mas o resto consegue deixar o jogo muito bom."
231990938,96.65,True,0,"Como um amante apaixonado por Cyberpunk, o jogo acerta em tudo. Falem o que quiser do lançamento, ainda sim foi divertido ver os bug. O jogo reune tudo que eu gosto, espadas, tiroteio e tecnologia combinada com o ""antigo"". A melancolia trás um ar muito satisfatório. O melhor ainda é as diversas atualizações que há no jogo, melhorando cada vez mais. Você sempre volta pra jogar mais."
231990274,91.33333333333333,True,4,"Vou tentar não dar spoilers mas explicar como foi minha experiência com o game. Cyberpunk para mim sempre foi aquele jogo que é grande, que eu começava a história e logo parava de jogar por preguiça. Confesso que eu acho o começo um pouco chato, mas aí é só questão de gosto, o começo não me prendeu tanto quanto o meio pro fim da história. Dessa vez decidi jogar e ir até o fim, e aos poucos eu fui me apegando muito aos personagens e tramas secundárias que aconteciam. Me conectei tanto com o game, que decidi que iria platinar o jogo - e vou, falta só 1 conquista, mas vou ter que jogar do começo porque perdi um save kkkk A DLC pra mim é a cereja do bolo, porque mesmo em 2026, Cyberpunk ainda tem alguns bugs bestas que acontecem, mas nada muito grave e uma ou outra vez, em mais de 90 horas, que eu tive que reiniciar, foi bem raro mesmo. A DLC é a forma mais polida do jogo pra mim, adiciona uma história incrível de se viver e torna realmente a experiência marcante, mais do que a história principal consegue fazer. As interações e possibilidades de rumo que você tem na DLC de fato valem cada centavo dela. Recomendo muito que compre a DLC e jogue ela antes de ir pro final do jogo, mas claro, tomando cuidado porque o jogo(e a DLC) tem mais de um final e depoendendo do fim que você escolher.......... Falando em escolhas, alguns diálogos te fazem acreditar que você tem influência na história(e não mudam ""nada""), mas outros de fato mudam sua trama em Night City e acho que isso te deixa mais ainda dentro do universo e se sentindo protagonista da história. Sempre gostei dessa estética new wave/vaporwave e variantes, essa temática futurista, muito neon, muita distopia e caos urbano. Cyberpunk, chegou como a forma perfeita pra definir essa estética em um universo incrível que é Night City. Não consigo imaginar um mundo tão tecnológico e futurista, que não fosse exatamente como Night City é, e aliás, hoje Cyberpunk já nem é só mais um game, virou definição do que é toda essa temática e estética. A platina do jogo também foi super tranquila, embora muitos serviços e missões pra fazer na cidade e conseguir platinar, as missões secundárias do jogo realmente te conectam mais com a cidade esse caos de viver nesse universo. Algumas até parecem parte da história principal de tão legais que são. Tô ansioso para que invistam mais nesse universo, aguardando ansiosamente a segunda temporada da série e quem sabe mais uma DLC, ou mais jogos do universo de Cyberpunk. Jogo recomendadíssimo!!"
230782781,288.7,True,0,"Eu vi sobre o jogo em 2020 no lançamento que era bugado e tals, realmente na época estava com muitos bugs, mas hoje em dia, que jogo bom da porra, ainda ocorrem alguns bugs de vez em quando, mas é muito irrelevante. Nunca senti vontade de jogar, mas depois que vi o anime Edgerunners, me deu uma vontade e acabei comprando. 10/10 não me arrependo nem um pouco"
231974944,39.21666666666667,True,0,"Meu jogo quase favorito, achei muito bom Porem em determinados momentos senti que o jogo ficou muito repetitivo, problema esse comum em jogos do tipo, mas ao chegar na DLC o jogo voltou a ser incrivel, isso compensou cada centavo"
231950708,66.56666666666666,True,0,"jogaço,gastaria mais horas e horas com esse jogo (pretendo jogar mais umas 20 horas)"
231949664,17.633333333333333,True,0,"se iguala a skyrim, Deus abençoe o lucas q me falou q eu iria gostar, EU AMO ESSE JOGO AAAAAAAAAAAAAAAAAAAAAAAAAAAAAAAAAAAAAAAAAAAAAAA"
231287934,84.13333333333334,True,0,"Cyberpunk é uma distopia, uma visita a um futuro onde o capitalismo venceu. A personagem principal é a própria cidade, Night City: um local podre e claustrofóbico que esconde toda a sua sujeira por meio de luzes coloridas, carros de luxo e muita tecnologia. A imersão faz você sentir na pele os horrores de uma sociedade movida apenas pelas grandes corporações. Não há Estado, não há mediador, apenas poder e capital. Mesmo na posse de armas e implantes que transformam um humano em um supersoldado, você se sente impotente diante daquele mundo, sentimento que só piora ao longo da história. O jogo também se destaca pela gameplay. Existe uma quantidade enorme de builds possíveis, que remodelam completamente a forma de jogar, garantindo uma experiência diferente mesmo após terminar a campanha principal diversas vezes. É uma daquelas obras que te marcam e mudam sua perspectiva sobre o mundo. Ela te ensina sobre amor, política, pessoas e, principalmente, sobre a dor."
231947218,139.53333333333333,True,0,"Cenários incríveis, a história é muito bem desenvolvida. Vale a pena jogar!"
231468914,145.15,True,0,"Para quem gosta da temática, este jogo é obrigatório. Personagens cativantes, gameplay divertida, gráficos absurdamente lindos e a história é simplesmente fantástica. Além disto, a cidade de Night City parece viva. Você tá andando na rua e de repente acontece um assalto. Você pode intervir ou ignorar. Os diálogos entre os NPCs que você encontra na rua, falando sobre o dia a dia, são muito bons. Enfim, este jogo é um dos melhores RPGs que já joguei. Eu nem preciso falar da expansão Phanton Liberty, porque o que já era excelente, fica ainda muito mais. História cheia de reviravoltas e com vários easter eggs de obras do cyberpunk. Que história, meus amigos. Não é a toa que ele é amplamente elogiado pela crítica e por quem jogou."
231934465,7.566666666666666,True,0,"demorei pra comprar, mais valeu pela espera, tá muito bom, mesmo tendo varias criticas pelo lançamento."
231929577,7.033333333333333,True,0,"O jogo que n quis morre , PUTA Q PARIU q jogo bom , o mundo é lindo porem brutal personagens 100% vivos , trama maravilhoso e jogabilidade q faz vc ficar preso nele, veio com bugs ? sim, mas hj pelo menos pra mim esta totalmente aceitáveis e n afetou minha experiência, se vc tiver um pc quer rode ele , recomendo muito e principalmente se estiver em promoção. e lembre-se sempre ""Não existem finais felizes em Night City."""
231928261,153.21666666666667,True,0,"depois de fazer todos os finais tenho propriedade pra dizer o quão inacreditavelmente bom é esse jogo e especialmente a dlc. a ambientação é uma parada bizarra, o jogo é muito imersivo e night city é uma cidade muito bonita, impossível não tirar uma foto da vista de watson pra westbrook, ou da vista da cidade do alto de santo domingo. falando do desempenho, eu joguei com tudo no mais alto usando o fsr 4 sem frame gen e sem ray tracing, e pode ficar tranquilo que o jogo por si só já é bonito demais, mas se o seu pc for parecido com o meu você vai ter problemas na dlc, talvez caia de 60+ fps pra uns 40 a 45, mas confia em mim que não vai atrapalhar sua experiência a gameplay também é muito maneira, pela primeira vez me diverti com um combate corpo a corpo em primeiro pessoa num jogo que não é focado nisso e todas as missões secundarias também são do caralho, recomendo fazer todas antes de prosseguir para o final. se for pra falar de problemas poderia citar alguns bugs pequenos que as vezes acontecem em momentos chave da historia e podem acabar tirando um pouco da imersão mas não vão te atrapalhar, as escolhas de dialogo não importam muito também e a exploração não é lá aquelas coisas, espero que tudo isso melhore no próximo jogo de cyberpunk. eu chorei, arrepiei e dei risada com a historia e seus personagens e por mais que acho que jamais devemos esquecer o estado que esse jogo foi lançado gosto muito da decisão da cd projekt red de não abandonar esse jogo no estado em que foi lançado, hoje o mundo pode conhecer uma historia que pra mim é uma das melhores que já vi em um videogame, com personagens cativantes que não chegam nem perto de serem rasos, nunca vou me esquecer de alguns desses personagens, por mais que o jogo tenha seus pequenos problemas a história, os personagens, missões e combate tornam esse jogo um must play pra qualquer um que gosta de video game. never fade away outro defeito é não poder matar a vagabunda da Myers"
231928564,18.666666666666668,True,0,"excelente jogo, o melhor que ja joguei em varios aspectos, gameplay, desemvolvimento, enredo, personagens e com uma expansao de verdade. o meu jogo favorito."
231913691,86.31666666666666,True,0,Um cara esbarrou em mim e eu fiz ele se matar. 10/10
231909503,139.11666666666667,True,0,"120h e eu nunca usei a viagem rápida, puta merda, dirigir nesse jogo é uma delicia."
231907734,59.05,True,0,Um dos jogos mais fodas ja feitos historia do caralho
231907091,14.65,True,0,Até agora o jogo tá bem ok. Não sei o motivo de tanto hype
231903829,14.6,True,0,"Tenho 100% de certeza de que ninguém lê as críticas, então direi que sou gay."
231898675,21.483333333333334,True,1,"acabei de zerar o jogo, simplesmente fantastico, tanto a historia principal quanto as secundarias são incriveis, principalmente as missões da historia do jhony, jogão 10/10"
231873016,89.65,True,0,"8/10 muito bom mas ainda tem alguns bugs, mas de resto muito bom"
231858408,65.38333333333334,True,1,"jogo absurdo o mundo muito vivo, gameplay otima, historia otima, o jogo é muito bom mesmo pena que saiu tão quebrado se não iria ser uns dos maiores da historia, ainda bem que a project não abdonou o jogo e concertaram"
231857975,6.016666666666667,True,0,"É um jogo bem completo com um universo gigante. Tem tanta coisa para se fazer que é fácil se perder. Se comprar com desconto ainda, vale muito a pena."
231856775,69.63333333333334,True,0,"Jogo muito bom, comprei após assistir cyberpunk na netflix, senti falta de algumas coisas que vi na animação, mas tem um potêncial imenso. Ansioso para jogar o 2."
231854575,67.8,True,0,"gostei do jogo como um todo. Essa proposta inovadora de uma cidade do futuro com mais de um final, mundo aberto, missões secundarias interessantes, um clima em que cada decisão muda o rumo da historia, me empolgou bastante. vou jogar com mais calma agora e apreciar cada final, nota 10 pelo que eu esperava"
231853950,241.71666666666667,True,0,"Extremamente viciante, ótimos gráficos, ótima história, mundo muito bem feito. Um jogaço. Vale cada centavo."
231849256,0.15,False,0,comprei pra jogar jogar pelo geforce cloud e agr recisa de premium vsfd
231847461,41.21666666666667,True,0,Apenas não se esqueça de que é possivel melhorar armas e cibernética. (Cheguei até a metade do jogo assim)
231842966,71.68333333333334,True,0,"Cyberpunk em 2026. tá muito menos bugado, porém continua extremamente mau otimizado"
231841575,11.066666666666666,False,0,"História pobre, gameplay acelerada e sem nexo. Basicamente um jogo para adolescente sem profundidade."
82716866,30.533333333333335,True,0,"(Review da época do lançamento) Resumindo: um bom jogo. De fato existem aspectos nesse jogo que me fazem encher os olhos. Mas é mal otimizado, bugado (apesar de que isso quase não me afetou pra ser honesto, me afetou de maneiras inesperadas que falarei depois) e hypado mais do que devia (meu hype pra esse jogo morreu e voltou pelo menos 3 vezes). Apesar de tudo, um bom jogo. Um bom jogo bugado. Se puder jogue Red Dead Redemption 2 ou algum jogo realmente meio 10/10 e volte aqui depois durante uma promoção, quando talvez esse jogo esteja mais apresentável. Alguns dos bugs que eu vi (possíveis spoilers...? Não que eu queira que vc vá ver esses bugs também, mas uso eventos do jogo para descrever o ocorrido): > No começo o Jackie atravessou a porta daquele elevador. Clássico. > Na missão de roubar o biochip numa parte stealth o Jackie começou a gritar (alguma coisa acionou as falas dele de fora da área de stealth). > Pedi meu carro e ele spawnou de cabeça pra baixo (esse foi o meu pior bug até o momento). > Na missão que a gente conhece a Alt, durante um flashback a Rogue também por algum motivo começou a falar as coisas dela de fora daquela cutscene. Então a gnt tava todo sério na missão e tal e aí ela mandava o Johnny Silverhand ir se f**er do nada, rolou umas 2 vezes. > Estava lendo lá o tarot da Misty e da segunda vez que ela começou a puxar as cartas, meio que as cartas estavam invisíveis. EDIT (21/03/2021): Ah Cyberpunk, eu fiz força pra gostar de você. Não me leve a mal, ainda acho bom, ainda acho um ótimo universo, ainda acho um jogo bonito. Mas caralho, quanto mais eu joguei mais fiquei brochado pensando como podia ter sido um jogo calibre Red Dead Redemption 2 da vida. Essa é a questão, me venderam um jogo da Ubisoft como se fosse um GOTY. Mas também, como que a gente ia adivinhar? Minha review no momento, se existisse a opção, seria neutra. Estou no aguardo dos updates para terminar esse jogo, veremos se ele envelhece bem. Ainda atualizarei essa review, até lá, caso você não tenha comprado esse jogo, não tenha pressa. Mas é, escrevo essa review e tenho apenas 20 horas de jogo. Isso diz muito dado o meu hype. EDIT (10/11/2021) Review negativada. Não compre esse jogo por mais de 40 reais. EDIT (01/08/2026) O tempo fez muito bem para esse jogo, tá na hora de pegar uma promoção e jogar."
231816592,36.15,True,0,"""Você prefere viver em paz como o Sr. Ninguém ou cair para sempre em um incêndio de glória?"" JOGO DE 7,7 de 10 e divertido"
231772679,22.416666666666668,True,0,mano que jogo bom mas por que o jack morreu
231800957,124.45,True,0,"Jogão, a CD Projekt Red conseguiu fazê-lo ressurgir das cinzas como uma fênix. O jogo é surpreendentemente curto se você ignorar as missões secundárias, mas não há porquê você não fazê-las. Recomendo que faça tudo no jogo pois vai elevar ainda mais seu entendimento e aprofundamento da história e dos personagens. Ainda há alguns bugs e crashs durante a jogatina, por isso é bom sempre ir salvando para se certificar. Nota: 8/10."
231787621,390.98333333333335,True,0,"Absolute Cinema !!! Cyberpunk 2077 entrega uma das experiências mais imersivas que já joguei. A narrativa é extremamente bem construída, com personagens marcantes e decisões que realmente impactam o desenrolar da história, levando a múltiplos finais e tornando cada campanha diferente da anterior. Com a expansão Phantom Liberty, o jogo ficou ainda melhor. A história adiciona um novo nível de qualidade e a participação de Idris Elba é excelente, elevando ainda mais a experiência. Esqueça a fama que o jogo ganhou no lançamento. Os inúmeros bugs que dominaram a internet ficaram no passado. Hoje Cyberpunk está completamente repaginado; se aparecer algum problema, será algo pontual. Além da campanha principal, recomendo fazer absolutamente todas as missões secundárias. Muitas delas são tão bem escritas quanto a história principal. Também vale a pena realizar as atividades espalhadas pelo mapa, pois várias rendem equipamentos valiosos e revelam segredos escondidos pela cidade. Night City recompensa a exploração. Meu único ponto negativo é a ausência de um modo em terceira pessoa. Apesar dos inúmeros pedidos da comunidade ao longo dos anos, a CD Projekt Red já informou que não pretende implementar essa opção. Uma pena... ainda mantenho a esperança de que um dia mudem de ideia. Outro grande acerto são as três origens do protagonista (Nômade, Corporativo e Marginal). Embora a história principal seja a mesma, cada uma oferece diálogos exclusivos e diferentes perspectivas sobre o mundo, o que torna muito interessante concluir o jogo nas três versões. Recomendo Jogar com a versão Feminina, bem mais interessante a dublagem. Se quiser mergulhar ainda mais no universo de Cyberpunk, assista ao anime Cyberpunk: Edgerunners antes, durante ou depois de jogar. Além de ser excelente, ele adiciona um peso emocional enorme à experiência, já que o jogo traz diversas referências, locais, personagens e até objetos ligados à série. Mas já fica o aviso: apesar de ter apenas 10 episódios, não existem finais felizes em Night City - é um anime intenso, visceral e extremamente envolvente. É praticamente impossível não se apegar aos personagens. Ainda, se você tiver um computador realmente ""Poderoso"", recomendo experimentar o ""Mod DreamPunk (NextGen Dreams)"". Trata-se de um dos overhauls gráficos mais impressionantes já criados para Cyberpunk 2077, reconfigurando iluminação, clima, tonemapping, cores e diversos efeitos visuais para entregar um resultado praticamente fotorrealista. Em alguns momentos, é difícil acreditar que aquilo ainda é um jogo (Pesquise no Youtube, tá cheio de vídeos... é de cair o queixo). Enfim, é um dos poucos jogos que posso recomendar sem qualquer receio, até mesmo pelo preço cheio. Porém, costumeiramente você encontrar em promoção e se for o caso, nem pense duas vezes. São dezenas — ou até centenas — de horas de conteúdo em uma experiência que dificilmente será esquecida. MEGA RECOMENDO!"
231789260,51.65,True,0,"Então realmente não existe finais felizes em Night City.... Não falarei muita coisa, apenas que é absoluto jogaço. Um dos melhores jogos da categoria de mundo aberto e uma das melhores historias que eu ja vivenciei. Obrigado por tudo, V e Johnny Silverhand."
231782030,86.93333333333334,True,1,"Tava a um tempão na minha biblioteca, decidi jogar recentemente, simplesmente estou apaixonado pelo universo cyberpunk. Nunca fui fã de jogos em primeira pessoa, mas depois que você mergulha na gameplay, você entende que a proposta do jogo foi a imersão com a história. Enfim, um dos melhores jogos que já joguei/jogo."
231774550,70.36666666666666,True,0,"Se eu pudesse acabar com uma empresa grande, com crtz seria a ubisoft. De resto jogão bom demais"
231771887,41.916666666666664,True,1,"Jogo muito bom, tinha uma péssima impressão devido ao lançamento perturbado que teve. Mas amei demais esse jogo e nem estou na metade da história! Ou seja, é um ótimo jogo para passar o tempo e se entreter. Mas recomendo comprar quando estiver em promoção."
231764632,166.73333333333332,True,0,"Bom, o que falar dessa obra de arte? O melhor ponto desse jogo definitivamente é a história, é muito bom poder estar andando por aí e descobrir uma história mais triste que a outra num beco escuro com três bandidos. Cyberpunk 2077 acerta muito no quesito RPG, tudo é muito bem construído e faz sentido estar aqui. A gameplay também é muito boa, tem vários modos diferentes que tu consegue jogar, builds pra testar e se divertir. O combate é bem fluído, tem uns NPCs que realmente não vão causar muito dano, mas não muda o fato que precisa tomar cuidado. Como eu joguei com build corpo-a-corpo, tive uma dificuldade a mais, já que em combates em lugares abertos eu tomava muito dano, mas ainda assim, é divertido. O stealth na minha opinião se destaca muito, é muito bom ficar desligando câmera e guardando corpo nuns armários e caixas do cenário. A ambientação também é algo lindo de se ver, parece realmente que cê tá vivendo na pele da V (ou do V) e de todos os personagens que aparecem. Night City é um lugar horrível de se viver, e o jogo joga isso na sua cara o tempo todo. Não tem finais felizes, ou você sai da cidade, ou morre nela. Agora os pontos negativos... Realmente, o jogo não é perfeito. Tem alguns bugs que podem acabar estragando algumas partes, os mais comuns que eu vi jogando foram de falas dessincronizadas com a boca do personagem, bugs de renderização, inimigos quebrando uma missão por que se enfiam no chão e cê não consegue acertar eles, carros batendo no nada, props da cidade se enfiando dentro dos veículos e por aí vai. Mas na minha opinião, a única parte ruim do jogo é essa. Toda a liberdade que a CD Projekt Red deu pros jogadores, ofusca o único erro do jogo ter bastante bugs. 8,5/10."
231764021,29.1,True,0,"Um dos jogos com maior imersão possível, único e gigantesco. O combate pode se tornar fácil com o tempo devido aos melhoramentos, mas mesmo assim é satisfatório ver o seu personagem tomando a forma q vc decide e o combate sendo influenciado por suas escolhas de build. Existem múltiplas abordagens em combates e diálogos a depender das suas escolhas. Não é um Baldurs Gate 3 da vida, mas ainda assim você sente uma autenticidade das suas escolhas. Não existe jogo igual atualmente que entrega um mundo tão imersivo e único com personagens tão cativantes como esse jogo. É basicamente um skyrim cyberpunk com cenas de história e animações bem melhores. Não tem o brilho de desbravar um mundo novo de fantasia do zero e descobrir os seus mistérios, mas a história e o enredo compensa qualquer ausência de exploração. Vale muito a pena se perder na campanha e gastar umas horinhas nesse jogo."
231746535,226.93333333333334,True,0,"Olá! vou tentar ser o mais breve possível o do porque recomendo o jogo pra depois falar dos negativos,vamo lá,positivos,estética,história,customização de personagem e sistema de rpg,se gosta disso,vai adorar o jogo,ele é bom,fluído,bom pra tirar foto pros fotógrafos da steam,eu AMO as luzes vibrantes de nightcity e o contraste completamente oposto do deserto,as facções,os distritos,tudo é absurdamente bem feito,a história é boa pra caralho quando você vai fazer a primeira vez,de resto não preciso falar mais nada! agora pras coisas que me incomodam 1 Ponto:Diálogo é ótimo,bom demais mesmo,depois dos patchs eles consertaram e adicionaram coisas muito legais no jogo e com uma quality of life enorme no jogo,no entanto,eu acho a dublagem desse jogo um tipo de montanha russa esquisita,na dublagem PT-BR pelo menos,o Dublador do V masculino (nunca joguei com o feminino então não sei dizer) tem uma voz ótima que combina com o personagem,mas meu deus do céu,parece que a direção não fez esforço pra mostrar pra ele COMO dizer as frases,parece que ele apenas foi contextualizado em algumas falas,tem momentos que o V simplesmente GRITA em algumas linhas de diálogo,você pode estar na situação mais delicada do jogo,encontrando alguem de respeito ou em uma situação formal,o personagem fala em um tom de gritaria absurdo mesmo se escolher uma opção leeeevemente mais desrespeitosa,como se a outra pessoa fosse surda. sem contar toda a parte ''Edgy'' mas nesse ponto eu dou uma colher de chá,porque o V tem que ser marrento e meio brucutu porque se não,a parte ''Punk'' de Cyberpunk não existiria 2 ponto:Repetição A História do jogo,como eu disse,é ótima,mas PUTA QUE ME PARIU fica um saco depois que você chega na 3 jogatina,você vai notar que as diferenças são mínimas independente da sua escolha de rota inicial,seja corpo,streetkid ou nomade,as escolhas dessas rotas e suas ''consequências'' não são o bastante pra você jogar de novo,saiba disso. sem contar as missões que ficam repetitivas muito rápido mesmo,você vai estar fazendo scan da polícia e serviços de canais como se fosse a história principal,vai por mim Acho que é só isso mesmo,não tem tantos pontos ruins,como eu disse,o jogo é ótimo e a DLC's tambem,mas se prepara pras suas próximas playthrough pra esses problemas que eu citei,se não garanto que você não vai nem terminar a história de novo. Enfim,bom proveito e obrigado por ouvir eu reclamar das coisas que não curto no jogo"
208104816,87.5,True,0,Jogo imersivo e divertido Continua meio bugado mas não deixa de ser um jogão DLC tbm não fica atrás
231705558,11.783333333333333,False,1,"eu tinha me esquecido como esse jogo é entediante no começo de toda missão. É tipo: vá para tal lugar -> converse com npc -> siga ele por 10 minutos conversando -> entre em um carro em que 100% das vezes será o NPC quem vai dirigir -> enquanto o NPC dirige por 10 horas, faça diálogos genéricos, até dar o tempo de pular viagem, ou ficar olhando pra cara dele até a viagem acabar. Missões: entre em um lugar -> mate geral -> saia. -> termine a missão -> espere até o dia seguinte pra dar continuação. Secundárias: mate um mutante em tal lugar do mapa. Bugs: onipresentes, mas dá pra ignorá-los. Combates: bom. História: não me prendeu muito até agora. só vou zerar essa bosta porque meu suado dinheirinho (de pura sorte do tbh) não é capim."
231707713,63.11666666666667,True,0,"A fenix dos video jogos, essa porra vale cada miserável centavo que saiu do meu bolso, é uma experiencia SENSACIONAL sem duvidas nenhuma. E caralho, que trilha sonora foda, a samurai definitvamente vai ficar na minha playlist eternamente PRINCIPALMENTE NEVER FADE AWAY... a exploração é gostosinha, combate de pistola, katana, mão de gorila ou qualquer coisa é foda parça. As missoes e personagens são bem trabalhados e vc sente certo apego, incrivel mesmo, é tanta coisa pra dizer que fico sem palavras fds. a Cidade Dos Sonhos, Night city. Dito isso, final a estrela melhor final."
231702308,213.41666666666666,True,0,"Farmei diversos recursos no jogo principalmente dinheiro, ate chegar uma missao na qual sou sequestrado e eles tiram tudo de mim, jogasso da prr"
231700685,37.11666666666667,True,0,"jogo maravilhoso depois da ultima versão, não vejo a hrr de jogar a dlc"
231694507,222.2,True,0,"Que jogo meus amigos, não há como descrever o que é jogar Cyberpunk 2077, apenas jogue e descubra o quão boa é essa experiência. Fiz todas as conquistas, explorei cada canto de Night City e ainda saí com um sentimento de ""quero mais"" no final. É um jogo incrível do começo ao fim, uma imersão sem igual. Não há palavras para descrever o sentimento de assistir o anime Edgerunners e depois vir jogar esse jogo, uma das melhores experiências com vídeo games da minha vida. 10/10"
208437084,79.18333333333334,True,0,"historia mt boa, tem alguns bugs mas vale a pena, gameplay divertida tbm, vale o preço se tiver na promoção"
231637111,97.9,True,6,"Cara, Cyberpunk conseguiu me fazer esquecer que eu estava jogando e me fez sentir que eu estava vivendo uma história real. As escolhas pesam, e praticamente tudo o que você faz tem consequências. Todos os personagens são memoráveis, têm personalidades únicas, e Night City é um lugar que dá vontade de explorar por horas, porque sempre tem uma missão interessante para fazer. Lembro de quando esse jogo foi lançado, era só reclamação, memes sobre bugs e problemas técnicos. Mas os desenvolvedores deram a volta por cima. Hoje, Cyberpunk tem o meu respeito e o de muita gente também. 👏 P.S: Mesmo depois de terminar a história principal, ainda tem muito conteúdo para explorar, incluindo finais diferentes, missões secundárias incríveis e uma cidade que continua valendo a pena visitar. Recomendo demais."
231640017,323.5,True,0,Digo com toda certeza que esse foi um dos jogos já feitos!
231636112,23.95,True,0,o jogo e otimo gostei da compra valeu cada centavo
231632800,22.366666666666667,True,0,"Gráficos lindos! E a História, era sobre o que mesmo?"
231628617,68.01666666666667,True,0,"Jogo excelente. Me prendeu por quase 70 horas e, em nenhum momento, enjoei. A história é muito boa, os personagens são extremamente bem escritos e o mundo é incrível de explorar. Se tem algo que posso lamentar, é justamente a sensação de ""quero mais"" que o jogo deixa."
231628321,102.1,True,0,Valeu cada centavo. Eu terminei fazendo todas as sidequests mesmo não tendo esse costume só pelo fato de não querer que a historia terminasse. Eu ainda não fiz a DLC mas tenho certeza que vou adorar.
230364585,95.51666666666667,True,0,"Caramba... 40 horas no momento da analise é coisa pra mim. Já zerei o jogo na época do lançamento, meu PS4 sofreu pra aguentar. Dito isso estou re-jogando fazendo tudo que quero e com calma... Recomendo ? Sim! Porém não esconderei que passei algumas boas horas configurando para rodar de maneira descente e ainda sim enfrento alguns bugs que não tem pé nem cabeça. Esperem promoção, tenham paciencia e sejam felizes. Jogo 9/10... EDIT.1: Comprei a DLC, o jogo me fisgou por mais um bom tempo como há de se perceber, não permaneço com a nota 8, acrescento 1 ponto por conta dessa OBRA DE ARTE que é a DLC, por si só ela é um 10. Comprem e joguem."
231616749,188.98333333333332,True,0,"⭐⭐⭐⭐⭐ Recomendo Cyberpunk 2077 é um dos melhores RPGs de mundo aberto já feitos. Night City é uma cidade viva, repleta de detalhes, personagens memoráveis e missões que conseguem prender a atenção do início ao fim. A narrativa é excelente, oferecendo escolhas que realmente fazem você se envolver com a história. O combate é versátil, permitindo criar diferentes estilos de jogo, seja focando em armas de fogo, combate corpo a corpo, furtividade ou implantes cibernéticos. A progressão do personagem é satisfatória e incentiva experimentar novas builds. Depois das grandes atualizações, o jogo evoluiu muito em desempenho e estabilidade, tornando a experiência muito mais polida do que no lançamento. A expansão Phantom Liberty eleva ainda mais a qualidade da história e adiciona conteúdo de alto nível. Nota: 10/10. Uma experiência inesquecível, com uma das melhores ambientações dos videogames, personagens marcantes e uma trilha sonora fantástica. Um jogo que merece uma segunda, terceira e até quarta jogatina."
231607962,54.11666666666667,True,0,"Divertido. A história é envolvente, tem personagens carismáticos e se você viu Cyberpunk Edrunners antes de jogar vai se apaixonar ainda mais pelo game. Jogasso, vale cada centavo"
230580123,253.2,True,0,"Boa história, armas, roupas, carros, motos, lugares, habilidades, estratégia, 120 horas de jogo, 9/10"
231584474,52.13333333333333,True,0,"Mesmo com todo o preconceito que o jogo recebeu por conta do lançamento conturbado, eu sinceramente ainda não conheci ninguém que realmente tenha dado uma chance e terminado a experiência sem gostar. É uma obra-prima. A história consegue te prender do começo ao fim de uma forma que poucos jogos conseguem, fazendo você se importar com os personagens, com o mundo e com cada decisão tomada durante a jornada. Se existe uma crítica que eu faria, é que, caso você foque apenas na campanha principal, a história pode passar a sensação de ser curta. Na minha primeira jogatina, cheguei à missão final muito mais rápido do que esperava. Por outro lado, se você é do tipo que gosta de explorar o mapa e completar as missões secundárias, o jogo se transforma completamente. Cada missão tem uma história própria muito bem escrita e que complementa o universo de forma excelente. É verdade que cerca de 95% delas não mudam significativamente o desfecho da narrativa, mas isso nunca faz com que pareçam inúteis. Além das recompensas valiosas, como veículos, equipamentos e outros itens, muitas delas proporcionam momentos memoráveis, desde consequências inesperadas até personagens completamente marcados por decisões ou informações que você escolheu revelar. Outro ponto que merece reconhecimento é o trabalho da equipe de desenvolvimento. O jogo ainda possui alguns bugs, mas a diferença entre o estado atual e a minha primeira experiência é enorme. Boa parte dos problemas foi corrigida, mostrando um comprometimento que infelizmente nem toda empresa teria. Muitas desenvolvedoras simplesmente abandonariam um projeto após um lançamento tão complicado, mas aqui aconteceu justamente o contrário, continuaram trabalhando até entregar a experiência que o jogo sempre teve potencial para oferecer. E o mais impressionante é que a diversão não acaba quando os créditos sobem. Depois de terminar o jogo, a vontade de começar outra campanha aparece quase imediatamente. Você quer experimentar escolhas diferentes, montar builds completamente novas, testar caminhos alternativos e descobrir diálogos ou situações que passaram despercebidos na primeira vez. Poucos jogos conseguem despertar essa vontade de rejogar tantas vezes. Para mim, um dos momentos mais satisfatórios do jogo é justamente poder assistir a a animação (Cyberpunk Edgerunners) e, logo em seguida, ir tirar satisfação com o principal antagonista (O maldito do Smasher). É aquele tipo de recompensa emocional que faz você sentir que está realmente vivendo a história, e são momentos assim que transformam o jogo em uma experiência difícil de esquecer."
231573874,12.266666666666667,False,0,Entregou muito menos que o hype todo criado. Far Cry + Watchdogs. Grande parte da galera que comprou nem zerou o jogo.
231494167,182.95,True,0,"Melhor jogo da minha vida. No lançamento era uma experiência social: todo mundo sofria junto. Hoje é uma obra-prima, ainda mais ao lado do anime Edgerunners. Como o próprio jogo ensina: não existem finais felizes em Night City. 11/10. Recomendadíssimo."
231565666,74.38333333333334,True,1,"bom jogo pq tem o mitico (podpah), o hideo kojima, uma morena bem da gatinha (infelizmente ela eh caipira), infelizmente tem trans."
231563460,195.43333333333334,True,1,Inicio um jogo encho de mods para melhorar personalizaçao de personagem e carros começo um save faço o mais imersivo que posso sigo uma linha de escolhas jogo por horas me canso volto depois de alguns meses e repito o processo
231024202,79.3,True,0,"🎮 Critérios de Avaliação de Jogos 🕹️ Jogabilidade Obra-prima: Perfeita, viciante, resposta imediata aos comandos. Excelente: Muito fluida e divertida, quase sem falhas. Honesta: Funciona bem, cumpre o papel sem reinventar a roda. Tolerável: Dá pra jogar, mas tem uns travamentos/bugs chatos. Injogável: Controles travados, câmera ruim e dá raiva de tentar. 🎨 Gráficos & Desempenho Tecnologia Alienígena: Fotorrealista, iluminação surreal e sem nenhuma queda de FPS. Muito Bonito: Ótimas texturas e modelos bem detalhados, roda redondo. Padrão: Gráficos honestos pra época, faz o feijão com arroz. Mal Otimizado: Bonitinho, mas o FPS despenca e tem textura demorando pra carregar. Radioativo: Polígonos quebrados, serrilhado puro e dói a vista. 🌌 Ambientação & Direção de Arte Imersão Total: Você se sente dentro do mundo; o universo respira e tem identidade própria. Envolvente: Cenários marcantes, ótimo uso de cores e clima muito bem construído. Agradável: Passa a sensação certa pro estilo de jogo, mas sem grandes destaques. Genérico: Parece que usaram um pacote de cenários prontos e sem alma. Vazio e Desconexo: Cenários mortos, sem sentido e que não te conectam em nada. 🎵 Áudio & Trilha Sonora Épico: Trilha sonora inesquecível, áudio imersivo. Muito Bom: Sons bem produzidos que ajudam na imersão. Decente: Cumpre a função, mas nenhuma música vai pra sua playlist. Genérico: Efeitos sonoros repetitivos e sem graça. Tortura: Áudio estourado ou chato, melhor jogar no mudo. 📖 História & Narrativa Cinema: Enredo brilhante, reviravoltas incríveis e personagens marcantes. Boa: História envolvente que te prende até o final. Suficiente: Simples, serve apenas de pano de fundo pra ação. Fraca: Cheia de furos, diálogos vergonha alheia. Inexistente / Pulei tudo: Nem o desenvolvedor ligou pra história. ⚔️ Dificuldade Peça perdão por nascer: Vai te fazer chorar em posição fetal. Desafiador: Exige estratégia, reflexo e atenção. Balanceado: Nem muito fácil, nem injusto; na medida certa. Tranquilo: Dá pra jogar relaxado ouvindo um podcast. Passeio no Parque: Até se você largar o controle o jogo se joga sozinho. ⛏️ Grind & Repetição Trabalho Escravo: 200 horas pra subir 1 nível ou conseguir um item. Moderado: Exige um pouco de esforço se quiser os melhores equipamentos. Opcional: Só precisa fazer grind se quiser focar no 100%. Zero Grind: Dá pra zerar direto focado só na campanha principal. Nasci herdeiro: O jogo te entope de itens e experiência sem você fazer nada. ⏰ Duração do Jogo Maratona Infinita: Conteúdo gigante ou encheção de linguiça sem fim. Ideal: Duração perfeita, não fica chato e nem acaba rápido demais. Curto: Dá pra zerar num final de semana sem pressa. Vapt-Vupt: Piscou, o jogo acabou."
231556585,156.68333333333334,True,0,"JOGAÇO! DEPOIS CORRIGIDO, FINALMENTE FOI POSSÍVEL TER UMA BOA EXPERIÊNCIA COM O GAME, RECOMENDO BASTANTE."
231552821,111.61666666666666,True,1,"O jogo já era f*** antes, com a dlc então? absurdamente incrível!!!"
231552819,77.9,True,0,"melhor jogo que ja joguei, feito com amor e carinho"
231552339,59.7,True,0,"""Você não me levou a lua, mas estava lá comigo."""
231549913,40.4,True,0,"BOM PARA PORRA MEU PARCEIRO!!! Jogo sim teve seus problemas no lançamento, mas já é a terceira ou quarta vez que estou jogando e puta que pariu meu parceiro, que história e que gameplay maravilhosa! OBS: Primeira vez jogando no PC, pois as outras foram todas no XBOX e o jogo é muito bem otimizado até, mas sim mesmo em pleno 2026 ainda tem alguns BUGS, mas nada que vá prejudicar sua jogatina..."
231543724,121.25,True,0,"Simplesmente um dos 3 melhores jogos que ja joguei até agora. Que mundo absurdo, parabéns CD PROJECT RED, você arrumou essa bagaça e transformou em um dos melhores da geração."
231541044,146.81666666666666,True,0,Jogo bom da prr rapais tá doido ! Eu Jogo de pipi duro de tão foda
231539834,107.31666666666666,True,0,"Tem alguns bugzinhos engraçados, mas a lore e a gameplay são bem divertidas :D"
231528417,3.716666666666667,True,0,Jogo sensacional. RTX 3090 não aguenta jogar em 2k. kkkk
231523137,164.6,True,2,Top 10 da minha vida fácil. A DLC é uma das coisas mais absurdas que já vi em qualquer jogo.
231517574,123.98333333333333,True,0,"Jogo maravilhoso, se tornou o meu favorito facil. Recomendo todos comprar e jogar focados pois a historia é fantastica 10/10"
219568373,45.4,True,0,"Jogo melhorou bastante após todos esses anos.. simplesmente maravilhoso! Muito bem otimizado, alguns bugs bem pequenos mas nada que afete a gameplay."
231490075,521.6166666666667,True,0,"Revisitando o jogo em 2026 e o tempo todo só consigo pensar em como ele envelheceu bem depois do update 2.0, impossível não recomendar"
231481859,125.33333333333333,True,0,"Quando a Rockstar for fazer Red dead redeption 3, é só copiar a história da redenção desse jogo aqui. Jogaço e muito gostosinho de jogar, não enjoa, muita diversidade. Com certeza uma experiência única, mas ressalvo que a DLC aumenta muito o escope do jogo. Um tapa na gostosa 🖐🏻🧔🏻 Yes baby Thank you"
231488660,105.13333333333334,True,0,nem terminei o jogo ainda e ja tenh mais de 100 horas nele. 10/10 historia mto completa
231486322,335.51666666666665,True,1,"Rpg shooter definitivo. ""Um tapa na gostosa Yes baby, thank you"""
231486318,38.516666666666666,True,0,Não tenho que falar esse jogo é sensacional Desde a época que ele lançou que eu joguei na época do PS 4 do lançamento Lembro até hoje na época que eu paguei 50 na conta em um jogo que era lançamento na época porque o jogo estava tão quebrado Aqui a galera estava pedindo um reembolso em massa E o preço do jogo despencou nos varejistas porque eles não estavam conseguindo vender ele Tem um mapa de Night City até hoje
231484570,140.0,True,0,gastei 140 horas da minha vida nisso.... valeu cada segundo.
231483628,22.316666666666666,False,0,"O jogo simplesmente não abre no meu pc, ja tentei de tudo."
231481118,66.31666666666666,True,1,"Wires and chains (I'm just tired of looking the other way) Starting to fade (I'm just tired of looking the other way) Feels like a game (I'm just tired of looking the other way) You have to play (I'm just tired of looking the other way) The days when it was good are gone I'm tryna see what it was for, but I’ll never know And though it’s dead I hear the call"
231479567,102.51666666666667,True,0,"Jogo maravilhoso e a DLC também, vale cada centavo! História incrível, jogabilidade excelente, além de ter um ótimo leque de missões secundárias pra quem gosta de fazer tudo no jogo, jogando agora em 2026, por 100 horas e não tive um bug sequer, top demais!"
231477249,46.266666666666666,True,0,"mistura de rpg com temática cyberpunk, jogo bem otimizado e dublagem boa. história pode ser confusa por vezes, mas de forma geral é bem interessante e as escolhas in-game realmente mudam a forma como o jogo vai se desenrolar"
231476009,138.0,True,0,"Absurdo o quanto esse jogo é bom! Ambientação, personagens, história, atenção a detalhes... um dos maiores jogos do século. A gunplay do jogo é muito boa e as builds são divertidas de jogar. Teve um lançamento conturbado, mas a CD Projekt Red se redimiu entregando várias atualizações ao longo do tempo, hoje o jogo é outro comparado a antigamente. A DLC é fantástica, vale a pena comprar. E acho que a melhor coisa do jogo é a dinâmica entre o protagonista e o Johnny Silverhand, realmente é um desenvolvimento de personagens fora do comum."
231472090,142.15,True,0,"Jogão com diferentes finais para escolher conforme sua vontade, missões únicas e variadas, que jogo bom, pena que acaba... DLC God tbm"
231466468,162.58333333333334,True,0,"Cyberpunk é o tipo de jogo que ou você ama, ou odeia. A estética é muito bem feita, o jogo trabalha muito bem o próprio universo e nada que você vê distoa disso, então em imersão, ele já é uma obra de arte. A gameplay em si é um ponto forte, isso é coisa que me surpreende muito em jogos massivos como esse, já que maioria se apega a um tipo especifico de gameplay e fica por isso, já cyberpunk não, muitas mecanicas são muito bem trabalhadas, algumas deixam a desejar, mas no geral, JOGAR cyberpunk é extremamente prazeroso. A história do jogo também é fantastica, fora o universo extremamente criativo, os personagens que voce conhece, controla e interage são muito bem desenvolvidos, muito bem explorados e muito bem pensados. A trilha sonora é primorosa, com minha menção especifica a Zurawie, da banda Ugory, são músicas autorais, feitas por artistas reais e diversos, todas se encaixando muito bem no universo e ainda sim sendo muito boas por si só. No geral, ou você gosta da estética opressiva da tecnologia e do dinheiro que cyberpunk trás, ou você não gosta. 11/10 - jogaria de novo e recomendo pra qualquer um"
231465497,42.38333333333333,True,0,"""Não existe final feliz em Night City."" Tinha muito receio por causa do lançamento, mas os bugs que eu vi eram foram visuais, de gameplay tive alguns mas não foram tão graves."
231462702,128.26666666666668,True,0,"Redenção deveria ser o nome, jogo simplesmente melhorou absurdamente dps do patch com a correção de bugs, simplesmente absolut cinema recomendo demais jogãoooooo....."
231444614,635.1333333333333,True,0,"Um dos meus jogos favoritos, se você curte: RPG, o gênero Cyberpunk, ou jogos bons, esse jogo é pra você. Varias horas de gameplays interessantes e desafiadoras, varias combinações de builds diferentes, personagens envolventes, uma historia massa, um mundo legal e uma DLC tão boa quanto o jogo principal (se não melhor). Tem vários mods que mudam e aprimoram a gameplay. E com certa frequência está em promoção. Compra, joga e me agradece depois."
231438274,1176.5166666666667,True,0,"Jogo de mundo aberto, grande, centenas de missões secundárias, elementos de RPG que permitem montar as mais variadas builds diferentes, sistema oficial do próprio jogo que permite o uso de mods para deixá-lo ainda mais hardcore. Lógico que vou recomendar o jogo. A minha ressalva é quanto aos bugs, eles tinham sido corrigidos, mas na atual versão 2.31 alguns antigos bugs que haviam sido removidos retornaram."
231419352,135.21666666666667,True,0,"NU FI QUE TREM DOIDO DEMAIS, BRABO, NO FIM CÊ FICA PUTO QUE PODERIA TER MUITO MAIS HISTORIA"
231413947,140.95,True,0,"Sem duvidas é um jogo FODA! cyberpunk é o tipo de jogo que nos fazem pensar e repensar nossas decisões (sempre deixe um save antes de tomar uma decisão importante haha) a construção do personagem, o desenrolar da história te prende e sem contar os gráficos insano que o game tem, jogão! apenas joguem no seu ritmo, deixa rolar."
231411143,133.81666666666666,True,0,"""Em Night City, não existem finais felizes, só diferentes formas de perder..."" A sacada do jogo é que a cidade é o verdadeiro vilão. Você passa dezenas de horas ficando absurdamente forte e invencível no combate, até o jogo te lembrar brutalmente de que contra o sistema, você não é nada. Esse sentimento de impotência é sufocante. Night City te vende o sonho da fama, mas na verdade é um moedor de gente que reduz o V a só mais um contrato corporativo. Não existe final feliz nem mundo salvo. A frieza do lugar te afeta porque a vida humana ali não vale nada. Mas é justamente essa desesperança que faz a experiência ser tão foda. Nenhum final te dá a vitória contra o sistema, mas sim a sensação de ter escapado dele antes que te destruísse por completo. As conversas com o Silverhand trazem muitas reflexões filosóficas. Ele que começa como um pau no cu preso na sua cabeça vira uma amizade poética sobre erros, o medo do esquecimento e o peso da liberdade com a morte se aproximando. De longe foi um dos melhores jogos que joguei, valeu cada segundo!"
231408054,87.71666666666667,True,0,Eu tive a certeza de que era um bom jogo quando espanquei o Adam Smasher com um vibrador.
231406983,106.36666666666666,True,0,"Wake Up Samurai, We've Got a City to Burn Certo, não tem como falar de Cyberpunk sem citar a história de redenção desse jogo... passar de uma montanha de bugs/problemas técnicos e memes da internet e virar uma obra prima não é pra qualquer um (Talvez só No Man's Sky revalize com essa reviravolta!). Mas vamos lá, falando agora do jogo, eu já dei acima um spoiler do que eu acho, ele é uma OBRA PRIMA! O gameplay é MTO divertido, você tem várias opções de builds e várias combinações que podem gerar um personagem BEM único (Eu fiz um cowboy hacker, que passava a batalha virando inimigos contra os outros, travando cibernéticas e deslizando pelo campo atirando em geral pique Arthur Morgan depois de uma carreira)! Os personagens... esse é um ponto que eu adorei, TODOS são muito carismáticos, eles tem uma personagem muito orgânica, com seus quirks e ideais! As quests, literalmente a MELHOR parte do jogo, as secundárias são divertidas e sempre com uma história bem aleatória (Uma delas você leva um cara que tem o implante defeituoso, simples a premissa, até você ver que é um Mr. Studd). Da história principal nem se fala, que OBRAAA PRIMAA, é muito bem construída, não tem nem como descrever, é uma coisa que você deve experenciar pra entender!! Indo pra Phantom Liberty,outra que não tem como descrever... é a melhor DLC que eu já vi! A história é pique um filme do 007 ou Missão Impossível, personagens muito bons, side-quests tão boas senão melhores que as do jogo base... mano, não tem como, é DEMAIS! Se não ficou claro, eu recomendo demais o jogo, em uma promo compensa MUITO você pegar, porque é o tipo de jogo que vai ficar com você por um bom tempo!!"
231027160,215.23333333333332,True,0,"Demorei mas finalmente zerei esse jogo. E resumidamente, É BOM PRA P0RR4. É bastante imersivo, com uma cidade grande muito bem ambientada. Os personagens principais são carismáticos e memoráveis. A história nem se fala, te deixa vidrado na narrativa de tão boa com uma soudtrack do c4ralh0. As mecânicas para montagem de build e combate são bem divertidas e tem muita coisa pra explorar na cidade (certeza que não vi tudo), mas garanti de aproveitar o máximo possível até zerar. Únicos pontos negativos que lembrei de citar: - Tem muito npc repetido na cidade e boa parte deles parecem meio ""catatônicos"" - A IA desses ncp é meio zoada - As opções de personalização do V masculino são tenebrosas, só a V feminina se salva. E para novos jogadores, uma dica sem spoilers: - Vão haver escolhas difíceis a se fazer no decorrer da jornada, e todas tem consequências. Se a maioria das pessoas falam que não existem finais felizes em Night City é porque tem motivo."
231404822,128.5,True,0,"Muito bom, que mundo incrível, que mecânicas incriveis, e muito bom ter várias formas de fazer a mesma missão, da um senso de liberdade muito grande. Os personagens são interessantes, as musicas são boas, é gostoso dirigir em night city e a cidade parece bem viva com muita coisa pra fazer e da de sentir cada pequena missão, cada amizade feita refletir de como o mundo ta, que seja nas noticias, nos itens, ou até em ajuda em outras missões. Vale aproveitar cada metro de Night City Joguei com ele ja arrumado, em mais de 100h, só tive um bug que fez eu voltar um save porque o carro tava debaixo da terra e não saia."
207084138,136.51666666666668,True,0,"É difícil explicar a sensação de jogar esse jogo, eu o defino da mesma forma como defini Life is Strange, não é apenas um jogo e sim uma experiência de vida. Desde o começa vivemos a ilusão de sermos os melhores de Night City, mas depois de vários ocorridos, percebemos que somos apenas uma gota d'água em um imenso oceano. O/a protagonista V passa por diversas situações péssimas e por se tratar de um jogo em terceira pessoa, se sentimos na pele do personagem, diversas vezes me surpreendi por cada momento ou ação que ocorria por minhas decisões. Não há o que dizer desse jogo que deu a volta por cima após a tragédia que ocorreu em 2020. Uma frase que me marcou eternamente nesse jogo: ""Wrong city, wrong people."""
84706871,101.6,True,0,"Comprei esse jogo achando que seria uma experiência magnífica, mas a medida que fui jogando passei a ficar muito desanimado. Apesar de ter uma temática bastante legal e o roteiro de tirar o fôlego, os bugs estragaram o que seria uma dos mais irados jogos da atualidade. Depois de oito anos esperando Cyberpunk 2077, eis que estregaram o jogo. Dinheiro perdido. Editado em 26/07/2026: Depois de diversas atualizações, o game ficou espetacular e bastante divertido. Pode comprá-lo sem duvidar. A REDProjet cuidou de cada detalhe com carinho."
231400207,103.61666666666666,True,0,"Muito melhor do que o lançamento, porém ficou faltando muitas coisas do que prometeram"
231399880,37.916666666666664,True,0,só escolha a judy como sua parceira e vc sera feliz
231389904,35.583333333333336,True,0,"Esse jogo é muito foda, melhorou muito, ainda tem bugs mas são poucos"
231382496,61.4,True,0,"Simplesmente o melhor jogo de mundo aberto da geração do PS4. Otimas builds pra jogar, muitas formas diferntes de fazer os trabalhos e uma customizaçao bem legal, embora limitada"
231356504,41.2,True,0,"Um dos melhores jogos mundo aberto que joguei, a historia principal nao e tao grande, mas é muito boa e com bastante missão secundaria que faz valer a pena o jogo, e um spoiler rs, Panam Palmer é a melhor companheira pro jogo, se quer ter um final, escolham ela."
191781822,208.78333333333333,True,0,"Jogo muito viciante quests muito boas com histórias bem desenvolvidas, missões principais e secundárias boas demais, lore do jogo incrível te faz pensar 2x antes de tomar qualquer atitude, te passa a sensação de que se fizer qualquer merda na cidade será punido e sim você terá problemas, personagens bem explorados, gráficos e mecânicas sensacionais. Jogo excelente, super recomendo!!!"
211659062,349.0833333333333,True,0,"Esse jogo é uma verdadeira obra prima, é sensacional, melhor jogo de mundo aberto que já joguei, perfeito e completo👏✅"
231326159,82.03333333333333,True,0,"""Bem-vindo(a) a Night City."" Cyberpunk 2077 foi um dos jogos que mais me marcou. A história consegue ser brutal e, ao mesmo tempo, muito humana e emocionante. Night City é simplesmente incrível. A cidade é linda, cheia de detalhes, luzes e uma ambientação que faz você querer explorar cada canto. É um mundo que consegue ser fascinante e pesado ao mesmo tempo. A gameplay também é muito divertida. Gostei bastante da liberdade para montar builds diferentes, seja no hackeamento, furtividade ou combate, fazendo cada jogador encontrar seu próprio jeito de jogar. O que mais ficou comigo foi o final. É um jogo com um clima bem melancólico e agridoce. Mesmo quando as coisas parecem dar certo, sempre existe um preço a pagar, e isso combina perfeitamente com o universo de Cyberpunk. Se você gosta de RPGs com uma ótima história, personagens marcantes e uma ambientação incrível, recomendo muito Cyberpunk 2077. ""Não existem finais felizes em Night City."""
231322779,23.5,True,0,é a minha estética favorita e literalmente o que eu busco fazer na minha faculdade eu amo esse jogo
231319331,106.08333333333333,True,1,"amei a estética , o jogo em si é incrível , se vc curte um mundo aberto , uma história que te prende do inicio ao fim , vai gostar bastante."
229878279,100.78333333333333,True,0,você prefere viver na paz como um zé ninguém e morrer de velhice ou apostar tudo pra ditar a história e nem chegar na casa dos trinta?
231315955,102.81666666666666,True,0,"Jogo maravilhoso, história super bem construída, todo o conteúdo é divertido e envolvente, enfim....joguem."
229431287,56.916666666666664,True,0,"Cyberpunk é aquele jogo que faz a gente pensar em cada escolha que o jogo nos dá, nas possíveis recompensas e riscos de cada escolha feita pelo jogador, este jogo é lindo em tudo.. Em conversas com personagens, relacionamentos e pensamentos dos mesmos. Ele traz uma sensação de vazio quando observamos a cidade principal em que o jogo se passa ''Night City'', mas não apenas vazio, também emoção em ver a cidade cheia de luzes, uma cidade que nunca dorme.. Simplesmente mágnifico. Entrou no meu top 5 facilmente, Recomendo a todos darem uma chance ao jogo."
231314000,9.616666666666667,True,0,"Ainda estou no começo do jogo, mas pelo que já joguei, é muito bom. Estou amando."
203080128,235.48333333333332,True,0,"Recomendo, jogo com muito potencial e tem bastante a melhor."
231277717,70.3,True,0,"por onde começo??? comprei por pressão por estar bem barato na epoca, vi o anime e quis experimentar o que seria estar naquele mundo. Me arrependi? Não, valeu cada centavo e cada hora que investi nisso, cyberpunk é muito mais que um jogo da steam, da pra dizer que ele é uma experiencia de vida UNICA. mas é bom sempre lembrar, ""não existe final feliz em night city"" mas existe a possibilidade de você traçar um caminho para que esse final não seja tão ruim."
231257166,28.15,True,0,"jogo muito bom, ainda tem bugs mais fora isso é bem divertido, lembra um pouco mesmo GTA"
231254737,90.63333333333334,True,0,"O jogo realmente me surpreendeu, o tema sempre me interessou muito, mas havia visto muita coisa sobre os bugs da primeira versão, o que me deixou com um pé atrás. O fato de ser em primeira pessoa também sempre me incomodou muito, pois não costumo me dar bem com jogos desse estilo. Porém, Cyberpunk simplesmente ganhou meu coração, foram poucas as vezes que fiz questão de experimentar vários diferentes finais de um mesmo jogo e Cyberpunk consegue ser incrível em cada um deles. A expansão Phantom Liberty é outro ponto a ser fortemente mencionado, tranquilamente uma das melhores expansões que já tive o prazer de jogar. Diria que foi um dos jogos que mais me surpreendeu positivamente nos últimos tempos."
231254134,74.68333333333334,True,0,"Melhorou muito, pouco bugs, história incrível e imersiva, gráficos e sistema de combates incríveis, obra de arte."
231245088,130.06666666666666,True,0,"Sem palavras, jogão. Pena que o lançamento foi desastroso. 10/10"
182203992,279.03333333333336,True,0,"Depois de um lançamento lamentável, posso dizer com certeza que esse jogo teve sua redenção. Jogabilidade divertida, história incrível, personagens cativantes e poucos bugs. Se você gosta de ficar imerso em um mundo, pode ir tranquilo que você irá se divertir. O valor para esse jogo é de R$ 100,00 e poucos, nada mais, mas com certeza se tiver por menos que isso, vale a pena cada centavo!"
231223076,35.6,True,0,"Jogo perfeito demais, joguem e aproveitem essa obra de arte"
231213247,58.75,True,0,"JOGO ABSURDO, retrata muito a realidade de hoje e como a vida pode ser descartavel em um futuro proximo"
231213085,30.45,True,0,"Ainda tô arranhando a superfície, mas o jogo é muito maneiro e me prendeu."
231211702,27.133333333333333,True,0,"Jogaço! Vc joga e nem olha o tempo passar, as narrativas são INCRIVEIS. Enfim, sem palavras para descrever cada momento. NOTA 9/10"
231207478,179.73333333333332,True,0,"a historia do jogo me prendeu tanto que fiz todos os finais e me deu vontade de platinar, nota 7,5"
231195395,48.516666666666666,True,0,"Jogo fantástico, super imersivo e viciante. Zerei o jogo fazem poucos dias, mas já sinto mta vontade de jogar dnv. O jogo não é perfeito, tem seus problemas e bugs(foram poucos os que eu vi na minha gameplay, mas ainda assim tem bugs), e sinto que ele podia ter mais alguns elementos de gameplay, como modificação de veiculos, mas o jogo tem mtos pontos fortes que fazem valer mto a pena a experiência. Notas: HISTÓRIA: 9/10 GRÁFICOS: 9/10 GAMEPLAY: 9,5/10 TAMANHO DO JOGO: 8,8/10 OTIMIZAÇÃO: 7,8/10"
231194747,3.0833333333333335,True,0,Cheguei ao ponto que o Adam Smasher era mais organico que meu personagem.
150207032,70.3,True,1,"You don’t believe in no fate Every day digging a grave Step in the pit with the snakes City of Dreams, City of GANG GANG GANG 8.5/10"
231172013,363.53333333333336,True,0,"um dos melhores jogos q já joguei, recomendo muito usar alguns mods como CyberWare-EX e Autentic Shift"
231161647,84.15,True,1,jogo perfeito. Esqueça o preconceito que vc tem desse jogo e aproveite essa masterpiece
229647769,155.15,False,2,"História muito boa, elenco muito bom, gráficos incríveis, mecânicas de stealth e hack muito legais, várias referências a filmes de sci-fi, investigação, policial, anime e até comédia. Parece um Deus Ex misturado com Fallout e sei lá mais o quê. Posso parecer contraditório, mas, apesar de tudo o que mencionei de positivo, além de ter feito quase todos os finais e conquistado quase todas as conquistas, o jogo não é para o meu gosto. Fiquei particularmente incomodado com a quantidade de coisas imorais (mesmo com o filtro ativado) e com tantos elementos esotéricos. Acho que o jogo puxa muito para esse lado. Minha opinião não representa o que o jogo é para outros jogadores; simplesmente não me agradou nesses aspectos, por isso estou dando uma avaliação negativa. Quando vi o trailer pela primeira vez, não achei que seria um jogo tão imoral e com tantos elementos obscuros. Inclusive, achei um pouco de sacanagem que, em praticamente todos os finais, um dos dois protagonistas acabe se dando mal de alguma forma. Não existe final feliz em Night City. Como diria Johnny Silverhand: ""A mesma merda de sempre, embalagem diferente."""
231152817,122.08333333333333,True,0,Um dos Melhores Games da História!!! Cadê o BAFTA AWARDS ta merecido
166496632,33.38333333333333,True,0,"É um bom jogo, porém, mesmo após anos de correções, atualizações de conteúdo, etc, não é nem metade do que a CD Projekt Red prometeu expôs nas publicidades e propagandas do game. Vale a pena quando em promoção. 👍"
230294151,71.25,True,0,"Cyberpunk 2077 é um jogo decente mas com falhas graves. Joguei no lançamento no Xbox e recomprei em 2026 pós-atualização 2.0 e com a DLC. A qualidade da expansão é bem superior ao conteúdo do jogo base, mas longe de ser perfeita. O final da main quest introduzido pela DLC é uma das coisas mais mal feitas que eu já presenciei. A escrita da história principal continua bagunçada e forçada independente do quanto CP2077 foi atualizado. Cyberpunk 2077 não é um RPG e V não é o seu personagem: A ilusão de escolha em Cyberpunk 2077 desmorona nos momentos decisivos, V age e sente de forma predefinida pelos roteiristas e as suas ações como player não são respeitadas. O segredo para aproveitar a experiência é não se apegar muito: quanto mais você se aprofunda, mais furos de roteiro e falhas encontra. É uma pena, pois o jogo introduz ótimos personagens e conceitos. A jogabilidade é divertida, mas simples, com builds lineares e uma inteligência artificial fraca que torna o combate repetitivo — inclusive, a versão 2.0 reduziu ainda mais o aspecto RPG tornando a árvore de habilidades ainda mais direta. Pelo menos os glitches de quebra de imersão foram reduzidos a ponto de não estragarem mais a diversão, ainda tive alguns episódios que me forçaram a recarregar um save antigo ou erros visuais que quebraram o clima de algumas cenas. Diante do orçamento astronômico e do hype, é um título difícil de recomendar, porém não vou negar que me diverti jogando, e creio que isso baste para recomendar agora em 2026."
231150306,45.63333333333333,True,0,"o jogo é muito bom, só achei ele curto demais, poderia ter muito mais historia."
231148952,137.71666666666667,True,0,"Não sei como o jogo estava no lançamento e nem me importo, falarei por minha experiencia de agora.... Historia: 10/10 Secundarias: 10/10 Gráficos: 9/10 Gameplay: 10/10 Dirigir: Uma merda, nunca tive tanto ódio atras de um volante na vida/10 Panam: Uma delicia, o melhor interesse romântico dos games, deliciosa, maravilhosa, esplendorosa, e muito bem escrita/10 Bondade, amor e finais felizes: kkkkkkkkkkkkkkkkkkkkkkkkk vai esperando sentado ai/10"
231137347,127.15,True,1,"Comprei na pré-venda e me decepcionei muito. PORÉM, depois de alguns anos, muitos patches e uma DLC incrível que quase ofusca a história do jogo principal, posso dizer que é um jogo único. Infelizmente nem tudo que Cyberpunk tenta funciona. A história depende de um senso de urgência artificial que vai contra o mundo complexo que implora para ser explorado. The Witcher tem o mesmo problema, seu mapa e missões secundárias grandes demais para uma história tão direcionada. 8/10"
231130785,109.71666666666667,True,0,"Com certeza meu jogo favorito... A construção de mundo desse jogo é de outro nivel, os personagens e escolhas que te sempre te lembram o quanto injusto tudo nesse mundo é, como as criticas que esse jogo faz refletem claramente em mta coisa que acontece na nossa realidade. Além disso tem a gameplay divertida com as builds que você aprende a montar com o tempo que vai passando no jogo. O lançamento cheio de bugs foi ruim e o jogo não é perfeito, tem mto que poderia ser diferente, mas ainda sim vejo com uma obra prima que vai levar esse universo brilhante pra novos projetos além do jogo, do RPG de mesa, do anime e dos livros. Tem uma infinidade de assuntos e historias que esse jogo proporciona, varios deles sendo tão interessantes que eu consigo imaginar algo baseado somente neles parabéns pra rapazeada responsavel ai"
231123799,233.85,True,0,"Minha história com esse game vem lá do ano passado, em junho de 2025. Eu jogava em um Ryzen 5 5600G com a placa de vídeo integrada. O jogo rodava com gráficos razoáveis, mas nada comparado aos últimos meses, quando joguei em uma RTX 5050. QUE GRÁFICOS ABSURDAMENTE LINDOS! Zerei o game 3 vezes no total. Na terceira zerada, foquei na platina por conta de Phantom Liberty. Tive mais bugs na expansão do que no jogo base. Teve um bug específico em que fiquei preso dentro de um medicanico e não conseguia sair de lá por nada. Tirando esse problema, os outros bugs eram até engraçados. Falando da história agora: personagens completos, uma história emocionante e envolvente. Muito foda como eles juntaram tudo e não deixaram nenhuma ponta solta. Tenho inveja de quem vai jogar esse jogo pela primeira vez."
231120410,294.9166666666667,True,0,Definitivamente o melhor jogo que eu já joguei na minha vida
231118181,217.55,True,0,"O jogo é conhecido pelo lançamento controverso, porém deu a volta por cima de forma magistral. Zerei o modo história algumas vezes então gostaria de dizer que: a narrativa do jogo te joga muitas informações técnicas e de mundo logo de cara, então é comum que você se sinta sobrepujado e à deriva no meio disso tudo. Após algumas horas de jogo, quando as informações começam a se assentar na sua cabeça (entender o que são as megacorps, pessoas, implantes cibernéticos e afins) você sente que as infos começam a vir de forma mais natural e a imersão se torna outra. Você lida com diversos personagens no decorrer do jogo, mas cada um inevitavelmente te marca de forma distinta, sendo muito fácil se apegar a eles e desejar pelo bem de cada um. Cada escolha torna a história diferente da última, o apego aos personagens também. Night City parece sempre viva, você anda, explora, completa trabalhos e ainda assim sente como se a imensidão daquela cidade nunca fosse ter fim. O gráfico do jogo é lindo, várias vezes há o sentimento de se pausar e olhar para a cidade, principalmente em alguns pontos específicos. A trilha sonora do jogo te acerta de forma absurda (quem viu a animação sabe o sentimento de estar dirigindo e a rádio começar a tocar ""I really wanna stay at your house""), músicas boas e boas risadas quando a rádio começa a tocar. Um ótimo jogo, está entre meus preferidos."
231108984,58.61666666666667,True,0,"No inicio eu o julguei como um jogo chato e muito parado me fazendo parar de jogar no mesmo momento em que comprei, resolvi dar uma chance novamente em 2025 e simplesmente me fez calar a boca com uma história f0d4, personagens que me apeguei, seu combate tendo armas diferentes e os implantes cada um com habilidades diferentes. Os veículos nem se falam, principalmente o carro do Johnny que me fez dar vários peão pela cidade ouvindo música por muito tempo, obrigado CD PROJEKT por essa relíquia"
231101112,79.01666666666667,True,0,"Peguei ele na promo histórica, fui na esperança de jogar só mais um AAA de mundo aberto estilo GTAV e quebrei a cara. Realmente o jogo é mo bom, principalmente em questão de história e desenvolvimento de personagens."
231096248,124.7,True,0,"Um dos melhores games que joguei na minha vida Eu sempre amei jogos de vários finais. Desde que tenho 12 anos, amei Life is Strange, e quaisquer outros desse gênero, como Tell me Why, Detroit: Become Human e Beyond: Two Souls. Mas sempre pensei em todos esses: aff, que saco, não vou caçar todos os finais. Vou ver na internet os outros, dane-se! Cyberpunk 2077 é o único que me fez querer caçar todos os finais. No momento dessa review fiz os finais (pf não leia se vc ainda não jogou) Temperança (Johnny assumindo o corpo), Sol (V virando lenda da Afterlife), Estrela (V fugindo com a Panam e os Aldecaldos) e Torre (V em coma por 2 anos) , e pretendo fazer os outros, inclusive os que incluem a Phantom Liberty, a DLC. Por que comentar isso? Pra dizer o quanto esse jogo me envolveu e praticamente foi o resumo das minhas férias. O universo é muito bem escrito, e cada dia mais estamos nos aproximando dessa distópica cidade Night City, onde os corpes e a corrupção pelos edinhos dominam tudo, enquanto a tecnologia avança cada vez mais. A gameplay é muito boa e a opção de várias builds é bem interessante (inclusive, achei criativo demais a ""mana"" do jogo ser memória RAM), apesar dos clássicos bugs que ainda permanecem um pouco, mas que não atrapalham a imersão e chegam a ser engraçados. E a história é envolvente demais!!! Você de início acha o Johnny um babacão que bota a culpa no capitalismo e dane-se o mundo que não me chamo Raimundo. Mas ele evolui junto com você. Ele admite os erros. Enfim, eu poderia ficar horas citando os tantos aspectos que me fazem amar esse jogo: dublagem, NPCs, a DLC, as missões. Mas resumidamente, Cyberpunk rapidamente se tornou um dos meus jogos favoritos. Ótimo jogo, e recomendo muito que jogue caso você tenha um tempo para se dedicar ao jogo e a lore dele. 10/10"
231093943,103.58333333333333,True,1,"Joguei assim que foi lançado e gostei bastante, mesmo com os bugs, hoje o jogo está perfeito, com ótima gameplay, lindos gráficos e muito otimizado, 10/10"
231089579,45.88333333333333,True,0,"Um dos melhores games que já joguei, simplesmente perfeito. Horas e mais horas jogando. Recomendo!"
140027140,31.466666666666665,False,1,"Tem muito bug...stutter nojento, não recomendo, engine tosca. Após 3 anos de patch a coisa ficou boa."
231085195,55.483333333333334,True,1,"Igual a minha vida amorosa, esse jogo não tem um final feliz."
231083119,61.45,True,0,Obra prima. Nunca me senti tão imersivo num mundo como no de cyberpunk.
231075502,96.16666666666667,True,0,"Adorei a minha expêriencia em Cyberpunk e ainda desejo platinar e fazer mais runs com diferentes bilds. Meu principal problema com o jogo é o começo: ele é fraco, demorado, oferece pouca variedade e não tem uma narrativa involvente de forma alguma. Felizmente, todos essas criticas se invertem totalmente na medida que o jogo se desenvolve. Não faltam personagens e histórias interessantes, especialmente quando se faz as missões não obrigatórias, a gameplay é divertidíssima e muito aberta a qualquer modo de jogar; me fez sentir como se fosse um protagonista de filme de ação, alá James Wick. Acho que o melhor modo de jogar é tentar fazer tudo que o jogo oferece, de verdade. A dlc também não decepciona."
231074193,99.76666666666667,True,0,"Se eu tivesse que definir Cyberpunk 2077 em uma palavra, com certeza escolheria: Anarquia Ⓐ (obviamente). Porém existem dois tipos de conceitos dessa palavra: 🔹 Filosófica (como era proposta pra ser): Viva a sua vida conforme você achar melhor, de forma responsável, podendo fazer o que bem entender, contanto que não prejudique ninguém. Tendo sempre em mente que: “Toda a decisão e ação tem consequências (independente se são boas ou ruins), e cabe a você assumir a responsabilidade pelos seus atos.” 🔹Coloquial (Desordem): Na linguagem comum, a palavra é frequentemente utilizada como sinônimo de confusão, descontrole, desorganização ou ausência de regras em uma instituição ou situação. Refere-se a um estado onde o comando ou a liderança falhou, gerando um ambiente de desordem. O conceito predominante apresentado no Game é o Coloquial (obviamente). O Corpo deixou de se tornar um Templo onde você deveria se autopreservar, para se tornar uma casca banal, sem importância e modificável. Pecados como: Luxuria, Materialismo, Egocentrismo e Escravos de seus Próprios Prazeres, Fatores como: Problemas Sócias, Desigualdade Social e Falta de Empatia, fazem dos cidadãos de Night City levarem uma vida bastante Infeliz, Ansiosa e na maioria das vezes: Solitária. Quem vive na “ralé” tem que lutar dia após dia há sua maneira para sobreviver, e quem é “nobre” vive para ser manipulado por seus próprios prazeres. Trazendo a ideologia fictícia desse Jogo para o mundo real, é demonstrado que quando você não segue os princípios Bíblicos de Deus, as consequências são bem severas e o peso de suas ações cobram muito caro."
231069593,342.93333333333334,True,0,"A história principal é muito boa, mas as missões secundárias são um dos pontos mais fortes. Os personagens são bem desenvolvidos e muitas escolhas possuem consequências importantes. E pra mim, isso é muito foda! Se apegar a personagens icônicos e ter o peso em suas escolhas. Depois das atualizações e da expansão Phantom Liberty, o jogo ficou mais polido, com melhores sistemas de combate, progressão e inteligência artificial. (No lançamento tava tenebroso jogar) Aproveitei praticamente todo o conteúdo disponível, incluindo missões, contratos, exploração e diferentes estilos de combate. Mesmo após 336 horas, ainda considero Cyberpunk 2077 um dos melhores jogos, imersivo e tecnicamente impressionante. Se reergueu muito bem. Amo Cyberpunk."
231054695,137.9,True,0,"O que era bom ficou ainda melhor depois da expansão mas o que realmente deixa o jogo ótimo são os mods, tem pra tudo quanto é gosto."
231039664,65.18333333333334,True,0,"Sinceramente, cyberpunk é pica e PAU NO CU DOS CORPE!!!!!"
231039159,84.1,True,0,"se um dia cyberwares existirem na vida areal, saibam que eu estarei criando hacks pra causar disfunção erétil e torção testicular"
231036748,61.85,True,1,"Comprei o jogo anos depois do lançamento, com expectativas baixas e devo dizer: Eu estava enganado. Cyberpunk 2077 me fez pensar de verdade sobre como viver e como seguir com erros cometidos, que o seu tempo e vida importam e que o agora importa também, viva ao máximo e sem arrependimentos. Jogaço!!! Não tenho a DLC ainda, caso eu a compre no futuro (eu vou) adicionarei na minha análise Jogo 9/10, te muda como pessoa!"
231030489,68.08333333333333,True,0,"jogo muito foda, ja fiz 2 finais e é simplesmente cinema"
231027184,163.98333333333332,True,27,"dessa vez eu tô jogando direito e eu acho que entrou no top 10 de jogos da minha vida… inexplicável a sensação de que eu tenho jogando esse jogo e eu me aprofundo no universo, completamente viciada tanto que eu estou jogando mesa de cyberpunk red, revendo de novo o anime e ansiosa pra segunda temporada no final do ano entendo quem sofreu na pré venda desse jogo mas quem reembolsou perdeu uma mina de ouro, a cd honestamente ganhou meu coração, vou dar até uma chance pra the witcher 3 depois!"
231023986,261.2,True,1,"Valeu a pena cada conquista, cada final, cada rolê em cada rua dessa cidade, um pedaço da minha alma permanecerá pra sempre em night city."
231023813,113.73333333333333,True,0,"puta jogo pika! Costumo dizer que cyberpunk não é só um jogo, é uma experiência de vida. E essa experiência mudou a forma de como eu enxergava o mundo e a própria vida. Vale muito a pena, recomendo demais."
231013583,53.083333333333336,True,0,"ele não é um primor, mas é um bom jogo e eu me divirto"
231011735,46.45,True,0,jogo nunca deixou der ser bom e engraçado com os bugs
227723800,120.03333333333333,True,0,"I saw corps strip farmers of water, and eventually of land. I saw them transform Night City into a machine fueled by people’s crushed spirits, broken dreams, and emptied pockets. Corps have long controlled our lives, taken lots, and now they’re after our souls! V, I’ve declared war not because capitalism’s a thorn in my side, or out of nostalgia for an America gone by. This war’s a people’s war against a system that’s spiraled out of our control. It’s a war against the ♥♥♥♥♥♥’ forces of entropy, understand!? Do whatever it takes to stop ‘em, defeat ‘em, gut ‘em! If I gotta kill, I’ll kill. If I need your body, I’ll ♥♥♥♥♥♥’ take it! …You still don’t see it. But you will one day."
231003766,93.3,True,0,"Fazia muito tempo que não me conectava com os personagens e a história trágica de alguma mídia, lembro-me de ter jogado pela primeira vez, 3/4 anos atrás no console de um primo, ter rushado e não prestado tanta atenção, já que os bugs eram bastante e ""estragavam"" a experiência. Passei minha primeira semana de féria imerso no universo, as missões secundárias traziam um ar de tudo aquilo é real, mas de que algo trágico estava pra acontecer, a cada minuto que passava, cada ligação para um npc, o protagonista estava morrendo e eu comecei a ficar com muito medo. No começo eu achei que ficaria tudo bem, ""ele vai encontrar alguma cura"", mas com o tempo, eu me apeguei ao Johnny, sei que ele é só vários códigos binários tentando tomar meu lugar, mas eu sentia que ele era real. E que estava matando V aos poucos novamente. Ainda não me encontrei com Hanako, estou evitando isso porque quero aproveitar ao máximo que puder, sei que estou chegando ao fim de uma era, mas estou com medo, medo de perde tudo que construí, perde tudo aquilo que mais quis. Talvez eu esteja me colocando demais no lugar de V, talvez eu tenha me identificado demais com V, talvez eu saiba que as coisas estão chegando ao fim, mas não consigo evitar de ficar com medo. ""Não existem finais felizes em Night City"" mas dessa vez, eu desejei tanto que tivesse um. Apesar de não ter finalizado, gostaria de deixar essa análise antes de chegar ao final. Talvez faça outro quando terminar."
230992057,112.06666666666666,True,0,"Assim, muita coisa melhorou des do lançamento, algumas falhas ainda persistem como pouco npc, os carros e motos são sabao (acelera muito e dificil de dobra kkkkk) e outras coisinhas. Porém, eu recomendo o jogo, de verdade, pega numa promoção e aproveite porque a atmosfera, as estruturas e as missões são sensacionais. A historia principal sofre de muita coisa, mas as missões segundarias sejam elas relacionadas a missão principal ou não são INCRIVEIS! PERFEITAS! Além disso o jogo te permite fazer diversos tipos de build e jogar de varias maneiras. É um ótimo rpg que sofreu pelo capitalismo, pra mim, 8,5 a 10."
230989807,111.53333333333333,True,0,"Depois de zerar esse jogo pela terceira ou quarta vez, preciso dizer: ITS THE PEAK!"
230952407,90.9,True,0,3 Motivos para jogar Cyberpunk 2077: 1- Namorar a Panam 2- beijar a Panam 3- Panam Palmer
230950538,46.9,True,0,Muito bom 10/10 até em 2026 Um tapa na gostosa 🖐🏻🧔🏻 Yes baby Thank you
230946853,152.65,True,0,"Watch Dogs + Far cry = benção, divino, profundo e infinitamente melhor que os dois em TODOS os aspectos, Cyberpunk 2077 tá longe de ser só mais um jogo dentre todos os outros. Não jogue, sinta."
230942060,142.73333333333332,True,0,"Confesso que, quando me recomendaram, não me despertou tanto interesse assim. Na primeira vez que joguei, dropei com só 2 horas de gameplay... e hoje estou aqui, agradecendo todo dia por essa obra-prima existir e recomendando para todo mundo. Uma campanha maravilhosa e uma DLC que deixa tudo mais f*da ainda, e aquela vontade de rejogar que sempre bate na porta — mesmo tendo feito todos os finais possíveis e platinado o jogo. Então eu só peço para que deem uma chance para esse jogo maravilhoso e esqueçam qualquer polêmica sobre os bugs do passado. Tenho certeza de que não vão se arrepender! JOGAÇO 10/10!!!!!!!!!!"
230941774,5.933333333333334,True,0,"Possui pequenos bugs, em sua maioria engraçados. A otimização poderia ser melhor. É um bom jogo no geral."
230941385,90.98333333333333,True,0,"Um dos jogos com a melhor história que já joguei! Gráficos lindos, dá vontade de para em toda poça d'água para admirara o Ray Trancing. Jogo com todas as configs gráficas no talo em uma média de 60-70 fps."
230936722,40.78333333333333,True,0,"Jogo bom da porra, só joguem e gozem com esse jogaço"
230930928,104.55,True,0,"Uma pena esse jogo ter tido o lançamento que teve, hoje em dia é facilmente um dos melhores jogos da história, personagens muito bem desenvolvidos, infelizmente não existe final feliz em Night City ;-;"
230929780,119.2,True,0,"Bom, o que dizer sobre Cyberpunk? Primeiramente: é um excelente jogo! Em segundo lugar: possui uma narrativa e uma jogabilidade fantásticas. O que mais me atraiu a jogar foi, sem dúvida, a história, um aspecto em que a produtora sempre se destaca. Consegui evitar muitos spoilers desde o lançamento, e foram 120 horas que passaram rapidamente — assim como a vida em Night City. Quanto à história, achei-a incrível. Os personagens são extremamente memoráveis, como Jackie, Viktor, River, Judy, Panam, Takemura e, especialmente, Johnny. Apreciei todas as missões secundárias e a DLC, que foi uma adição monumental à trama, trazendo ainda mais profundidade com Dogtown. O tempo que passei explorando Night City sem um destino certo, ouvindo as músicas tema de Cyberpunk: Edgerunners nas rádios junto com Kartel Sonoro na 98.7 e 106.9, foi simplesmente maravilhoso. E sobre o final... não há muito o que dizer. Experimentei todos os finais, mas só posso afirmar uma coisa: NÃO HÁ FINAL FELIZ EM NIGHT CITY. Entretanto, eu amei e ainda amo essa cidade. Dito isso: Boa noite, Night City"
230927815,146.9,True,0,"campeão demais, de longe um dos melhores jogos que já joguei, saudade da sensação de jogar isso pela primeira vez, troquei de pc só pra jogar essa porra com path tracing e valeu a pena"
230926226,166.08333333333334,True,0,"História excelente, ambientação maravilhosa, as missões em sua maioria você pode escolher se quer chegar no modo Rambo ou no modo ninja, tanto no jogo base, como na dlc. Com alguns mods a imersão fica ainda melhor. Mas o que mais me cativou no jogo foram as interações com o Silverhand que são incríveis, você anseia pelos momentos em que ele aparece para falar algo, seja um comentário engraçado ou algo que vai te deixar refletindo sobre a vida. Jogão 10/10"
230923715,43.68333333333333,True,0,"Começo de lançamento turbulento, porém, tem uma história sensacional. Vale a pena jogar ele"
230921572,102.01666666666667,True,0,Entupi o jogo de mods Fiz uma build inspirada na rebecca extremamente OP Humilhei o adam smasher Desinstalei o jogo
230916713,7.066666666666666,True,0,"zerei o jogo com o final do silverhand e chorei pra cacete, depois fui ver o anime ate o final e faço terapia até hoje comtra a depressão. 1000000/10 recomendo"
195037046,170.36666666666667,True,0,"Blá, blá, blá Fuder a Arasaka Blá, blá Explodir a Mikoshi"
230905918,168.41666666666666,True,0,"Amo a franquia, mas claro o jogo foi lançado com problemas isso é não há como negar. Mas depois de algumas atualizações e com a DLC o jogo ficou muito divertido e legal de jogar, se tornando um dos meus top10! Vale muito comprar e jogar."
230904550,79.21666666666667,True,0,"Cyberpunk depois da atualização da DLC, é de longe uma das melhores experiencias que você provavelmente vai ter jogando algo. 10/10"
221438884,150.8,True,0,"A minha última avaliação desse jogo só dizia ""Jogaço"", no momento em que eu tinha acabado de começar o jogo. Depois de zerar ele e a DLC, tenho que admitir.... Que esse é um dos melhores jogos que já joguei em toda minha vida. E não ter escutado as opiniões ruins dele foi uma ótima decisão. Nunca me enfiei muito na história antes de jogar, só sabia que o Keanu Reeves era um personagem importante. Minha configuração era bem capenga quando comecei a jogar (i3-8100, GTX 1650, 16GB ram), mas depois de melhorar principalmente meu processador, notei uma melhoria grande, mesmo que antes, apesar do fps baixo, ainda pude experienciar o jogo completamente e, surpeeendentemente, NÃO ENCONTREI PRATICAMENTE NENHUM BUG NA MINHA PLAY INTEIRA. Mas sobre a história, personagens, música e diversão na gameplay, são todos impecáveis, cada missão é única e superdivertida, os personagens são muito bem escritos e parecem humanos, as músicas são muito fodas, tanto as mais Rock da Samurai, quanto as eletrônicas e (sla ""jumpstyle""?) da temática do futuro de 2077. E a DLC? Puta que pariu, irmão. Se for pra comprar esse jogo sem a DLC, você está cometendo um erro. O jogo é muito bom, sim. Mas a DLC é magnífica, com mais personagens incríveis e uma história que me deixou muito cativado. Sem Spoilers aqui, mas essa foi a primeira vez que o conteúdo de um jogo na DLC fez a comunidade realmente ficar discutindo sobre qual dos personagens tinha as melhores motivações e estava realmente certo. De todo modo, não dê ouvidos para quem ainda caga na cabeça desse jogo mesmo depois de tanto tempo. Compre ele, e veja por si só. Aprovadíssimo 11/10"
230888933,109.63333333333334,True,0,"Subestimei Cyberpunk 2077 por muito tempo por causa do seu lançamento desastroso. Mesmo ouvindo falar das diversas melhorias que o jogo recebeu ao longo dos anos, eu ainda tinha um certo receio de dar uma chance. Felizmente, resolvi jogar, e posso dizer que foi uma das melhores decisões que tomei. Hoje o jogo é completamente diferente do que era no lançamento. As inúmeras atualizações transformaram a experiência, tornando Cyberpunk 2077 um RPG de altíssima qualidade. Sem dúvida, valeu cada centavo e cada hora investida. Os gráficos são impressionantes, principalmente com ray tracing. Night City é uma das cidades mais bonitas e vivas que já vi em um jogo, cheia de detalhes, NPCs, eventos e uma ambientação que realmente faz você se sentir dentro daquele universo. A história é excelente e consegue prender do início ao fim. A expansão Phantom Liberty eleva ainda mais o nível da narrativa, trazendo personagens marcantes, missões muito bem escritas e escolhas que realmente fazem você pensar antes de decidir. Aliás, os personagens em geral são um dos pontos mais fortes do jogo: cada um tem personalidade, motivações e desenvolvimento muito bem construídos. A jogabilidade também merece destaque. Há uma enorme variedade de armas, implantes cibernéticos, árvores de habilidades e estilos de combate. Você pode montar uma build focada em hacking, furtividade, katanas, armas pesadas ou misturar tudo isso, o que deixa cada gameplay única. A exploração também é extremamente recompensadora, sempre há algo interessante para descobrir em Night City. Quanto aos bugs, durante toda a minha campanha encontrei apenas alguns problemas menores, nada que comprometesse a experiência ou atrapalhasse a diversão. É impressionante ver o quanto o jogo evoluiu desde 2020. Durante vários momentos da minha jornada senti a mesma empolgação que tinha quando era criança e ganhava um jogo novo. Eu queria explorar cada lugar, completar todas as missões, descobrir todos os segredos e simplesmente passar mais tempo naquele mundo. Fazia tempo que um jogo não despertava essa sensação em mim. No fim das contas, Cyberpunk 2077 entrou facilmente para a lista dos meus jogos favoritos. É um jogo que merece uma segunda chance de quem desistiu dele no lançamento. Se você ainda não jogou por causa da má fama inicial, dê uma oportunidade. Hoje ele é um dos melhores RPGs de mundo aberto disponíveis e, na minha opinião, vale muito a pena."
230875085,57.53333333333333,False,1,"Não gostei do final, achei as opções vagas e ambíguas, voce só descobre a consequências depois de já ter tomado as decisões"
230870866,39.03333333333333,False,1,"Unplayable, crashes all the time. Injogavel, crasha o tempo todo."
230868270,56.85,True,0,"to no inicio ainda msm com 40 horas de jogo,mto bom tbm"
230868016,119.26666666666667,True,0,"Cyberpunk 2077 é um dos maiores exemplos de redenção da indústria dos games. O lançamento foi conturbado, mas hoje o jogo entrega uma experiência extremamente refinada e memorável. Night City é, na minha opinião, uma das cidades mais vivas já criadas em um mundo aberto, com um nível de detalhe impressionante em cada rua, bairro e personagem. A narrativa é excelente, cheia de escolhas relevantes e momentos marcantes, enquanto os personagens são muito bem escritos e conseguem criar um forte vínculo com o jogador. A jogabilidade evoluiu bastante após as atualizações. O combate oferece liberdade para montar builds focadas em hacking, furtividade, armas de fogo ou combate corpo a corpo, tornando cada partida diferente. A expansão Phantom Liberty complementa essa experiência com uma campanha digna de um jogo completo. Visualmente, Cyberpunk continua sendo uma referência. Mesmo sem Ray Tracing, o jogo apresenta iluminação, efeitos e direção de arte de altíssimo nível. A trilha sonora e a ambientação trabalham juntas para criar uma atmosfera única. Apesar de ainda existirem pequenos bugs ocasionais, eles são raros e não comprometem a experiência. Hoje, Cyberpunk 2077 é exatamente o jogo que muitos esperavam em 2020: ambicioso, envolvente e tecnicamente sólido. Se você gosta de RPGs de ação, narrativas maduras e mundos abertos ricos em detalhes, este é um jogo praticamente obrigatório. Depois de centenas de horas explorando Night City, fica fácil entender por que ele se tornou um dos melhores RPGs da última década. Nota: 10/10. Recomendo sem hesitar."
230867050,41.95,True,0,"Cyberpunk 2077 é surpreendente. Nas primeiras horas o jogo ainda tá te ambientando nesse universo bem diferente do comum, mas assim que a história ""engrena"" de verdade, é impossível largar — cheguei a jogar de uma sentada só porque não conseguia parar. O ponto forte pra mim foram os personagens. Os romances têm profundidade de verdade, você se apega, tem encontros marcantes, decisões que pesam. As missões ligadas ao Johnny Silverhand também têm um nível de construção de personagem que poucos jogos entregam — você realmente sente o peso da jornada dele. A liberdade de explorar Night City é outro ponto alto: várias formas de resolver as mesmas situações, muitos caminhos pra entrar em lugares, e o mundo é denso o suficiente pra recompensar quem gosta de sair do trilho principal e fazer contratos secundários. O final me pegou emocionalmente — de um jeito bom. É daqueles jogos que te fazem sentir as consequências das suas escolhas, sem forçar a barra. Se você curte narrativa forte, personagens marcantes e um mundo aberto que realmente parece vivo, joga sem medo. Vale muito a pena."
230863814,209.85,True,1,Muito bom acompanhei desde o lançamento cheio de bugs mais hoje o jogo é muito bom e a tradução brasileira é a melhor
230848833,117.91666666666667,True,0,"Falando sobre **Cyberpunk**: Eu achei um jogo muito foda, com muitas side quests que, infelizmente, não importam para a história, mas que levam um bom peso narrativo. Ver pessoas que você ajudou simplesmente se morrendo é meio foda, porque você, aos poucos, entende que o melhor que pode fazer em Night City é sair de lá, deixar tudo que pensou sobre ser o maior de lá e fugir para um lugar de verdade, um lugar onde, quando você morrer, alguém fique triste e você não seja só mais um corpo jogado no lixão, igual às lendas do próprio game, como o Johnny e o Rache Bartmoss. Fala sério, na lore os caras eram monstros, mas, no final, um deles está em uma geladeira e o outro está jogado em um terreno baldio. E, no final, você achou que ia fugir da espiral e virou só mais um no sistema. Mas, após ver o anime, eu senti falta daquela loucura mostrada. Pô, é mais perigoso andar em SÃO PAULO do que em um mundo dito como o inferno na Terra, onde dizem que tem insanos por todo lado e você pode morrer a qualquer momento. Sobre a gameplay: Muito boa, não tem como negar. Minha única visão de falha foi: **PQ KCT SÓ POSSO RESETAR ATRIBUTOS 1 VEZ? PUTA QUE PARIU!** Se eu quiser fazer uma nova build, tenho que jogar tudo de novo, vai se foder. Mas o game é bom, completo e muito foda. Eu joguei com hacks, uma sniper, além da escopeta, então gostei muito de jogar metralhando tudo e, ao mesmo tempo, me escondendo e pegando os caras por trás (ain). Ou seja, realmente vale a pena. É um jogo que, na minha visão, vale 80 reais, vale um valor desses. Claro, não peguei o hype nem as promessas, então, para mim, o jogo está bem completo, com muitas habilidades e estilos de jogo. As únicas reclamações seriam sobre o sistema de upgrade, onde eu não posso upar tudo ao máximo e não posso ficar mudando de build. Mesmo que fosse necessário só pegar um item, eu faria isso muito fácil. **Nota final: 8/10.** Ótima história, ótimos personagens, péssimo mundo (isso é um elogio, tá? Morra, Night City)."
230840716,45.46666666666667,True,0,"Os finais do jogo são sempre impactantes, muito bom recomendo"
230831866,92.43333333333334,True,0,"Acho que o que eu queria era, sei lá... um final feliz... pra todo mundo"
230809312,83.26666666666667,True,0,"Apos 5 anos sem ter vontade de jogar jogos de historia eu consegui ficar viciado nesse jogo, 4 anos ele guardado em minha biblioteca e do mais absoluto alem resolvo abrir ele pra testar minha placa de video nova, nas primeiras 10h quase desisti do jogo, mas apos ver um video que dava pra pegar a arma do Johnny simplesmente coloquei isso como meta pra jogar, porem continuando com o jogo comecei a amar a historia dos personagens, das armas e de tudo que tem nesse jogo, nao e um jogo para vc sair rushando historia principal esperando acao toda hora e sim para voce apreciar toda a obra, e se encantar de tudo que este jogo oferece, e uma pena ja que toda historia tem fim e por mais que eu queira sei q nao terei 10k de horas de conteudo igual em mmorpg, porem cada segundo do meu tempo, cada momento acompanhando esta saga de V, esta melhor do que muita historia de jogos por ai. No fim cyberpunk pra mim e um Life is strange de acao, nao tem escolhas tao complexas quanto LIS porem ainda afetam sua gameplay"
230798296,148.43333333333334,True,0,"jogo bom, da pra fazer um romance legal com, lesbica, muié q fala torto, detetive e astro de rock. Eu me identifico muito com o ''johnny silverhand'' eu e ele temos o mesmo mindset. Espera uma promoção e compra, vale a pena legal games!!!!!!!!! 2077/2077."
230797438,126.55,True,0,"Jogo maravilhoso. A estética é linda, a história é perfeita e muito bem construída em todos os detalhes. Durante toda a minha gameplay não encontrei nenhum bug, apenas recomendo jogar em um SSD NVMe para ter uma performance melhor. Se eu tivesse que definir esse jogo em duas palavras, seriam liberdade e consequência. Você pode fazer praticamente tudo, mas cada escolha tem seu peso e pode mudar o rumo da história. Isso faz com que cada gameplay seja única e dê vontade de jogar novamente."
230783642,3.8,True,0,"Jogo muito bom, divertido e imersivo, com qualidade gráfica excelente e ambientação top. Para um prólogo, gostei demais e quero muito jogar o jogo quando lançar. Dito isso: 17 dias sem punheta, entrei na farmácia pra comprar um halls, ai a menina do caixa falou assim ""boa noite, posso ajudar?"" Mano quem fala isso? Todo mundo sabe que meninas do caixa só falam ""boa noite/bom dia/Boa tarde"" mas pra mim ela falou logo ""Boa noite, posso ajudar"", safada ela ta super na minha. Ai eu peguei um halls vermelho e disse ""quero um halls de morango"" ai ela disse ""esse ai é de cereja, o de morango é o mais rosinha"" olha que safada, mano, inacreditável, a mina teve a audácia de falar que o halls vermelho não é de morango só pra puxar assunto comigo, decidi ver até aonde a cara-de-pau dela ia, então eu disse ""ah é tudo a mesma coisa"" então ela deu uma risadinha. Mano não foi uma piada, não tinha motivo pra ela rir, ela riu pra me deixar à vontade e pedir meu zap, tenho certeza. Então fiquei olhando pra cara dela calado por uns 40 segundos pra fazer um elo no flerte porque não era justo só ela fazer tudo, ela perguntando ""é... deseja mais alguma coisa senhor?"" Olha que safada se oferecendo pra mim no horário de trabalho, então eu só fiquei com o halls na mão olhando pra ela, ela começou a olhar pros lados pra ver se alguém Tava olhando pra ela pedir meu zap, ela Tava tão eufórica com minha presença que tava começando a suar e encher os olhos de água, certamente imaginando nosso futuro casados. Dois minutos apos eu só segurar a halls e olhar nos olhos dela eu pus a mão no bolso pra pegar a carteira e ela falou ""por favor não me machuque"", certamente imaginando um sexo selvagem por eu ser esse macho alpha que sou. Então peguei a carteira, abri um sorriso, peguei 2 reais e paguei a halls. Ai eu disse ""eu voltarei"" e uma lágrima desceu pelo rosto dela. Certamente ela está completamente apaixonada por mim e chorando de felicidade."
230779419,177.31666666666666,True,0,"joguei por recomendação de um amigo após ver o anime na Netflix e acabei viciando tanto na história como no estilo do jogo e a arte, nas minhas primeiras horas ja pensei em comprar a dlc, quando comprei, já pensei em platinar. O jogo é foda e passa uma mensagem mais foda ainda."
230774627,79.63333333333334,True,0,N sabia q esse jogo era um documentario sobre realidade atual que vivemos
224710229,125.25,True,0,"simplesmente cinema. consegui platinar o jogo em 125 horas, eu ja havia por volta de 300 horas de jogo antes de comprar o cyberpunk, então foi tão bom q fez eu de fato comprar o jogo. recomendo 10/10 platinaria dnv roda liso ate com 1k de mods"
230750251,20.4,True,0,"Puta merda, madruguei jogando esse jogo suculento e confesso que esse jogo e foda. Fiquei 10 horas consecutivas jogando essa obra prima, recomendo dms."
230732304,32.21666666666667,False,0,"Esse jogo é um lixo, ainda bem que comprei na promoção!"
230727480,80.91666666666667,True,72,"Não tenho palavras para descrever esse game, simplesmente inexplicável. Principalmente para mim, que não tinha um pc que rodasse. Basicamente, espero por isso desde 2020. Antes do game lançar e ser um desastre por conta dos bugs, eu assistia a todo conteúdo que a cd projekt red lançava sobre cyberpunk: trailers, cinematics, como seriam as armas kkkk. Foi ali que eu criei uma conexão forte com cyberpunk, principalmente com a música never fade away.Caramba, que música boaaaa Então, para mim, zerar esse game e sua incrível expansão depois de tanto tempo foi algo que eu não consigo explicar. Obs: Chorei ^-^ (Essa análise tá parecendo um diário, desculpa kkkkk)"
230726666,56.166666666666664,True,0,"Extremamente foda, tirando a otimização e desempenho. Apesar disso, o jogo é sensacional. Estou jogando a mais de 100h de jogo, zerei 3x. Estou fazendo todas as missões secundárias, e posso dizer que todas são muito bem boladas, de modo que você não fica entediado fazendo elas. Algumas até mesmo complementam a narrativa da história principal. Arte 10/10 Gráficos 10/10 Trilha sonora 10/10 Personagens 10/10 História 10/10 Desempenho 3/10 Veredito: nota 9,0 Ps: Se não fosse pelo desempenho ruim e bugs, seria uma obra prima além do que já é."
230726548,90.46666666666667,True,0,"Um dos melhores jogos que ja joguei na minha vida, fico muito feliz em saber que só pude jogar anos após o lançamento kkkkk, o jogo está muito polido e apesar de alguns bugs aqui e ali não tive problema nenhum na minha gameplay. Como normalmente faço quando gosto de um jogo, nessa review rápida vou pontuar oque mais gostei no game. O gráfico do jogo ta excelente, muito bonito, iluminação do game é lindissima e a sua cidade é muito bem estruturada sempre tendo pelas paisagens pela jogatina. Seu mapa é muito bem montado e todo lugar conta uma história, NightCity é viva, talvez não como prometeram, mas com um design que te faz acreditar que aquele lugar realmente possa existir. A Gameplay do game é gostosa demais, muito fluída. O combate funciona muito bem e tem várias formas de se explorar o game, seja no corpo a corpo, stealth, fuzis, pistolas, hacks a moda watchdogs e etc... A direção dos carros também é muito boa, eu mesmo quase nunca usei os pontos de fast travel só para poder cruzar o mapa ou de moto ou de carro pois sempre que posso apreciar o jogo enquanto dirijo eu o faço. A história não tenho como falar muito pois quero que todo mundo tenha sua experiência com ela, mas em resumo, excelente; a CDProjekt sempre soube escrever uma boa história e aqui ela consegue chegar em outro patamar, gosto muito de The Witcher 3 e aqui no Cyberpunk vejo que eles se puxaram muito na escrita do roteiro, fora todas as multiplas escolhas, sem contar com a DLC Phantom Liberty que ali a história é extremamente impactante. Apenas jogue, o jogo tem seus defeitos sim mas acredito que são tantas qualidades que tu apenas esquece que tem e continua jogando, eu provavelmente vou sempre acabar baixando ele de vez em quando pra talvez por alguns mods e brincar ou para simplesmente brincar um pouco por Nightcity. Nota 10"
230725878,119.16666666666667,True,0,"Simplesmente incrível, um jogo que conseguiu me prender de verdade, papo de vício mesmo, de passar semanas só jogando ele, consumindo de tudo que achasse e ainda assim nem se quer cheguei no final da minha primeira campanha (estou evitando encontrar com a Hanako no Embers), um jogo com um combate incrível, história e personagens que podem ser considerados um marco na história dos jogos, um absurdo, o tempo concedeu a Cyberpunk 2077 uma redenção maravilhosa. Quase não tive bugs na minha gameplay, a maioria coisa que é no máximo engraçada, o máximo que tive foi ter que voltar no save uma vez por ter me prendido dentro de uma caixa e não ter saída, mas sinceramente, uma experiência única."
228292326,196.75,True,0,"Claramente tem algum problema com esse jogo. Parece que ocorreu gambiarra para ele funcionar em algumas partes de cidade pois ainda ocorrem bugs com carros surgindo do nada e pessoas sendo engolidas pela terra. O jogo em si é muito bom e vale a pena. A historia principal e suas sidequests foram bem feitas, os personagens nas ruas tem falas top demais, bem engraçadas. A DLC é bem melhor que o restante do jogo, realmente melhorou bastante. É um jogo nota 7, joguei uma vez zerei e provavelmente não jogarei mais. Foram quase 200h de jogo. É um pouco complicado pois é um jogo de RPG e eles tentaram muito ser um GTA, acho que tinham de fazer algo mais deles e menos GTA."
230692368,5.6,True,0,"Senhoras e senhores...este com certeza está sendo ou já é o melhor jogo estilo RPG de todos os tempos, um jogo que desde GTA 5 não me prendia tanto...simplesmente incrível, missões, história...e uau...que começo épico!!! Totalmente cinema."
230688194,259.76666666666665,True,0,"História muito boa, gráficos de ponta e jogabilidade viciante. Recomendado demais!"
161745488,490.46666666666664,True,0,"**Cyberpunk 2077** é, sem dúvida, um dos melhores jogos que já joguei. Na minha opinião, **Night City** é a melhor cidade futurista já criada em um videogame: viva, detalhada e extremamente imersiva. A história é excelente, cheia de reviravoltas, os personagens são cativantes e muito bem escritos, e tanto as missões principais quanto as secundárias, contratos e atividades são incríveis, sempre enriquecendo o universo do jogo. A trilha sonora e a ambientação são magníficas, os gráficos impressionam pelo nível de detalhes e nitidez, e a jogabilidade é fluida e intuitiva. É um RPG completo, com muito conteúdo de qualidade e uma experiência que prende do início ao fim. Recomendo para qualquer fã de RPG e ficção científica."
230659214,50.2,True,0,"Que jogo foda, meu deus, eu não dava nada pro jogo, resolvi jogar e me apaixonei completamente pela história, pelos personagens e por tudo, ta no meu top 3 favoritos"
230679185,57.2,True,0,Jogo no estilo de GTA só que futurista. Muito Bom.
230654871,26.633333333333333,True,0,"OTIMO JOGO A HISTORIA CATIVA A GENTE, SO NAO GOSTEI MUITOS DAS MISSOES SECUNDARIAS MAS A HISTORIA ME IMPRESSIONOU MUITO, PARABENS PELO JOGO"
218146147,370.75,True,0,"77/100 I luv you PANAM!❤💘 Johnny Silverhand, one of the greatest characters of all time."
230651826,91.63333333333334,True,0,">crio meu personagem >escolho Marginal >acordo em um bar cheio de cigano argentino com o nariz quebrado >aceito ajudar o barman por algum motivo >falo com o cara que tem a voz dublada pelo Francisco Jr >vou roubar um carro >sou abordado por um chicano >chicano e eu somos enquadrados pelos home >acordamos os dois numa sarjeta >viramos amigos >resgatamos uma mina careca pelada >merda acontece >spoilers >cidade se abre >mendigos, gente pedindo dinheiro pra usar droga, gente pedindo cigarro, gente pedindo grana pra trocar partes do corpo, geral tem arma (branca e de fogo) >Night City é liberata totalmente Melhor simulador de São Paulo. 11/10"
230648835,60.06666666666667,True,0,"""Wake the ♥♥♥♥ up, Samurai. We've got a city to burn."" Cyberpunk 2077 foi um jogo que eu acompanhei um pouco antes e durante o lançamento, eu não cheguei a jogar, nem tinha pc ainda, na época a expectativa era praticamente a mesma do GTA VI atualmente. As promessas eram grandes, quando lançou foi um hype absurdo, mas ai veio os bugs que deixavam o jogo injogavel, e isso destruiu a reputação do jogo Cyberpunk, virou a decepção do ano, e isso arruinou como as pessoas viam o jogo e atualmente como algumas pessoas ainda veem, eu vi alguns vídeos recentemente sobre as atualizações que melhoraram a otimização do jogo e corrigiram o jogo, estava em um preço bom na promoção de Summer Sale desse ano, e eu comprei. Confesso que foi o jogo que mais me surpreendeu, me divertiu e me prendeu nele, acho que não se vê todo dia um RPG com estética Cyberpunk, o jogo tem umas mecânicas muito interessantes, a ""árvore de habilidades"" é bem interessante, as armas tanto de fogo quando brancas são muito criativas e legais, o sistema de builds eu achei inovador, a historia principal de curta é bem original e criativa, e além de tudo isso, o jogo tem vários finais (e a DLC te dá ainda mais finais) Night City me fez pensar como a humanidade pode acabar no mesmo estado Cyberpunk que vemos nela, uma cidade que a primeira vista aparenta ser bonita, cheia de Arranha-Céus gigantescos, imagens coloridas e holográficas, carros futuristas e algo que você vai notar muito no jogo: propagandas em todos os lugares, prometendo prazeres, cheias de pornografia, comidas ultra processadas e muito mais coisas que destroem o ser humano. Mas quando você adentra e começa a entende-la se torna decadente, ela é um ambiente solitário, com desigualdade, corrupção, violência e ganância É uma pena que um jogo desse teve um lançamento horrível e ficou com má fama, marcado pelos VÁRIOS bugs, o jogo infelizmente teve esse começo, mas apesar de tudo deve ser um dos melhores se não o melhor jogo que já joguei se for levar em conta tudo o que o jogo me ofereceu e me entreteu, e eu já zerei Red Dead Redemption 2, tenho quase 100 horas de jogo inclusive, Cyberpunk na minha opinião está no mesmo nível de RDR2, PRA MIM, valeu cada centavo que eu gastei, agora espero uma promoção pra comprar a DLC Phantom Liberty que expande ainda mais o jogo, pra mim esse jogo é um 10/10."
230648299,98.86666666666666,True,0,"Apesar do lançamento conturbado é visível que Cyberpunk 2077 se tornou um ícone do mundo dos games. O amor e a atenção aos detalhes são nítidos, apesar da história principal, principalmente da DLC, terem algumas ""barrigas"". Ainda, sim, é um excelente jogo que vale tanto o seu tempo quanto seu Dinheiro. 8.5/10"
230637556,23.416666666666668,True,0,"jogo extremamente bom, eu nem percebo q to horas jogando pensando q to jogando em pouco minuntos"
230637122,65.8,True,0,"Jogo maravilhoso, comecei a jogar depois de ver Edgerunners e sinceramente, não esperava muito. Porém a mecanica de luta do jogo, como os chromes são realmente espetaculares e muito divertidas. 10 de 10, estou começando minha segunda run"
230624478,152.31666666666666,True,0,"Jogaço. Só falta complexidade na luta corpo a corpo e uma direção minimamente normal pros veículos, que é bem bosta. Aplaudi de pé o fim da história. Jogaço"
195318628,61.916666666666664,True,0,"O tanto que esse jogo foi massacrado no lançamento FOI BRINCADEIRA. Mas no fim, depois de anos de empenho dos desenvolvedores da CD Projekt Red pra transformar e melhorar o jogo, ele se tornou uma OBRA DE ARTE. A gameplay evoluiu muito, com uma variedade de armas bem legal, diferentes possibilidades de combate e um mapa extremamente bonito de explorar. As missões são um dos maiores pontos fortes do jogo, com momentos muito bem construídos e personagens incríveis que fazem você querer continuar. Em relação à história, é simplesmente absurda. A forma como o jogo constrói seus personagens e desenvolve seus momentos mais emocionantes é incrível. Aaaah Johnny... Graficamente é insano, Night City é linda e até hoje impressiona."
82051630,164.93333333333334,True,0,"Minha 1050 peidou rodando a 25 fps Grande dia 👍 Isso foi o que eu comentei em 2020 ao comprar o jogo na pre-venda e me decepcionar profundamente. Após 6 anos desse ocorrido, por algum acaso do destino, mesmo estando fora do universo dos jogos (to usando MacOS), baixei para jogar. Foram 90 horas de jogo até chegar no meu primeiro final, fiz tudo que eu pude e só digo uma coisa : PUTA QUE PARIU Entrou automaticamente no meu top 3 jogo da vida (Skyrim e Stardew Valley ainda tem um espaço grande no meu coração). O jogo é um RPG completíssimo, ultra imersivo e não necessariamente complexo, muitas possibilidades de builds e estilos de combate, personagens marcantes e opções de dialogos que te fazem refletir muito qual escolher. Um ótimo jogo, não tenho nada a reclamar dele, me diverti horrores e ainda pretendo jogar novamente com diversos personagens com objetivo de ter criar um roleplay de acordo com cada final."
230610216,51.31666666666667,True,0,"Eu nao joguei no lançamento, porem hoje em dia, esta uma maravilha de jogo, a imersão é muito grande, as ruas sao vivas, e tem bastante conteúdo"
230604994,20.7,True,0,muito top a sensação de estar em mundo totalmente robotizado gráficos muito realistas dinâmica do jogo muito boa
230595711,54.38333333333333,True,0,"que jogo foda. foi bom do inicio ao fim, e depois do fim ainda continuou perfeito, uma das franquias q mais me prende no mundo deles é a de cyberpunk, esses dai sabe o que é peak."
229218708,92.81666666666666,True,0,"Comprei apenas pela expectativa de ser um jogo legal para jogar nas férias mas saí com um jogo que vai ficar guardado no meu coração. Cyberpunk é uma experiência única, diferente de outros jogos de mundo aberto, sem dúvidas. E quanto ao desempenho, é minha maior surpresa. Estando em um processador com placa de vídeo integrada rodando a mais de 30 FPS sem lags ou travamentos constantes, é uma excelente coisa de se ver! Depois de zerar e conseguir todas as conquistas da sequência principal, tenho minha opinião geral sobre Cyberpunk 2077: Uma obra-prima. Eu tive uma das melhores experiências audiovisuais com esse jogo. Fico feliz de ter seguido o conselho do meu amigo Rafoso e ter comprado o Cyberpunk, foi uma coisa que definitivamente vai ficar guardada na minha memória para sempre. Never Fade Away ♡"
230587356,91.23333333333333,True,1,"Minha expectativa em relação a Cyberpunk 2077 estava lá embaixo devido ao seu péssimo lançamento, às críticas negativas e ao mau funcionamento do jogo. Sinceramente, larguei a ideia de jogá-lo por causa disso, e ele acabou caindo no meu esquecimento durante alguns anos. Mas, quando finalmente consegui um PC de respeito, logo neste ano me deparei com uma ótima promoção do jogo. Lembrei que ele ainda existia e que havia recebido vários patches que corrigiram a maioria dos problemas. E BOOM: passei noites e madrugadas jogando, e posso afirmar que foi uma das melhores experiências que já tive com videogames. Night City é um absurdo de cidade, tanto pela sua complexidade visual e técnica quanto pela crítica que o gênero cyberpunk proporciona. O jogo apresenta uma visão de uma sociedade futurista distópica, inspirando-se e destacando os problemas de uma grande metrópole, onde a tecnologia não resolveu os problemas humanos, mas apenas os amplificou. Em relação à história, é simplesmente impecável. A proposta é extremamente original e diferente. Acompanhamos V, um protagonista que, em meio ao caos de Night City, encontra como único propósito deixar seu nome marcado na história da cidade. No entanto, tudo muda quando ele acaba com um implante contendo a personalidade de um f*cking ROCKEIRO ANARQUISTA na própria psique. Sem falar nos laços incríveis que você constrói com os outros personagens ao longo da jornada. Sobre a gameplay, também só tenho elogios. As possibilidades de combate e as modificações corporais são enormes, e a progressão do personagem é muito satisfatória, fazendo você sentir que está ficando cada vez mais poderoso. A variedade de builds é imensa, permitindo diferentes estilos de jogo, e o mundo aberto reage às habilidades que você desenvolve, oferecendo vantagens de acordo com a sua construção de personagem. Cyberpunk 2077 definitivamente merece ser jogado. E se possível, recomendo também assistir ao anime Cyberpunk Edgerunners, que complementa ainda mais o universo do jogo."
194731418,238.08333333333334,True,1,Não existe final feliz em Night City. É definitivamente meu top 1 jogo favorito!
230569876,95.13333333333334,True,0,"joguei no lançamento e mesmo com os bugs achei o jogo incrivel , voltei agora pra jogar no pc com a expansão , um otimo jogo , pena não ter final feliz em night city"
230548009,57.333333333333336,True,0,"Na minha opinião, Cyberpunk 2077 é um dos jogos mais interessantes que já joguei, principalmente pela história e pelo mundo de Night City. O jogo consegue passar uma sensação de estar em um futuro cheio de tecnologia, mas ao mesmo tempo mostra problemas como desigualdade, ganância e a perda da humanidade. Os personagens são um dos pontos mais fortes, porque cada um tem uma história marcante e faz o jogador se importar com eles. Mesmo tendo enfrentado problemas no começo, o jogo melhorou bastante e hoje entrega uma experiência muito mais completa. Para mim, Cyberpunk 2077 é um jogo que vai além da ação, trazendo reflexões sobre escolhas, vida e o futuro da humanidade."
230547642,215.33333333333334,True,0,"A gameplay é medíocre. Isso não quer dizer que seja ruim, mas também está longe de ser algo excepcional. O combate só começa a ficar realmente interessante depois de muitas horas, quando você desbloqueia as últimas habilidades das árvores de perks e finalmente consegue montar uma build mais completa. Para um mundo aberto, a cidade também deixa um pouco a desejar. Não pela quantidade de NPCs, porque Night City é bastante movimentada, mas pela falta de atividades paralelas, minigames com outros personagens, NPCs mais reativos e rotinas mais complexas. É um mundo lindo, mas que poderia ser muito mais vivo. Só que, mesmo com esses aspectos, este é um dos melhores jogos que já joguei na vida. E por quê? Narrativa e imersão. São dois aspectos em que Cyberpunk 2077 é o melhor dos melhores. As side quests são tão bem elaboradas quanto, e às vezes até melhores que, as missões principais. O jogo captura perfeitamente a atmosfera de um mundo de alta tecnologia e baixíssima qualidade de vida, como visto em obras como Neuromancer, Blade Runner e Ghost in the Shell. A narrativa é extremamente bem construída, as cenas são marcantes, a trilha sonora é divina e os personagens são complexos e memoráveis. Existem algumas escolhas de roteiro que podem soar um pouco estranhas dependendo do gênero ou do caminho de vida escolhido, mas são pequenos detalhes diante da qualidade geral da experiência. Night City é um lugar onde megacorporações controlam tudo, o trabalhador é explorado até a alma, pagar aluguel é um luxo e todo mundo vive endividado. Se você mora em São Paulo ou no Rio de Janeiro e bate ponto no trampo, provavelmente vai se sentir em casa. A diferença é que, no jogo, você pode substituir os braços por lâminas e extravasar todo esse ódio de classe, em vez de deixar isso virar uma doença psicossomática daqui a alguns anos. Se você gosta de RPGs focados em história, personagens e construção de mundo, este jogo é praticamente obrigatório. E, a não ser que você seja um proto sapiens com QI inferior a 80, é muito difícil terminar essa experiência sem gostar. Aliás, pode comprar até se você for analfabeto, porque o jogo tem uma dublagem em português bem legal."
230547507,70.3,True,0,"sem dúvidas esse foi o melhor jogo que já joguei, nunca fiquei tão preso em um jogo."
230541159,149.55,True,0,um dos meu games fav! obra prima! nao escute as pessoas que falam mal e jogue e tenha uma das melhores experiências imersivas
230520684,180.85,True,15,assisti os créditos até o fim para reconhecer QUANTAS pessoas foram necessárias para criar uma obra prima dessas. 10/10 - gráficos 10/10 - gameplay 10/10 - trilha sonora 10/10 - campanha/sidequests
230510117,81.15,True,0,"Muito divertido, um universo interessante, estiloso e (infelizmente) extremamente verídico com a nossa realidade. A customização e o roleplaying não deixam a desejar, mas o principal mesmo é a história e a gameplay."
219943097,80.08333333333333,True,0,"Uma obra de arte. Você se sente dentro do mundo e que realmente faz parte dessa historia rica e emocionante, eu simplismente amo tudo que envolve esse jogo"
216262965,624.6333333333333,True,0,"Que jogo fantástico, não tenho palavras suficientes para descrever o que este jogo me fez sentir, o quão emocionante e confortante ao mesmo tempo é jogar essa obra. Sempre irei lembrar de Cyberpunk 2077 com muito carinho no coração, fez parte de uma fase complicada da minha vida e que nos dias mais difíceis me ajudou a perceber que nunca devemos parar de tentar, que nunca devemos desistir de nós mesmos."
230490944,42.766666666666666,True,0,"um dos melhores jogos, a unica coisa ruim e esses malditos finais que com certeza vai me deixar depressivo"
230456713,164.7,True,0,"Há momentos em que Night City absorve você. É bizarro, é um dos jogos ou melhor, um dos meios de entretenimento em que mais me sinto dentro da história, como se eu fosse o próprio V, existem vários caminhos que a história poderia seguir, mas eu me contentei em viver apenas um. Falando do jogo em si, hoje em dia ele é, sem dúvida, um daqueles títulos obrigatórios para qualquer gamer. Que obra de arte! Músicas, história e gameplay... Cyberpunk 2077 não é apenas um jogo, é quase uma filosofia sobre qual caminho seguir até mesmo nas nossas próprias vidas. Bem... eu escolhi ser a lenda viva. Parabéns, CD Projekt Red, não só por ter consertado os problemas do lançamento, mas por ter criado esse jogo incrível! e claro Mike Pondsmith por ter criado e possibilitado da existência desse mundo."
230439960,130.68333333333334,True,0,"Se o meu notebook rodando Linux e uma GTX 1660Ti consegue rodar essa obra-prima + uma porrada de mods de maneira bem decente, então o seu PC também consegue! Venha pra Night City e deleite-se com o que há de mais decadente (e tecnológico) nesse que é o meu título favorito de todos os tempos!"
230434219,104.35,True,0,"os dialogos desse jogo... não, o jogo por si só me cativou tanto que eu até parei de ser antisocial e comecei a sair mais com os chooms. obrigado CD projekt red, por me livrar de ficar que nem um trilha rede sem rede. e por favor, deixem os fãs fazerem logo essa ""heist"" do cassino"
203230239,145.35,True,1,"Não há palavras para descrever o quanto esse jogo é espetacular. Ele teve, sim, um péssimo lançamento, mas, depois que foi consertado, virou um dos melhores jogos de todos os tempos. Não apenas sua gameplay, armas ou outras mecânicas o fazem incrível, mas sim sua história e narrativa, que te prendem, fazendo você querer continuar e descobrir o que vai acontecer. O desenvolvimento dos personagens é algo surreal, fazendo você se sentir na pele deles e entender suas motivações e objetivos. E também funciona como uma crítica de como o mundo corporativo afeta e impacta a vida das pessoas, de forma positiva e negativa, na vida real. Ele ainda tem alguns bugs que aparecem de vez em quando, mas é bem pouco e não atrapalha em nada a gameplay. Em resumo, Cyberpunk 2077 é uma obra de arte que deve ser apreciada por todos e que, em circunstâncias diferentes, com certeza levaria o prêmio de Jogo do Ano."
230429883,8.483333333333333,True,0,"Esse jogo ocupa um espaço especial no meu coração, joguei ele nas primeiras versões a serem lançadas e definitivamente na época era o pior jogo já lançado, mas, foi inocentado com o tempo e de peito cheio eu digo que é o melhor jogo que já joguei na minha vida, não platinei ainda mas estou em busca disso, e ficou melhor ainda depois do anime ser lançado, são duas experiências de gameplay, 1 antes do anime e outra depois. HISTORIA - 10/10 muito cativante a jornada de V e Silverhand, porém, nitidamente a escolha de origens podia ser mais bem explorada, a unica escolha que realmente muda algo na historia seria a line do V corporativo, melhor escolha btw. TRILHA SONORA - 8,5/10 uma musica em especifico 10/10. JOGABILIDADE - 10/10 além de diversas builds as movimentações são o ""algo a mais"" que os jogos precisam. GRAFICOS - 7,5/10 essa nota esta altamente vinculada ao fato do meu pc só aguentar no médio, mas tenho certeza que se fosse uma maquina melhor podia facilmente bater 10/10. BUGS? - 8/10 apesar da grande evolução desse jogo com o passar do tempo ainda restaram alguns pequenos bugs, nada comparado ao lançamento. RECOMENDO DEMAIS ESSA ÉPICA HISTÓRIA."
230407234,90.88333333333334,True,1,"""Fina feliz? Pra gente como a gente? Cidade errada, povo errado."" Peak no mundo dos videojogos."
223951666,51.733333333333334,True,2,"Cyberpunk 2077 — Um mundo futurista incrível e uma experiência inesquecível Cyberpunk 2077 é um daqueles jogos que passaram por uma grande transformação. Apesar dos problemas e bugs no lançamento, o jogo conseguiu evoluir com as atualizações e se tornou uma das experiências mais marcantes dos últimos anos. Para mim, mesmo com todos os problemas iniciais, Cyberpunk 2077 conseguiu conquistar um lugar especial. A atmosfera de Night City, os personagens, a trilha sonora e a história fazem o jogo ser muito mais do que apenas um mundo aberto futurista. É uma cidade cheia de vida, detalhes e momentos que ficam na memória. Com as últimas atualizações, o jogo ficou muito mais completo e refinado. Vários problemas foram corrigidos, a jogabilidade recebeu melhorias e a experiência ficou muito mais próxima daquilo que o jogo sempre quis entregar. Hoje, é difícil não perceber o quanto Cyberpunk 2077 evoluiu desde seu lançamento. A história continua sendo um dos maiores pontos fortes, com personagens bem construídos e escolhas que fazem o jogador se sentir parte daquele mundo. A possibilidade de montar diferentes estilos de combate, explorar a cidade e descobrir missões escondidas deixa cada momento mais interessante. Mesmo tendo começado com dificuldades, Cyberpunk 2077 mostrou que um jogo pode melhorar com o tempo e conquistar novamente a confiança dos jogadores. Atualmente, é uma experiência incrível e facilmente se tornou um dos meus jogos favoritos. Nota: 10/10 ⭐⭐⭐⭐⭐"
230426572,38.6,True,0,"Exepcional, com certeza um dos melhores jogos que já joquei na vida,"
230424510,80.13333333333334,True,0,"muito bom, história que prende você por horas e trilha sonora perfeita"
230422478,132.61666666666667,True,0,GOTY DESDE 2022 NÃO SAI UM JOGO A ALTURA DESTE
230408317,37.4,True,0,"Experiência fantástica Completei o jogo base pelo GP e decidi adquirir a DLC (e também o jogo base, é claro) aqui. Somando as duas plataformas, passei mais de cem horas jogando. Isso é mais que suficiente para classificar CP2077 como um dos meus jogos favoritos de todos os tempos. PS: O recurso de transferir o save entre plataformas foi uma das melhores inovações já feitas, juntamente com essa obra-prima de jogo."
230405999,11.85,True,0,gostei da historia dos graficos e a modelagem em geral. vou jogar muito.
229455349,91.95,True,1,"Jogando aqui pela primeira vez. Cyberpunk pra mim é uma experiência épica! Narrativa 10/10 Visual 10/10 Som 10/10 Imersão 9/10 Mundo 9/10 Gameplay 10/10 Grind 10/10 Desempenho 10/10 ✅️ Sem microtransações ✅️ Dublado ptbr Cyberpunk está sendo um dos melhores jogo que já joguei na vida. Sensação de ter um mundo vivo dentro desse jogo e eu fazer parte dele devido a imersão. Tudo o que eu queria num jogo de mundo aberto encontrei em cyberpunk. Eu não quis comprar no lançamento por causa dos bugs e depois acabei esquecendo dele, mas comprei recentemente, joguei e curti demais. Que jogo!"
230389838,34.11666666666667,True,0,Fun game with amazing options of cybernetics to make your own unique build
230382553,25.516666666666666,True,0,"Acho que é uma das experiências mais controversas, em um bom modo. O jogo é incrível e me prende à sua realidade de um jeito suave. Além das ótimas histórias e personagens."
230377121,181.18333333333334,True,0,"Sem brincadeira, foi um dos jogos que mais me pegou em relação a historia e desenvolvimento de personagem, o jogo e sensacional."
230374764,72.26666666666667,True,0,"cara, além de um rpg de respeito, a história é mt envolvente e as mecanicas de combate são excelentes!!! além disso, o johnny é mt carismatico e engraçado, eu queria que ele não fosse embora nunca :,("
230356320,45.05,True,0,"Zerei uma vez e já estou jogando pela segunda para fazer todos os finais possíveis. Isso por si só já diz o quanto esse jogo me prendeu. A história é excelente, os personagens são memoráveis e Night City é um dos mundos mais vivos que já explorei em um jogo. Cada escolha parece ter peso, e descobrir caminhos diferentes faz valer muito a pena rejogar. Se puder, assista Cyberpunk: Edgerunners antes de jogar. O anime se passa cerca de um ano antes dos eventos do jogo e deixa várias cenas e referências muito mais marcantes. Trilha sonora incrível, gameplay divertida e uma ambientação absurda. Depois das atualizações, o jogo ficou excelente. 10/10."
230354834,91.85,True,0,"I couldn't wait for you to come and clear the cupboardBut now you're gone and leaving nothing but a signAnother evening I'll be sitting reading in-between your linesBecause I miss you all the timeSo, get awayAnother way to feel what you didn't want yourself to knowAnd let yourself goYou know you didn't lose your self-controlThere's just no end at the rainbowTurn awayAnother way to be where you didn't want yourself to goLet yourself goIs that a compromise?So what do you wanna do? What's your point of view?There's a party, screw it, do you wanna go?A handshake with you, what's your point of view?I'm on top of you, I don't wanna go'Cause I really wanna stay at your houseIn the palace it all works outBut you know how much you ♥♥♥♥ me upI'm done with you, I'm ignoring youI don't wanna know, ohAnd I'm aware that you were lying in the gutter'Cause I did everything to be there by your sideSo when you tell me I'm the reason, I just can't believe the liesAnd why do I still wanna call you?So what do you wanna do? What's your point of view?There's a party, screw it, do you wanna go?A handshake with you, what's your point of view?I'm on top of you, I don't wanna go'Cause I really wanna stay at your houseIn the palace it all works outBut you know how much you ♥♥♥♥ me upI'm done with you, I'm ignoring youI don't wanna know, ohI don't know where I'm goingSo, get awayAnother way to feel what you didn't want yourself to knowAnd let yourself goYou know you didn't lose your self-controlThere's just no end at the rainbowTurn awayAnother way to be where you didn't want yourself to goAnd let yourself goIs that a compromise?So what do you wanna do? What's your point of view?There's a party, screw it, do you wanna go?A handshake with you, what's your point of view?I'm on top of you, I don't wanna go'Cause I really wanna stay at your houseIn the palace it all works outBut you know how much you ♥♥♥♥ me upI'm done with you, I'm ignoring youI don't wanna know, oh"
230354600,20.766666666666666,True,0,"pontos positivos : mulheres bonitas e forçudas <3 pontos negativos : tô DEVENDO édinhos $$$, não sei dirigir (atropelei umas 100 pessoas antes de desistir de vez) e mirar muito menos (só uso faca)"
230352883,97.75,True,1,"Cyberpunk é um dos melhores jogos ja feitos, se não fosse o lançamento conturbado com toda certeza teria sido facil goty. Hoje depois de tantas atualizações o jogo está equilibrado, ainda há pequenos bugs mas nada que atrapalhe a experiência, nightcity dispões de diversas atividades interessantes (cair na porrada ou atirar em rivais), recomendo para quem busque um jogo de mundo aberto sem missões a lá carteiro dos correios, pois aqui as missoes são deveras interessantes e divertidas."
102462392,299.98333333333335,True,40,"A história em si é MARAVILHOSA, com 8 finais alternativos. Ambos te deixam reflexivos, além de por todo o decorrer da história, ser incrivelmente imersivo. Buga? SIM, com certeza, mas está longe de ser o que era na data de lançamento. Alguns t-poses, má renderização em algumas cutscenes e dispawn em carros e NPC's. A otimização está milhões de vezes melhor que antes, aparentemente (pra mim) sem crashs e quedas bruscas de FPS. Cuspi muito no jogo, pois comprei na pré-venda. Faz 2 dias que eu dei uma chance pro jogo novamente, e só o que eu tenho a dizer é: QUE JOGO INCRÍVEL! Se você ignorar os bugs, terá uma experiência acima do normal. Um adendo é: o jogo é sim pesado e se você tem um pc fraco/médio talvez tenha alguns problemas. Edit -Depois de muito tempo, joguei mais algumas horas e juntamente, joguei e platinei a DLC. Que jogo maravilhoso. Eu peguei um gosto tremendo por essa temática, cyberpunk. A cidade retrata perfeitamente o puro suco de dor e tentativa de cura com prazeres sintéticos. Individualismo, egoísmo, arrogância, desconfiança no próximo. A ambientação está bastante imersiva e os personagens têm personalidade. Os finais são muito bons. Exploração está agradável e o novo ""remap"" de habilidades e skill tree, BEM melhor. Por uma questão de gosto, facilmente um dos meus jogos favoritos da vida. Ansioso pelo 2."
230351809,53.81666666666667,True,0,"Jogo super top, missões massa e vai tomar no cu cyberpunk por ter matado o jack"
230351092,70.55,True,0,"o jogo é bom, só que os bugs não ainda foram totalmente sanados."
230349668,233.5,True,0,"um dos melhores jogos ja feitos, que conseguiu se redimir"
230347715,52.5,True,0,"Como alguém que se frustrou muito com o lançamento desse jogo em 2020 (joguei no PS4 na época e não cheguei a zerar por conta de um bug que me impediu de progredir na história), resolvi dar uma segunda chance depois de anos. É incrível como mudou da merda pro vinho, é um jogo completamente diferente do que o que eu joguei no lançamento. Além de remover a maioria dos bugs que me incomodavam na época, também melhoraram o cadenciamento das armas, da árvore de habilidades e a IA do jogo num geral parece menos burra. Amei a experiência de ter jogado no PC, acho que entra facilmente no meu top 5 de melhores jogos de mundo aberto. História fantástica, personagens que você ama e outros que ama odiar, e um sistema de escolhas que afeta diretamente no final do jogo (principalmente nas missões secundárias). Ainda não comprei a DLC, mas depois de ter zerado a campanha principal o meu amor por esse jogo vai me fazer rejogar a história principal e a DLC, com certeza. 10/10"
230340730,23.116666666666667,True,0,"Sem duvidas o melhor jogo que ja joguei, aguardando o proxima da franquia ou uma nova grande DLC!"
230339769,152.4,True,0,"Enfim joguei 145h e: * Adorei o jogo, fiz tudo que poderia no jogo e recomento para todos que tenham paciência. * Queria mais conteúdo para o jogo. * Algo adicionar seria uns itens militares para o jogo, tipo e muito legal ver as armaduras da Arasaka e Militech. * Seria interessante algumas missões no Cyberespaço e diretamente com as corporações do jogo. Essa são algumas da reflexões que tenho para o jogo entre coisas que gostaria de ver ou que viesse em um próximo jogo"
230335528,14.166666666666666,True,0,"Divertido e o melhor, funciona até em macbook (ARM) desenvolvedores caprixaram"
230327028,24.266666666666666,True,0,"Realmente um jogo que me surpreendeu, no passado não quis jogar por conta dos relatos de bugs, porém a partir da versão 2.0 o jogo está espetacular, um excelente jogo da CD Projekt Red!! Recomendo o jogo!"
229060858,198.68333333333334,False,0,"se analisar bem e ver as hipocrisias no combate e modo historia muito corrido, vai notar que jogo te puxa para historinha emocional de mais e desenvolvimento pessimo."
230322591,93.5,True,0,"Cyberbug - meu jogo preferido Tem alguns bugs mas foda-se o jogo é Foda! Muita musica boa, violência, droga, sexo, tiro,. explosão, alegria e tristeza. Gráficos : 10/10 Jogabilidade : 10/10 História : 10/10 Mundo Aberto e visual da cidade : 10/10 Personagens : 10/10"
230320662,63.03333333333333,True,1,Um dos melhores jogos de mundo aberto que já joguei
230319592,64.7,True,2,Muito bom parabéns aos envolvidos por não desistirem do jogo.
230303927,141.9,True,0,"O jogo é simplesmente incrível, o que mais gosto nele é o fator replay."
230300651,28.183333333333334,True,1,é um jogo ótimo só achei que tem muitos bugs (é bugs não travamentos ok)
129949873,124.45,True,0,"Já perdi minha vó e um amigo no mesmo ano. Achei que tinha sido a coisa mais difícil da minha vida até tentar jogar este jogo no lançamento. Depois de horas lidando com bugs, árvores voando e cobrindo minha tela inteira, além de ver a enxurrada de reclamações sobre os problemas técnicos, desanimei e desinstalei. Estava uma ♥♥♥♥♥. A otimização era péssima, travava mais que coluna de velho. Na época jurei que só voltaria a tentar jogar quando lançassem a RTX 9090. No fim das contas, quebrei minha promessa. Não esperei a RTX 9090 e ainda platinei o jogo. Aquele desastre que comprei no lançamento acabou se tornando uma das experiências mais marcantes que já tive. Alguns bugs ainda continuavam, mas a história é incrível, as side quests são excelentes e os personagens são extremamente marcantes. Night City é um mundo que consegue te prender de um jeito difícil de explicar. Se pudesse voltar no tempo, não pagaria o preço cheio e esperaria uma promoção. Ainda assim, valeu cada hora investida. Vou lembrar com carinho de cada momento que vivi em Night City."
230267885,86.1,True,0,"Após ser lançado com diversos problemas técnicos, posso dizer que 6 anos depois, Cyberpunk 2077 se tornou um excelente e imprescindível. Com uma história muito envolvente e personagens carismáticos você não vai sentir o tempo passar ao jogar."
230266105,239.33333333333334,True,0,"um grande jogo, rpg de acao muito divertido, cheio de escolhas filosoficas e sequencias narrativas interessantes, vale muito a pena jogar agora e todo o conceito de cyberpunk é bem explorado, e todo o entorno de series, a dlc, o conteudo de livros e quadrinhos, recomendo demais 10 de 10"
230256512,375.3666666666667,True,0,"Não tenho palavras para descrever esse jogo.. talvez EPICO, tantas emoções, tive imersão total na historia, algo que não acontecia deste da trilogia masseffect, alias, esse foi o segundo jogo que me fez chora depois da mass effect, todos os personagens vivos, vc se importa com eles, enfim, simplesmente uma obra de arte."
230255496,46.766666666666666,True,0,"JOGAÇO ABSURDO Fui jogar sem muitas expectativas por causa de lembrar como foi o lançamento... mas o jogo me surpreendeu demais Gostei de todos os personagens, historia incrivel."
230242855,86.45,True,0,"Gostei bastante do jogo. Night City é absurda de explorar, sempre tem algum detalhe novo para encontrar KKK Depois de todas as atualizações, a experiência ficou excelente. Ainda assim, não acho que ele valha o preço cheio que cobram, então recomendo esperar uma promoção, que foi exatamente o que eu fiz KKKKKKKKKK"
230241672,113.96666666666667,True,1,"Preciso nem me estender tanto, o jogo é incrivel, apenas JOGUE!"
230240078,152.28333333333333,True,0,"É de fato um dos melhores jogos ja feitos, teve seu lançamento ali meio traumatizante, mas o game em si se provou ser excepcional."
230214894,177.76666666666668,True,0,"jogaço da porra, mas ainda é mt mal otimizado e ainda tem mt bug."
230238026,21.2,True,1,"A atmosfera cyberpunk é perfeita. Os gráficos são muito bons, assim como a jogabilidade. O nível de dificuldade é progressivo, o que garante muitas horas de jogo."
230230352,108.63333333333334,True,0,"Cyberpunk entra facilmente no meu top 3, um dos jogos mais divertidos que joguei, CD PROJEKT fez um trabalho absurdo salvaram o jogo do lançamento conturbado e hoje em dia o jogo é simplesmente incrível, ainda existe alguns bugs mas são poucos nada que atrapalhe na gameplay."
230229994,45.733333333333334,True,0,"Jogaço dms!! primeira experiencia com um AAA e ta sendo magnifico, Superou minhas expectativas"
230227248,57.083333333333336,True,0,Esse jogo mudou minha vida para sempre. Costumo recomendar pra quem quer me conhecer melhor... provavelmente meu jogo favorito de todos. impecável 10/10
230227136,68.05,True,0,"História muito boa. Tem alguns bugs ainda, mas nada que impeça a conclusão do jogo."
230226769,41.35,True,0,"É um jogo muito bom e ele te prende na gameplay, caso esteja em duvida se o jogo roda bem pra mim ate agora não teve um bug ou queda de FPS ou algo do tipo, é um jogo bonito e longo pela quantidade de missões principais e secundarias. Vale totalmente a compra, se estiver na promoção nem pense só compre"
230220784,87.78333333333333,True,40,"Esse jogo se resume a tiro, NPCs usando calcinha e peitos. Nota 10"
230216830,67.28333333333333,True,0,"jogo bom, so alguns sistemas de relacionamento deixam a desejar mas de restante e td muito bom"
230199601,103.41666666666667,True,0,"Instalei para viver no futuro. Agora passo meu tempo aceitando trabalhos de pessoas extremamente suspeitas, hackeando qualquer aparelho eletrônico que respire e dirigindo como se o seguro já estivesse pago. Cyberpunk 2077 tem uma qualidade rara: você abre o mapa para ir até uma missão e, sem perceber, acaba resolvendo problemas de desconhecidos, enfrentando gangues, encontrando itens lendários e esquecendo completamente para onde estava indo. A cidade é linda. Você não vai reparar, porque estará olhando o minimapa tentando descobrir por onde diabos entra naquele prédio. ⭐⭐⭐⭐⭐ PS: Night City prova que tecnologia pode evoluir muito, mas GPS ruim continua sendo tradição da humanidade."
230199193,136.25,True,0,hackeio o carro invado a base inimiga em cima dele bato o carro e perco a conexao sou baleado até o fim volto e faço tudo de novo 10/10
230193986,65.18333333333334,True,1,"Cyberpunk 2077 é um dos melhores jogos que já joguei. A história é envolvente, os personagens são muito bem desenvolvidos e a cidade de Night City é impressionante, cheia de detalhes e vida. Depois das atualizações, o jogo ficou muito mais estável e divertido, com uma jogabilidade excelente e várias opções de personalização. A expansão também acrescenta muito conteúdo de qualidade. Ainda existem alguns pequenos bugs, mas nada que estrague a experiência. Recomendo para quem gosta de RPGs de mundo aberto com uma narrativa marcante."
230184976,138.08333333333334,True,0,"JOGO MUITO LEGAL , HISTORIA INTERESSANTE BOA , AINDA POSSOU ALGUNS DEFEITOS , POUCA OPÇÃO PRA CRIAR UM PERSONAGEM , INFELIZMENTE O JOGO BASE É BEM SIMPLES , EM COPARAÇÃO AO DLC QUE DA UMA PROFUNDIDADE MUITO FODA PRO UNIVERSO"
230184279,46.93333333333333,True,0,"apesar do que falavam quando lançou a primeira vez, o jogo deu a volta por cima e ta bom pra cacete. É ideal pra quem gosta de temas futuristas e mundo aberto :) Meu computador é de entrada e rodou, então quem estiver na dúvida se compra ou não por meio da configuração do pc, compara com a minha :D Peguei 50-60 fps no low e baixado no HD normal."
230181162,362.9166666666667,True,0,"Se o Cyberpunk acha, eu concordo Se o Cyberpunk fala, eu escuto Se o Cyberpunk erra, eu perdoo Se o Cyberpunk pensa, eu admiro Se o Cyberpunk tem dez fãs, eu sou um deles Se o Cyberpunk tem um fã, eu sou esse fã Se o Cyberpunk não tem fãs, eu n existo"
211320844,63.93333333333333,True,0,"muito bom, melhor jogo que já joguei, zerei inúmeras vezes no meu xbox e vou zerar novamente aqui..."
230171147,62.766666666666666,True,0,"Em 2022, quando assisti ao anime Cyberpunk: Edgerunners, descobri um universo que me arrebatou por completo. Desde então, sonhei em mergulhar nesse mundo. Foram quase quatro anos de espera, acompanhados das polêmicas sobre o lançamento do jogo e das críticas aos finais. Ainda assim, nunca deixei de lado esse desejo. Sem dinheiro, guardei essa vontade até conseguir comprar meu notebook no início deste ano. Lembro de perguntar ao meu namorado, incontáveis vezes, se a máquina rodaria o jogo. E quando finalmente pude jogar, foi como realizar um sonho: um dos meus atores favoritos, meu tema distópico preferido e uma experiência que me marcou profundamente. Night City é brutal em muitos sentidos, mas dar a V um final lendário trouxe uma sensação de conforto indescritível. Pretendo explorar outros finais em breve e volto para contar, vou dar o delta! See you later, Night City."
230168599,85.5,True,0,"Eu em si além de vê o anime Cyberpunk: Edgerunners eu não sabia nada desse jogo e olha valeu a experiencia demorei 75hrs para concluir a historia principal mais a dlc e foi muito bom tirando uma única coisa que me estressou é esse jogo ter o famoso erro ''Cyberpunk 2077 foi para as cucuias'', não sei oque isso significa mas eu odeia a palavra cucuia agora. Tirando isso esse jogo é maravilhoso não pense muito e apenas de uma chance."
230166228,21.616666666666667,True,5,"Cyberpunk é um absurdo, um dos melhores jogos já feitos. Quem julga pela antiga má fama não sabe o que tá perdendo"
230159548,97.45,True,0,"Desde a primeira vez que esse jogo foi lançado, independente da quantidade de bug(igualando a bugsoft), eu, apaixonada pelo subgênero Cyberpunk, fiquei deslumbrada pela ambientação e pelos personagens. Virou meus top jogos favoritos de todos os tempos facilmente, se não, o top 1. Se esse jogo tivesse o tempo que ele precisava, seria facilmente melhor jogo do ano, na época. Ele, no meu coração é 10000000000/10 MAS, tendo uma visão mais crítica, pela quantidade de bug que demoraram a arrumar e que, MELHOROU mas ainda existe, ele é um 8/10. Dito isso, WAKE THE F**** UP SAMURAI, WE HAVE A CITY TO BURN!"
230159455,39.916666666666664,True,1,"Simplesmente, Cyberpunk, um dos se não o único jogo que me imergiu tanto na história que eu quase entrei em depressão, personagens que você cria vinculos são mortos como se não fossem nada, o que, para mim era tranquilo, mas esse jogo... me fez repensar certos conceitos, e me fez repensar a minha vida. ""Viver para ser um zé ninguém, ou arriscar e virar uma lenda"""
230158011,127.3,True,0,"Melhor jogo da minha vida Jogabilidade, gráficos e história simplesmente fantásticos. Vou voltar para fazer todas as missões secundárias com certeza."
230149468,31.95,True,0,"Jogo incrivel injustiçado pela forma como foi lançado, deem uma chance, zerei nos consoles e faço questao de zerar aqui agora"
147480459,224.73333333333332,True,1,"Simplesmente não estava preparado para isso... obs: Joguei já com a atualização 2.0+Phantom liberty e não sabia absolutamente porra nenhuma do jogo pelo menos em no quesito lore, que é o que você vai aproveitar de melhor por aqui. . Mesmo a gameplay sendo um ponto bem forte, a historia é capaz de fazer você realmente se sentir em um mundo cyberpunk, você entende exatamente o que os desenvolvedores gostariam de passar, mas nos aspectos ""atmosféricos"", falharam. . Esse jogo não é a revolução de mercado e mudança de como se enxerga video game como ele se vendeu ser, porém com certeza não é qualquer jogo descartável que também foi lançado em sua época, o foco claramente era narrativo o tempo inteiro, talvez você se incomode com os finais do jogo, porém, no fim do dia o que importa realmente é a jornada, que é totalmente incrivel, impactante e divertida desde o Ato 1. . Caso esteja preparado pra ser impactado novamente, assista Cyberpunk: Edgeruuners (da uma surra em Cyberpunk 2077 nesse e em outros sentidos mesmo sendo outro tipo de mídia). . Farei uma review no youtube, quando lançar atualizo aqui. 10/10 redenção gamer"
189125791,232.56666666666666,True,0,"JOGAÇO DEMAIS VAI TE PRENDER POR PELO MENOS MIL HORAS DA SUA VIDA SE QUISER FAZER TUDO, DISPARADO MEU JOGO FAVORITO JUNTO COM RDR2"
230146337,59.25,True,0,"Joguei pouco mas o pouco foi bom, vai ser um dos únicos jogos q vou tentar platinar. Claro ainda tem bugs, kkkkkkkkkkk mas isso é o de menos continua um jogo bem aproveitável, vou fazer o adam smasher pagar pelo o que ele fez :fire:"
230142212,56.416666666666664,True,0,"Excelente jogo, você começa apanhando, ai te hakei tu apanha mais um pouco, quando tu vê ta apanhando de novo por um drogado, 10 de 10."
112716976,532.65,True,0,"Desde o lançamento achava que o jogo tinha potencial apesar dos bugs. Eram bem poucos que eu percebia jogando, até pq n ligo muito pra esse tipo de coisa, mas sim com a diversão e experiência que o jogo pode proporcionar. Com a versão 1.5, não só consertaram a vasta quantidade de bugs que existiam no lançamento, quanto trouxeram ferramentas novas de customização do/a V (até mais opções). Eu ainda estou explorando 100% do jogo, demora um pouco pq jogo nos servidores do Geforce e meu PC com certeza não tankaria os gráficos desse xuxu. É um dos meus jogos favoritos, se posso criticar algo no jogo seriam apenas as origens dos personagens, pq eles não mudam muito o rumo do jogo, apenas surgem uns diálogos customizados que te faz ganhar uma conquista na steam. Atualização 2026: Finalmente consegui um pc bom bem na época que teve todas as mudanças e novidades nas mecânicas e builds, e cara, continua a mesma experiência gostosa de entrar na realidade de Night City. No momento já estou rumo a platinar o jogo faltando uma conquista da dlc e agora vai ser dedo no cu e gritaria como diria o Dex, só mod pesado!!!"
230130354,112.26666666666667,True,0,"Jogasso demais. Se nunca jogou, não sei oq ta esperando!"
202070406,139.01666666666668,False,0,"V, voce tem que me ouvir V eu sei que parece loucura mas voce TEM que comer a CyberBuceta da judy V."
230125463,88.35,True,0,"Jogando cyberpunk em 2026, posso dizer q o jogo deu a volta por cima. Muito bom jogo. Historia bem amarrada, gameplay muito gostosa com as armas. a única coisa que deixa a desejar é a gameplay com veículos, que é completamente aterrorizante, mas de resto o jogo é nota 10"
230122076,28.466666666666665,True,1,minha V ta foda já e o Takemura ainda ta me esperando no restaurante
230116848,144.56666666666666,True,0,"O jogo é completamente perfeito. Esperei todo o processo de ajustes e otimizações para poder jogar e eu me arrependo plenamente de não ter o jogado antes. Toda a construção de Night City, as possibilidades que você pode ter dentro o jogo, os diálogo, as missões e todos os personagens no jogo são muito bem construídos. Eu ainda não zerei o jogo para não ter o sentimento de ""luto"" pós término de run e eu me senti na obrigação de fazer essa análise positiva. Em resumo: Se você ainda não jogou, jogue. Vale cada segundo de gameplay."
230087680,272.06666666666666,True,0,"A CD PROJEKT RED fez um dos melhores jogos da humanidade. Cyberpunk 2077 é uma experiência magnífica, que cumpre com toda minha expectativa. Vale cada centavo — a DLC também, pois ela é incrível, apenas acrescentando mais conteúdo e história. Ou seja, a DLC melhora o que já é bom, ao contrário de outros jogos conhecidos. Enfim, apesar do lançamento escandaloso, digo que Cyberpunk 2077 agora está corrigido, tendo uma gameplay divertida e dinâmica — sem muitos bugs insanos. A otimização para um computador fraco como o meu? É excelente, por exemplo. A história, mundo aberto e outros elementos compensam demais a experiência, que vai ficando cada vez melhor conforme o tempo — e o jogo é bem longo, dependendo do quanto você quer se empenhar em explorar todo o mapa e cumprir missões secundárias. Além disso, o anime Cyberpunk Edgerunners, é perfeito — e é bem avaliado tanto no IMDb quanto no Letterboxd. Digo ser um ótimo conteúdo adicional ao jogo, uma história alternativa. Minhas considerações? Absolute Cinema. Se tenho alguma crítica sobre Cyberpunk 2077? Nenhuma. Que continuem fazendo mais conteúdo, pois com certeza eu venderia até meus órgãos para comprar."
230079084,1354.7833333333333,True,0,"eu joguei cyberpunck desde o lançamento, tenho 1400 horas de jogo e vi todas as fazes desse jogo, do pior estágio ao melhor e posso dizer, esse jogo é incrível, o nível da profundidade que a cdpr colocou nesse jogo é absurda, os detalhes espalhados pelo mapa, a história, a música e os personagens são todos absolutamente fantásticos, a imersão é certa. Eu me lembro quando lançou e era incrivelmente bugado, mas o que me prendeu no jogo já estava ali, um mundo extremamente complexo, através dos anos a cdpr transformou os sistemas do jogo, e isso tornou as mecânicas do jogo ainda melhores, se você planeja comprar esse jogo eu super recomendo, até mais chumba . jogo nota 100/10"
230079056,20.0,True,0,"Rejogando em 2026 no PC após ter jogado no Series S. História envolvente, várias sidequests legais e gráficos de bechmarking. Se tivessem aguardado mais para lançar o jogo como está hoje, Cyberpunk teria sido um sucesso bem maior."
230078164,118.48333333333333,True,1,"O jogo é bom, dlc é bem interessante só que ainda parece que tá na beta pq tem alguns bugs"
230077691,34.05,True,1,"Que experiência é jogar essa obra de arte. Um jogo com uma das melhores ambientação que observei na minha vida, a cada momento esse jogo lhe impressiona. великолепный!!!"
82314815,111.75,True,0,"depois de anos sem se quer olhar pra esse jogo decidi dar mais uma chance, simplesmente uma das melhores experiências que tive em um jogo a historia e o universo me prendeu completamente ao ponto de ficar triste após o termino, vários personagens carismáticos e marcantes cada um com suas peculiaridades e particularidades tornando o universo muito imersivo fora a ambientação de Night City que e deslumbrante o nível de customização do jogo e absurdo tbm os implantes mudam completamente o jogo de uma forma única que torna a experiência de jogo diferente pra cada jogador, acho que cyberpunk e uma das maiores redenções no mundo dos jogos simplesmente sou apaixonado por esse jogo"
230073150,57.833333333333336,True,0,"''O jogo é bom'' Muito. ''É bugado mesmo depois do patch 2.0?"" Sim, com crashamentos ridículos. ''Vale o preço?'' Talvez. ''O final é bom'' Não vi melhor até agora Resumidamente: Jogue Cyberpunk, mas fique ciente que a tela de ''Cyberpunk foi para as cucuias'' ou ''Cyberpunk has flattined'' irá aparecer muito na sua jogatina."
230073050,31.266666666666666,True,0,da pra matar o adam smasher e tem as musica braba
230050010,5.333333333333333,True,1,"Cyberpunk é o Jogo que eu mais zerei na vida, fiz 4 finais diferentes no xbox e vou fazer mais no pc, Tem diversas coisas pra fazer, jogo ótimo!"
230046368,34.85,True,1,"Do i need to say anything. the game is very diffrent from when it came out, if you can buy it why not."
230027271,54.333333333333336,True,0,"jogo gostoso do caralho, o mapa e uma maravilha tudo nesse jogo e bom irmao"
230005936,25.216666666666665,True,0,"Tenho 80 horas e feito 100% no Xbox. Peguei aqui pra Steam e quero fazer 100% aqui também. Dito isso, o jogo é sensacional, não tem muita coisa no mercado parecida com Cyberpunk 2077. O enredo, a imersão... Tudo nesse jogo, se você se permitir, vai ser sensacional. Mas tenho que ser sincero... TEM BUG PARA UM CARALHO ATÉ HOJE. Na primeira run, no Xbox, eu sofri diversos bugs monstruosos, ao ponto de quase me fazer desistir do jogo. Aqui, pela Steam, apesar do pouco tempo que joguei, não sofri muitos bugs que realmente me irritaram (Apenas um bug engraçado que tirei print no meu perfil POR ENQUANTO). Se você quer jogar esse jogo, saiba que tudo nele é incrível, mas vai ter que saber lidar com os bugs que vai ter no caminho."
230003942,121.8,True,0,"apesar dos bugs, ainda assim, eh um jogo muito foda"
229997421,120.15,True,0,"um dos melhores jogos que ja joguei, primeira vez que joguei, dropei, mas depois de uns 6 anos do lançamento resolvi jogar de novo e muito obrigado a eu mesmo do passado, que experiência fd, cada momento desse jogo valeu a pena, tudo que tem pra experienciar no jogo não deixa a desejar principalmente em quesito de construção de lore do mundo, o personagem principal desse jogo é night city e sua relação com seus sobreviventes"
229998237,178.15,True,0,"Jogo exelente, muito imersivo e divertido, a história é incrivel e a gameplay tambem, até as mais simples da side quests são boas. Cyberpunk teve um lançamento muito conturbado mas se redimiu bastante, o jogo hoje está maravilhoso. Existem sim bugs que eu vi, mas nenhum que acabasse com a minha imersão no jogo, para não dizer que não existem bugs, algumas vezes apareceu um npc ou inimigo flutuando um pouco acima do chão ou em que o carro foi spawnado em cima de outro carro."
229993050,166.06666666666666,True,0,"Cara, que jogo gostoso de jogar. Simplesmente uma experiência incrível, joguei 107 horas na primeira run e pretendo jogar os outros dois modos em seguida"
229991262,69.06666666666666,True,0,"jogar esse jogo depois de ver edgerunners da uma deprê, mas é incrivel eu recomendo"
229990671,205.01666666666668,True,0,"Difícil achar um jogo pique esse, q vc realmente se perde dentro dele e não dropa nas primeiras horas ou rusha logo o final e passa para o próximo, seja qual for o valor q estiver o jogo vale a pena, além da porrada de finais tem dezenas se não centenas de estilos de gameplay, é conteúdo pra cacete e o jogo tem vários climas, tem horas q o jogador ta puto, rindo muito, triste, etc, jogão recomendo. Só esperar a continuação agr e depenar oq sobrou de conteúdo escondido"
229988964,103.76666666666667,True,0,"MUITO FODA O JOGO, AS REFERENCIAS AO ANIME TAMBEM SÃO DE PARTIR O CORAÇÃO"
229985636,42.03333333333333,True,0,"Cyberpunk é um daqueles jogos que você precisa jogar mais de uma vez. A história é muito boa e rica, essa foi minha terceira run no jogo e sempre me surpreendo com os finais e escolhas de história possíveis. Fora a gameplay que fica cada vez melhor ao aprimorar as habilidades e as mecanicas."
228425087,223.1,True,0,"Cyberpunk é incrível. Sinceramente é o primeiro game que me deixou tão imerso no personagem que me fez pegar 100% das conquistas com um remorso no coração. Algumas conquistas precisam que você faça escolhas e sacrifiqu3 personagens com os quais você se apega ao ponto de não querer fazer aquilo com eles. 10/10, sem dúvidas vale o seu dinheiro"
90328849,117.93333333333334,True,0,"Vale em uma promoção, história muito boa, personagens principais legais, animações das cenas muito boas, porém movimentação, npcs aleatórios, trânsito do jogo, é uma bagunça, é personagem sumindo do nada, carro bugado, o boneco que voce joga a movimentação é toda bugada e esquisita, relevando esses detalhes, é um bom jogo. A história é o que salva, tanto do jogo base quanto da DLC."
229980850,11.933333333333334,False,1,"Está bem otimizado, o combate, evolução de personagem, carros, equipamentos e design do mundo é incrível, mas não posso recomendar como um jogo. É difícil o jogo te dar a oportunidade de jogar, o jogo fica ""jogando sozinho"" com cutscenes enormes e muitos dialogos desnecessários. Então se você vai jogar por 2 horas, é capaz de não ter nenhum controle sobre o seu personagem, apenas escolhas de diálogos que não mudam nada. Nessas 11 horas de jogo, quando tive oportunidade de jogar, que deve dar uns 30 minutos, foi legalzinho."
229977137,16.433333333333334,True,0,Um dos meus jogos favoritos e historia muito complexa e genial!
229971507,34.416666666666664,True,0,Acumulei mais de 700 horas através de várias plataformas. Só isso já diz muito sobre o jogo. (considerando q é um jogo exclusivamente single-player totalmente offline)
229966850,129.51666666666668,True,0,"Esse jogo é como se fosse um a tv de um mlk de 14 anos em um fim de semana sozinho em casa. Mulher pelada, tiro e sexo"
229928496,98.06666666666666,True,0,"o jogo tá sendo legal até agora. O problema é que se você tem uma máquina mais humilde, vai ser difícil difícil até de acessar o jogo pra reduzir as configurações, porque o jogo já tem com tudo no talo"
229934009,42.416666666666664,True,0,"Jogo é muito bom, varias missões secundarias e eventos acontecendo no mundo ao mesmo tempo. Recomendo"
229926022,263.55,True,0,"Bom, lá vamos nós. Não sou muito boas com palavras mas vou tentar deixar aqui minha opinião sobre esse jogo. A história em si é MUITO BOA, temos personagens para odiar, personagens para amar e outros que são indiferentes, mas não vou listar qual é qual, afinal cada um tem sua opinião. ( Menos da linda perfeita gostosa da Panam) O jogo além da história principal tem bastante conteúdo para você explorar, isso faz a gente passar mais tempo com nosso personagem e acabamos de certa forma criando um afeto. A jogabilidade me agradou, não tanto a dirigibilidade, só consegui dirigir motos por achar mais fácil. Ainda tem alguns bugs mas nada comparado a época de lançamentoksksks. Enfim, é isso, recomendo o jogo, joguem e lembre-se, não visitem a Hanako no Embers. :)"
229920759,54.21666666666667,True,0,"Jogo bom da porra, meu Deus. Eu nem zerei ainda, to jogando pela primeira vez depois de anos na vontade enquanto tinha um pc que nao rodava nem o chrome, e agora que to com uma maquina potente essa é simplesmente uma das melhores experiencias de videogame q ja tive na vida, sem exagero, q jogo bom, historia boa e construçao de mundo foda. Se vc ta na duvida, JOGUE. Faça mais que só a historia principal, explore as possibilidades desse game incrivel. AInda vou zerar isso e comprar a DLC, mas esse jogo ta simplesmente perfeito."
229908365,36.833333333333336,True,0,em 20 horas virou meu jogo preferido. (cyberpunk edgerunners me fez amar mais ainda)
229907694,50.31666666666667,True,2,"jogo bom, pra quem assistiu a série esse jogo ele fica 10x melhor, ah e tem sexo nesse jogo"
229899201,71.53333333333333,True,0,"really good game, perfect storyline, there are some bugs? yeah, something i would change? ofc so the thing is, pretty complete open world game: character costumization, you can choose what you wanna do and wanna be, cars and shi, u can interact with pretty much everything, also really good interactions, you can romance some characters ( love you panam ) what i would change and add? i would put new cars, maybe add an aerial personal vehicle like VA's, would be really nice, AN OPTION TO SKIP THE PROLOGUE, oh my god i hate to restart all again and again."
229897585,13.283333333333333,True,0,"JOGO MARAVILHOSO, HISTÓRIA TOP, PERSONAGENS INESQUECÍVEIS. JOGO ÚNICO. SIMPLESMENTE JOGUEM."
229897010,92.11666666666666,True,0,"Por mais da estréia controversa, é um jogo essencial para quem gosta de jogos mundo aberto e RPG. Possuindo personagens e história marcante, definitivamente é um jogo que não vai sair de sua memória e merece sua chance"
229896917,49.766666666666666,True,0,TOP TOP TOP TOP TOP TOP TOP TOP TOP TOP TOP TOP TOP TOP TOP TOP TOP
229895770,63.86666666666667,True,0,"Esse jogo e arte, cheio de bugs? SIM, mais e arte pura"
229894545,9.816666666666666,True,0,muito bom esqueci o jogo aberto por 5 hrs mas oque eu joguei foi muito bom
229893681,9.133333333333333,True,0,"jogo lindo, perfeição, só tem coisa maravilhosa nessa linda e emocionante historia"
229889991,108.28333333333333,True,0,SOU FAM DE GAMES EM QUE CRIO MEU PERSONAGEM E A HISTORIA E LEGALZINHA...TOP
229886322,34.36666666666667,True,0,é bugado? sim as vezes da ate raiva mas eu amo esse jogo pqp
229879173,152.5,True,1,"Sim eu super recomendo, mas esteja preparado para Bugs muito chatos. Fora isso o jogo é otimo"
229878589,31.116666666666667,True,0,"Hmmm. o jogo é muito top, evoluiu muito desde o lancamento tenho alguns problemas de crash, não posso ligar o Ray Tracing nem no baixo, com gráficos baixo que o jogo simplesmente crasha. mesmo rodando RT alto e 40 a 50 fps.. minha unica queixa.. tirando isso. BOM DIA NAITI SITYYYYYYY"
229875874,121.91666666666667,True,2,"É um dos melhores jogos que joguei na minha vida! Personagens, cenários, trilhas sonoras e história incrível!! A dlc é um presente a parte, que história boa e imersiva! RECOMENDO MUITO!!!"
229873950,49.333333333333336,True,2,"Subestimado e prejudicado pelo lançamento conturbado, esse jogo é fantástico, imersivo e viciante"
229873737,104.25,True,1,historia top e depois que jogo arrumou os bugs ficou foda
229868610,43.56666666666667,True,0,"Cyberpunk 2077 é realmente incrível! Recomendo. Game excelente, te traz um mundo incrível cheio de missões marcantes, que não consigo esquecer... é extremamente viciante e não consegui parar de fazer missões. É uma temática muito conhecida porém que a CD Projekt soube fazer com excelência, tanto no design quanto no discurso que certamente crítico ao capitalismo acerta em tudo. Keanu Silverhand é um grande personagem e a voz dele, eu consigo escutar, aliás eu não paro de ouvir... ele está na minha cabeça! Jogo RPGzado (você literalmente pode buildar, somando suas partes android e as armas específicas + armas) simplesmente perfeito, o combate é bem legal e funciona perfeitamente bem nesse game. A dificuldade eu diria que é bem fácil, mas não o suficiente a ponto de ser sem graça. história legal e um roteiro consistente, alguns finais e só um eu diria ser realmente ruim, os demais finais foram extremamente bons, muitos sentimentos e fiquei até com dó de escolher um final e perder o outro, então já te aviso... o game te deixa continuar e tentar outros finais. Com relação aos desfechos pra mim todos funcionam de acordo com o roteiro. Para o combate, temos MUITAS opções como hacking, tiroteio sincero, espadada, porrada e por aí vai... o stealth é bem legal, não é muito a minha vibe mas funciona bem! Acho a dirigibilidade meio zoada, porém os automóveis em sí são muito bem feitos. Provavelmente vou editar, ainda não consegui fazer uma análise definitiva."
229853071,90.7,False,1,"Apesar de ser um jogo antigo , continua cheio de bugs, varias missões dão errado por causa desses bug e simplesmente vc não consegue termina-las sem retroceder pra um save mais antigo."
229852714,167.48333333333332,True,0,"It is a great game. It is not my preferred genre, but the cyberpunk atmosphere, story, and setting are excellent. There are many options for developing your character's skills."
229849577,77.11666666666666,True,0,"JOGO ÉPICO. Zerei no PS5, Xbox Series X Agora partiu PC"
227311769,112.9,True,0,O tipo de jogo que você tem que jogar pelo menos uma vez na vida... Obra de arte.
229829560,0.2,True,0,"Considere-se privilegiado(a) por ter nascido na época deste jogo. Muito a frente do tempo, em muitos sentidos."
229827325,53.61666666666667,True,0,"Olha 22 horas passaram como se não fosse nada, achei que o jogo seria mediano, porem, foi muito mais do que eu esperava, não me arrependo nenhum pouco de ter comprado esse game, o jogo base já é maravilhoso, porem com mods fica mais surreal ainda S2"
229817513,66.71666666666667,True,0,"Que jogo meus amigos! Já zerei uma vez em outra conta, e estou zerando de novo aqui. A história é sensacional. Recomendo fortemente que comprem e joguem."
229810689,68.96666666666667,True,0,"melhor jogo de todos, não peguei quando era bugado mas se um dia ja foi ruim ele ja se redimiu"
229809630,340.18333333333334,True,0,"Apesar de seus grandes problemas no lançamento, me apaixonei pelo universo de cyberpunk 2077, gostei bastante das missões, dos personagens, e principalmente das diferentes builds e fator replay bom do jogo. Não é perfeito, tem muita coisa que eu mudaria, porém, é um jogo que sabe te imergir nele. Recomendo Wake the ♥♥♥♥ up samurai"
229809382,150.91666666666666,True,0,Que jogo TESUDO de bom <3 joguei 300 horas no console e agora vou jogar mais 300 horas aqui nessa budega também
229794565,162.66666666666666,True,1,"Em Night City, a realidade esmaga qualquer ilusão: o ser humano é visto como descartável e tratado apenas como mão de obra facilmente substituível, seja por um robô ou por outra pessoa tentando sobreviver. Nesse mundo que te oprime a cada momento, você não tem valor algum. Ao mesmo tempo, as propagandas vendem a ideia de que, para ser alguém, você precisa de implantes. O detalhe cruel é que os fabricantes dessas tecnologias são as mesmas grandes corporações que comandam tudo. O problema é que o excesso dessas modificações causa a ciberpsicose, uma doença em que o cérebro não suporta a carga tecnológica e a pessoa perde a sanidade. É um ciclo perverso onde a mídia te empurra para o consumo daquilo que vai te enlouquecer. No meio desse caos, V busca se tornar alguém na cidade, mas sem abrir mão de seus princípios e valores, recusando-se a usar as pessoas próximas para subir na vida. No entanto, quase todas as relações construídas nesse processo acabam destruídas pela própria engrenagem de Night City. A essência dessa jornada se resume no desabafo do protagonista: ""Eu só quero que o mundo saiba que eu estive aqui"". É a luta desesperada para deixar uma marca em um mundo opressor, enquanto se tenta valorizar os poucos vínculos reais que restaram. No fim, a cidade cobra um preço alto demais, devastando quase tudo e todos que V se importa. Night City deixa um aviso claro em seu horizonte de neon: aqueles poucos que conseguem escapar de suas garras, jamais saem da mesma forma que entraram."
229777139,104.71666666666667,True,11,"Cyberpunk 2077 tem uma identidade bem única. O jogo trouxe mecânicas muito divertidas e um mundo aberto incrivelmente imersivo. Night City é um espetáculo à parte. A imersão que a cidade proporciona é absurda, fazendo você realmente se sentir vivendo em uma grande metrópole onde os problemas da vida real são elevados a um outro nível. Felizmente, não tive problema nenhum com bugs. Sei o quão desastroso foi o lançamento, mas acho que escolhi o momento certo para jogar. Hoje o jogo está muito bem otimizado e lindo de se ver. Night City com ray tracing fica um absurdo de linda. Apesar do jogo proporcionar vários desfechos, nenhum te satisfaz totalmente. Até nas escolhas que resultam em finais mais agridoces, você não sente uma satisfação completa. Fica sempre aquela sensação e a certeza de que a vida de um mercenário em Night City vai cobrar um preço alto, cedo ou tarde. Cyberpunk 2077 merece ser jogado."
229772810,359.4166666666667,True,0,"Eu poderia escrever uma redação inteira sobre a sensação que é estar nesse mundo de Cyberpunk, não só pela gameplay super bem desenvolvida ao longo dos tempos, mesmo depois do lançamento conturbado. O nível de complexidade que você pode atribuir a como avança em cada missão, tornando cada passo em um movimento único e individual. Já na história, a camada social, psicológica e filosófica quando você explora bem a história, nem daria para falar aqui, pois tem um nível de profundidade absurdo! Mas uma coisa eu posso dizer, essa é uma história que vale a pena viver."
229756180,168.6,True,0,"Cyberpunk, sem dúvida, é um dos melhores jogos que existem. Com um gráfico incrível, uma história fora de série e composições dentro do game que fazem você imergir com tudo, uma vez jogado, você não perde o interesse. Espero que um dia a CD Projekt traga mais conteúdos e DLCs."
229752396,34.03333333333333,True,0,"TOP , SERIA PERFEITO SE TIVESSE A OPÇAO DE CAMERA EM TERCEIRA PESSOA"
229705709,73.18333333333334,True,0,"Melhor RPG no qual já joguei, que jogo incrível, esse sim mostra a essência do que devia ser um RPG de mundo aberto, dando a maior liberdade já vista para o jogador, todos rpgs deviam ser dessa maneira, tem nem como descrever o quão impressionante cyberpunk é, sinceramente até pagava mais do que o preço base do jogo sem nem reclamar. OBS: A DLC é 3x melhor que o jogo."
229741851,109.98333333333333,True,1,"não existem finais felizes em night city... dito isso, JO-GÃO"
81937969,1467.5333333333333,True,4,"A história é fantástica e cara... esse jogo é bonito! PQP! E tá rodando exatamente como eles mostraram na tabela de requisitos mínimos e máximos. Mas sei que ainda vão ter muitos patchs de correções de bugs e otimização. Como aconteceu com Witcher 3. CP2077 é o melhor RPG de 2020/2021. Na minha opinião. O final desse game me causou crise existencial... amei. \o/ Eu recomendo esse jogo com algumas observações: -Verifique as configurações do seu PC. -Não compre o jogo se vc não tiver um bom PC gamer. -Recomendo pra quem tem placas de vídeo RTX 2080 Ti pra cima. Assim vc aproveita o jogo da melhor forma. Uma boa resolução a 60fps. Tem gente que não liga muito pra gráfico ou em jogar a 30fps e acaba gostando do jogo de qualquer maneira. -Existem vários vídeos no youtube mostrando o desempenho do jogo em várias placas gráficas e vários espec de PCs diferentes. Procure por gameplays com a sua placa gráfica e tire suas próprias conclusões se vale a pena pra vc comprar o jogo ou não. -Tenha em mente que esse jogo NÃO É GTA. CYBERPUNK 2077 é um RPG EM 1ª PESSOA. E cuidado com uma molecada que tá negativando o jogo reclamando de má otimização. Essa mesma molecada bate palma pra Elden Ring que é um jogo que claramente foi otimizado com a bund@. Patch 1.5 veio pra arrumar e balancear muita coisa. Adicionou várias coisas novas. Ficou ainda melhor! \o/ Patch 1.6 trouxe várias coisas novas ao jogo. Um deles foi o transmog. Finalmente! ^_^ Patch 2.0... 3 anos depois do lançado e CP2077 continua impressionante no quesito gráfico. Graficamente, posso falar com tranquilidade que CP2077 se tornou um novo Benchmark nos PCs. A Nvidia deu um salto tecnológico inacreditável. Quanto aos aprimoramentos e mudanças do jogo, agora, com o a versão 2.0 do game, as Skills e Cibernéticas ficaram mais relevantes do que nunca. Sério, parece até outro jogo com esses novos sistemas. Ficou MUITO melhor. Cada ponto de skill que você gasta agora é mais perceptível na evolução do personagem. Devo dizer que pra um RPG em 1ª pessoa, ele é uma experiência muito mais marcante que Starfield. Também preciso dizer que a expansão de CP2077, Phantom Liberty, é maior (e melhor) que o jogo inteiro do Spider-Man 2. CHUPA Insomniac vendida! Edit: Parece que esse pode ter sido o último sucesso da CDPR. A empresa parece estar seguindo o mesmo caminho da Ubisoft, Bethesda e qualquer outra empresa que mergulhou em uma piscina de diarreia woke. Se isso se concretizar de fato, nós veremos o fim da CDPR. Espero morder a língua e que TW4 seja incrível."
229735408,45.06666666666667,True,1,"A MAIOR redenção da década, esse jogo lançou quebrado, e os cara conseguiram transformar em uma obra prima, recomendo muito. ""E tem sexo nesse jogo"" ~ Dava Jones Nota 10"
229734869,11.733333333333333,True,1,"jogo maravilhoso ja tinha jogado no xbox e comprei no pc e acabou não rodando mt bem :(, joguei o maximo que consegui mas o jogo começou a fechar sozinho, mas isso é problema meu. O jogo é mt bom compre"
229730249,146.3,True,1,"Por mais ciberpsicótico que esse mundo de Night City seja, ele nos ensina o fundamental, lutar por nossos princípios e valores, uma luta constante para manter quem você é ou então sucumba pras megacorporações. Johnny é um personagem que vai me marcar pelo resto da vida, valeu cada centavo. Absolute Cyberpunk 2077"
229722285,47.333333333333336,True,0,q jogo do caralho pqp so to triste pq n consegui pegar a panan
229711234,37.766666666666666,True,0,"Gostaria de separar minha análise de Cyberpunk 2077 em duas partes: História e Gameplay. História Começando pela história, o jogo realmente tem um ótimo enredo, marcado por boas reviravoltas e uma narrativa cativante. Até certo ponto, porém, os diálogos ficam meio arrastados pelo excesso de palavrões. Não digo isso como alguém que se ofende com linguagem pesada, mas sim como alguém que entende que nem toda frase precisa vir com um palavrão. Tipo: ""E aí, caralho, tá botando pra foder? Como estão indo as coisas, seu merda?"" (sendo esse um diálogo ""normal""). Isso me incomoda um pouco, porque algumas conversas soam forçadas e pouco naturais. Em contrapartida, a ambientação dos cenários e a imersão são sensacionais. Dá pra passar horas só andando de carro e admirando os gráficos. Nesse ponto, o jogo se destaca muito é uma das melhores ambientações que já vi em um jogo. Cada canto parece ter vida própria: a iluminação, os reflexos, a fumaça, a estética suja e futurista impressionam até hoje. Só por isso, já vale a pena experienciar o jogo. Talvez a unica falha seja os NPC's que ficam pelas ruas, realmente eles parecem um pouco sem vida, não tem tanta coisa pra fazer em interação com eles e IA da policia é bem fraquinha, então não espere uma coisa meio GTA V. Gameplay Agora, o que mais me incomodou: a gameplay. Talvez a expectativa que me venderam sobre o jogo não tenha batido com a realidade, porque ela é bem bugada e um tanto dura. O combate não é muito legal parece que você fica só atirando em inimigos que tankam um monte de bala por causa do ""level"" deles. Então é bastante tempo atirando ou batendo até a vida do inimigo baixar, matar, pegar o loot e seguir. As missões também seguem essa mesma fórmula repetitiva. Não senti uma gameplay realmente divertida; o combate fica repetitivo rápido, a ponto de eu ter baixado a dificuldade só porque estava chato, não desafiador. Isso me decepcionou bastante. Conclusão No fim das contas, o jogo com certeza não vale o preço cheio de R$200, mas sim uma promoção em torno de R$60. Jogando no seu ritmo, com certeza vai render muitas horas boas. É um jogo que amadureceu com o tempo e entrega algo bem legal, não é uma obra-prima revolucionária, mas é um bom jogo. Vale ter isso em mente antes de jogar. Talvez eu não tenha gostado tanto dele justamente porque todo mundo dizia que era incrível, e pra mim ele foi só ""ok"". É isso, fiquem bem!"
229709684,214.0,True,0,"Um dos melhores jogos que já joguei, mesmo tendo alguns bugs, acho simplesmente sensacional!"
229659332,37.95,True,0,"Depois de 77 anos o jogo chegou ao estado de ´´Jogável`` Simplesmente foi extremamente otimizado e após várias correções o jogo apresenta Bugs Mínimos. Finalmente é possível aproveitar esse ´´Deus Ex`` da nova geração. Gráficos: 77/10 - Bão demais História: 8/10 - Prefiro o anime, mas foi boa mesmo assim. Combate com armas de fogo: 5/10 - Barra de estamina para atirar? Combate corpo a corpo: 4/10 - Nunca foi o forte da CD Red Code Veronica Project Veículos: 10/10 - Faltou um Uno com Escada. Keanu Reeves: Carai olha o Neo Lua: 10/10 - Faz você querer get away, Another way to feel what you didn't want yourself to know."
104587275,257.1,True,0,Lançamento: 10/12/2020 Finalizado: 06/11/2022 Tempo: 257.1 horas no total Nota: ⭐ (Especial) Dificuldade: B (Fácil) Condição para zerar: Termine a história
229700260,11.75,True,0,"O jogo consegue te manter preso na história, que é bem desenvolvida. Mas o jogo tem algo que me incomoda bastante: - Dirigibilidade. É praticamente impossível dirigir bem nesse jogo, os carros parecem ser de sabão."
229696992,95.86666666666666,True,0,"Um jogo que eu não botava muita confiança de início mas se provou muito melhor do que o esperado. A história é muito interessante e nem um pouco massante, os personagens tem muita personalidade e são criativos, a jogabilidade é fácil de entender e criativa, o jogo é bem otimizado ao ponto de rodar em uma máquina como a minha que não é tão forte, e em geral são várias missões que não deixam a desejar. Isso sem mencionar as músicas e as DLCs que são absurdamente boas. Tudo neste jogo me agrada e me dá vontade de jogar mais de uma vez. <3"
229694339,146.83333333333334,True,1,"Está no top 10 jogos da minha vida facilmente, fantástico em cada detalhe e no que propõe."
229687821,55.68333333333333,True,0,"Jogo magnífico, um dos melhores que já joguei na vida ! Fico feliz que esse jogo se recuperou depois de um lançamento desastroso. História sensacional, boa personalização de personagem e gráficos perfeitos com muitas opções de personalização de gráfico, a gameplay variada e muito divertida me incentivou a zerar o jogo por uma segunda vez. Recomendo muito a compra !"
184326273,211.6,True,0,"Sinceramente comprei o jogo apenas para testar minha placa de vídeo nova, então meu plano era entrar ativar o Ray tracing e ficar olhando o FPS, mas no final eu zerei o jogo e nem vi os gráficos kkkk. O jogo tem uma história excelente, uma ambientação que te faz passar horas sem fazer nenhuma missão. Para vocês terem noção eu zerei o jogo com mais ou menos 20 horas e todas as outras 180 horas foram apenas andando por ai e fazendo coisas aleatórias. Se você esta pensando em comprar esse jogo, pare de pensar e compre, é uma obra de arte, uma experiencia única, algo que nunca experimentei em outros jogos. RECOMENDO, É MUITO BOM!"
229686978,44.9,True,0,"É um ótimo jogo. Gostei de toda a temática, que já era do meu agrado, além da forma como fizeram. Um ótimo trabalho na hora da imersão, pois me senti na pele do personagem. Cyberpunk é uma experiencia e não me arrependo de ter comprado. Posso não ter terminado o jogo ainda, mas isso só demonstra o carinho da equipe de ganhar o meu coração com tão poucas horas de jogo."
229676629,122.76666666666667,True,0,"TO ME, cyberpunk is a good ""idea"" but one that will never actually be complete. For a world this massive, it feels incredibly empty. There are no organic dungeons, no real interior exploration, and almost every door is permanently locked. You can’t genuinely roam and discover things on your own; the game forces you into a rigid loop of just chasing yellow quest markers. To top it off, the ridiculous design choice to not have a proper post-game just spitting you back right before the final mission completely destroys any illusion of a living, progressive world. But what’s even more frustrating is that the game is trapped in this state forever because of its community. Cyberpunk will never reach a Skyrim level of modding longevity because people don’t actually play this game anymore they just perform. It has basically attracted The Sims 4 player base. Look at the top mods on Nexus daily: it’s an endless flood of clothing packs, 4K jacket textures, custom hair, and poses for the photo mode. The gameplay cycle for most of the current player base is literally: download a trendy outfit, adjust the camera angle with Ray Tracing maxed out, take a screenshot for social media, and close the game. Because the community treats this RPG like a digital dollhouse, there is almost no effort or demand to create structural mods that open up the city, add new quests, or fix the flat mechanics. It’s a beautifully rendered facade, and the player base completely embraced ""style over substance"" to the point of ruining its potential."
229651948,28.05,True,0,"Muito bom! ate o momento, zerei apenas a historia principal. agora vamos explorar o que tem de melhor em nigth city"
229644087,1.6166666666666667,True,2,"Nota Geral : ⭐ Bom jogo mas sinceramente? Não quero jogar isso nem. É de fato um ''jogão'' mas também muito fru fru.. muito detalhe e cansativo. Não siga o fluxo e dê sua opinião real! Eu jogar ? NÂO! Desinstalando! ✼ Jogo: 🔲Ruim (nota 1 a 3) 🔲Aceitável (nota 3 a 5) ✅Bom (nota 6 a 7) 🔲Excelente (nota 8 a 9) 🔲Perfeito (nota 10) ✼ Gráficos: 🔲Ruim (nota 1 a 3) 🔲Aceitável (nota 3 a 5) ✅Bom (nota 6 a 7) 🔲Excelente (nota 8 a 9) 🔲Perfeito (nota 10) ✼ História: 🔲Ruim (nota 1 a 3) 🔲Aceitável (nota 3 a 5) ✅Bom (nota 6 a 7) 🔲Excelente (nota 8 a 9) 🔲Perfeito (nota 10) ✼ Jogabilidade: 🔲Ruim (nota 1 a 3) 🔲Aceitável (nota 3 a 5) 🔲Bom (nota 6 a 7) ✅Excelente (nota 8 a 9) 🔲Perfeito (nota 10) ✼ Trilha sonora e efeitos sonoros: 🔲Ruim (nota 1 a 3) 🔲Aceitável (nota 3 a 5) ✅Bom (nota 6 a 7) 🔲Excelente (nota 8 a 9) 🔲Perfeito de cinema (nota 10) ✼ Complexidade: 🔲Jogo da velha é mais complexo 🔲Fácil de entender 🔲Fácil de aprender, difícil de dominar ✅Necessário estudar 🔲Viciante ✼ Dificuldade: 🔲Seu PET consegue 🔲Fácil ✅Mediano 🔲Difícil 🔲Impossível / Irá fritar ✼ Tempo de jogo: 🔲Até 1 hora (ou menos) 🔲Até 6 horas 🔲Até 12 horas 🔲Até 48 horas ✅Impossível informar ✼ Bugs: 🔲Nenhum 🔲Pequenos bugs 🔲Muitos bugs 🔲Pode ficar irritante ✅Impossível informar ✼ Publico: 🔲Crianças 🔲Adolescentes 🔲Adultos ✅Tudo e todos ✼ Vale a pena comprar? 🔲Sim 🔲Não ✅Compensa somente com desconto (espere uma promoção)"
229552031,131.45,True,0,"A imersão que GTA sempre sonhou, mas nunca ousou ser Jogar Cyberpunk 2077 é uma verdadeira jornada de ascensão no mundo do crime. A progressão de personagem vai te levar a ir de um pobre e fraco mercenário a uma máquina de matar, e as missões podem exigir tanto pensamento estratégico quanto habilidade. Você pode ser um assassino silencioso com habilidades de hacker, um ninja cibernético e rápido, um sniper preciso e letal cheio de gadgets, ou um grande brutamontes que irá explodir seus adversários, ou qualquer outra coisa que você conseguir criar. Não há recurso ou habilidade inútil, e as missões vão exigir tanto letalidade quanto esperteza do jogador. A história vai te fazer rir, chorar e refletir. Os personagens são interessantes e fazem você se importar com cada detalhe de como a história de V finalizará. As escolhas podem te levar a passar alguns minutos refletindo, e até hoje as pessoas discutem alguns dos dilemas debatidos pelo game. E garanto a você que ainda não houve um mundo aberto urbano tão vivo quanto Night City no mundo dos jogos. Não é só a direção de arte. A cidade é muito viva, e há trabalhos para um criminoso em todo lugar. Sério, é MUITA COISA pra aproveitar. Todavia, não posso deixar de citar alguns defeitos do jogo. Você pode enfrentar um bug ou outro, embora nada que atrapalhe sua diversão. As lutas de chefes não são lá muito memoráveis. Os NPCs às vezes são muito burros, os pedestres desviam do seu carro ao se lançar EXATAMENTE na direção em que você está dirigindo. As interações de romance são legais, mas há poucas opções e ter um encontro com seu par romântico rapidamente passa a ser uma chatice. O stealth é lotado de opções, mas a inteligência artificial não é muito coerente: basta que o inimigo te veja por 1 segundinho que todo mundo já sabe onde você tá antes dele sequer abrir a boca (embora haja uma habilidade que mude isso, eu ainda acho que é uma péssima mecânica). O combate corpo a corpo é tosco, com inimigos deslizando na sua direção e acertando o golpe mesmo estando distantes só porque você não apertou o botão de esquiva na hora certa. O saldo, apesar de tudo, é positivo. Cyberpunk 2077 é um ótimo jogo, e vai consumir umas horas da sua vida que você não se arrependerá de gastar."
229633298,47.61666666666667,True,0,JOGUINHO MUITO MASSA UMA DETALHE IMPORTANTE É QUE TEM SEXO NESSE JOGO CARA
229633133,25.7,True,0,"Jogaço da prr, q ótima redenção a cd projekt deu após o lançamento conturbado finalmente vou poder jogar no pc dps de tanto tempo."
229630213,191.58333333333334,True,0,"gostei não, tem nada pra fazer nesse jogo e nem é do ano"
229629202,107.81666666666666,True,0,joguei cyberpunk por 9 horas seguidas e minha foi da agua pro vinho
229617875,63.18333333333333,True,0,"JOGO DA PORRA VAI SE FUDE ""I couldn't wait for you to come and clear the cupboard...But now you're gone and leaving nothing but a sign...."""
229594587,24.516666666666666,True,0,"Um dos melhores jogos que já joguei, corrigiram muitos bugs jogo está muito bom. Vale a pena comprar, ainda mais em promoção."
229614619,128.28333333333333,True,0,"Cyberpunk 2077 é uma experiência única e não tem lado bom ou ruim nas escolhas pois night city é assim, sobrevivência é o que importa."
229612445,77.78333333333333,True,1,"Jogo muito bom historia bacana da fazer bastante coisa , porem tem alguns bugs , mais valeu cada centavo"
229610393,108.86666666666666,True,0,"BOM DIA NIGHT CITY! Um universo cheio e embora triste é lindo lindo ao mesmo tempo, pra quem é fã de futuros distópicos igual eu é um prato cheio."
229598982,54.36666666666667,True,0,"Jogo incrível, várias builds, missões, armas, personagens, skins e tudo que imaginar na temática cyberpunk está nesse jogo, a CD Projekt Red realmente conseguiu se redimir no fim das contas depois de arrumar o jogo, recomendo demais 10/10"
229591789,135.13333333333333,True,2,"""I saw corps strip farmers of water ... and eventually of land. Saw them transform Night City into a machine fueled by people's crushed spirits, broken dreams and emptied pockets. Corps've long controlled our lives, taken lots... and now they're after our souls! V, I've declared war not because capitalism's a thorn in my side or outta nostalgia for an America gone by. This war's a people's war against a system that's spiralled outta our control. It's a war against the ♥♥♥♥♥♥' forces of entropy, understand? Do whatever it takes to stop 'em, defeat 'em, gut 'em. If I gotta kill, I'll kill. If I need your body, I'll ♥♥♥♥♥♥' take it! ♥♥♥♥♥♥' hell ... You still don't see it. But you will one day."" -Johnny Silverhand, Cyberpunk 2077"
229588869,28.333333333333332,True,0,Um beijo pra todas as mulheres do mundo e do Brasil
229586459,18.25,True,0,"So joguei recentimente, e por esse motivo não tenho ideia dos erros do inicio, Mais o jogo esta magnifico. Muito bom mesmo."
229585733,32.7,True,0,"Joguei depois de todas as atualizações e posso dizer que o jogo mudou completamente. O gameplay é muito divertido, dá para fazer várias builds diferentes e o combate não enjoa. A história é muito boa, os personagens são marcantes e a trilha sonora combina demais com o clima do jogo. O mundo aberto é bonito e tem uma ambientação incrível, mas às vezes parece faltar mais atividades e uma IA melhor para deixar a cidade mais viva. Mesmo assim, explorar Night City é muito legal. Ainda existem alguns pequenos bugs, mas nada que atrapalhe a experiência. Se você gosta de RPG, ficção científica e um jogo com bastante conteúdo, vale muito a pena. Nota geral: - Gameplay: 9,5/10 - História: 9,5/10 - Mundo aberto: 8/10 - Trilha sonora: 9,5/10 - Performance/otimização: 8,5/10 Nota final: 9,0/10 Obs: peguei o jogo 30/06 2026 depois de todas as atualizações, não joguei às primeiras versões pois tava esperando uma promoção boa, e o jogo fica perfeito como era prometido no lançamento"
229563033,38.06666666666667,True,0,"extremamente divertido, as referencias ao anime, completam a imersão no universo"
229558790,99.36666666666666,True,0,Eu vou morrer e Hanako vai estar me esperando lá em Embers ainda!!!
229553580,127.18333333333334,True,0,"Depois do trágico começo regado a bugs e fatal erros, hoje posso afirmar que Cyberpunk 2077 é um grande jogo."
228538564,64.26666666666667,True,1,"Cyberpunk 2077 é um baita jogo. Quando o trailer foi anunciado, fiquei extremamente empolgado, mas sou grato por não ter comprado no lançamento, época em que estava repleto de bugs e até sendo apelidado de ""Cyberbug 2077"". Comecei a jogar a partir da versão 1.6, a última lançada para bobox one e ps4, e já nessa versão o jogo havia me conquistado pela narrativa, trilha sonora, ambientação e jogabilidade. Com o passar do tempo, pude acompanhar a evolução que o jogo teve através das atualizações, que agregaram ainda mais qualidade ao que já era excelente para mim. Uma das maiores adições foi a DLC Phantom Liberty, que além de trazer uma nova região para explorar, traz ainda mais peso à história e novos personagens incríveis como a Songbird, O Solomon, Myers,... Vejo Cyberpunk 2077 como um exemplo de recuperação na indústria dos games. O jogo conseguiu superar seus problemas iniciais e se transformou em uma das experiências mais marcantes que já tive, sendo um RPG que recomendo sem pensar duas vezes. Eu amo cyberpunk"
229544770,206.83333333333334,True,0,É bom. Gostei das lutas. A história é legal também.
229541963,19.75,True,0,"Ótimo jogo. Estética perfeita, história envolvente, frenético e ideal para os fãs de sci-fi e distopia."
165938499,612.8333333333334,True,0,"A CD Projekt Red transformou lixo em diamante puro, que jogo magnífico."
229532430,18.916666666666668,True,0,"Jogo bão demais 👍, joguei muito de forma alternativa, gostei tanto que tive que comprar."
229519780,30.383333333333333,True,0,"Tem dublagem!!!! Compre! Me prendeu do inicio até o momento, a historia dos personagens muito bem construida."
229518945,442.95,True,0,"É o jogo da minha vida, acho que enquanto não sair uma continuação dificilmente encontro um jogo parecido, essa vibe tão imersiva do jogo, tudo tão bem escrito e tão ""vivo"" é simplesmente absurdo. Comprem!!!"
229507884,304.55,True,0,"Excelente jogo! Apresenta uma proposta de futuro distópico onde o jogador se torna um mercenário em busca de se tornar uma lenda de Night City. Sendo ideal para aqueles que buscam uma experiencia imersiva com ótimos personagens, desafiadora com diferentes builds e modos de jogo. Além ser dublado o que deixa tudo mais aconchegante e confortável de jogar. Super recomendo!"
229504158,121.28333333333333,True,0,"Tenho pena de quem pegou preconceito com essa obra prima pela bomba que foi no lançamento, hoje em dia ta simplesmente perfeito um mundo livre incrivel de se explorar com milhares de coisas para poder fazer, uma historia muito boa sem contar a DLC que é simplesmente perfeita."
207190447,38.18333333333333,True,0,"Espere o jogo sair de promoção para comprar, o mesmo vale para a dlc."
229467069,70.8,True,2,Vale cada centavo principalmente se vc compra a dlc junto jogo maravilhosooooo
229464203,63.9,True,0,"UMA OBRA PRIMA, TODO MUNDO TEM QUE JOGAR, OS BUGS FORAM CORRIGIDOS VEI, QUE DELICIA"
84669702,303.85,True,1,Absolute game. Perderia minha memória pra ter a chance de jogar do 0 novamente. É o mais mais.
229459639,10.95,True,0,"simplesmente muito foda, muito louco entupir o cu de chromos"
229457033,114.63333333333334,True,1,Jogo é excelente as escolhas nos levam a finais incríveis alguns nem tão assim mas quem não jogou a DLC recomendo que joguem.
229456758,173.03333333333333,True,0,"Depois da trilogia do Deus Ex, Cyberpunk 2077 é um dos melhores jogos do gênero que eu já joguei!"
229450189,28.366666666666667,True,1,"Esse jogo possui uma história incrivel que eu daria 10/10 a trilha sonora, a jogabilidade é tudo simplesmente perfeito"
229415184,117.03333333333333,True,0,"História :Não Existe Finais felizes em Night City, Mas cada história é contada com muita emoção, de todos os tipos, Arrisco a Dizer que a narrativa aqui é uma das melhores, fora o realismo de que vocẽ nem sempre pode mudar tudo ou resolver o problema dos outros, mas pode apoiar e ajudar. Gameplay: Bem fluida, várias opções do que fazer para evoluir, literalmente você pode jogar do seu jeito e não fica restrito a nada, o jogo não te obriga a ter uma BUILD para passar. Bugs: Cada vez menos, alguns bem engraçados, sinceramente nenhum comprometeu minha gameplay Nota: 9/10 - Motivo : Não Existe nota perfeita, assim como não existe Final feliz em Night City"
229384830,52.1,True,0,"foque somente na historia, cyberpunk pode ter varios bugs porém a historia realmente é muito boa tem muitas opções de customizações e cara é massa, apenas entrar no jogo e andar de carro pela cidade ouvindo a radio é uma sensação bem relaxante da uma chance pro jogo e aproveite a historia ela possui varios finais diferentes, realmente incrivel, minhas config está ai para quem tem duvidas se roda o jogo nos pcs de vocês."
229383843,44.5,False,1,"man sla eu joguei muito pouco, eu acho q meu problema foi o medo dos bugs já q eu gosto de bastante estilos de jogos, eu só preferi reembolsar ele e pegar outros jogos, talvez eu me arrependa? talvez ss mas to dboa, foi mal pela péssima gramatica KKKKKK"
134011342,402.81666666666666,True,0,"Cyberpunk 2077 (lançamento) nota: 6,5 Quanto potencial desperdiçado, não se sabe se por culpa dos acionistas, público ou se apenas a CD tentou morder mais do que conseguia engolir, mas o jogo é tenebroso, a excelente história não é o suficiente para fazer você enfrentar os bugs, não tente, nao vale a pena (1.6) nota: 7,8 CD correu atrás do prejuízo, e com ajuda do anime trouxe o que se esperava de 2077, porém sem metade das mecânicas prometidas. O jogo é um FPS com elementos de rpg, que pode ser jogado tanto quanto para a ação, quando furtivo. O jogo é mal nivelado e muito quebrado, se você otimizar o básico da sua build você se torna imparável muito rápido. O mundo é vazio, porém belo, não há eventos ou coisas para se fazer nessa metrópole. A História é cativante, belíssima e melancólica, jogue com uma caixa de lenços do lado. (2.0) nota: 9,5 Eu fui paciente, eu fui de “não é possível jogar isso” para “já tenho 500h de jogo com 3 runs”. Isso é mais um desabafo do que uma crítica, eu explorei tudo o que o jogo poderia oferecer, e ainda sinto que não vi tudo que há nele. Se o jogo tivesse saído assim no lançamento ele teria sido um marco na indústria. Agora sim o jogo pode se chamar de RPG, suas novas mecânicas te obriga a escolher bem os cromos, e o novo nivelamento faz você ter mais cautela no início do jogo, mas quando você otimiza sua build você se torna imparável (Tive que jogar no hard para ter um desafio e amei isso, é como se o jogo me recompençasse por ter estudado suas mecânicas para otimizar o máximo possível da build) O único motivo dele nao levar uma nota 10 é que seu mapa ainda é vazio, não há bares, jogos ou eventos para realizar como em um GTA, o que dá a impressão que a cidade é apenas cenário, e não é viva de verdade."
81994531,386.18333333333334,True,0,"Acabei de finalizar a minha 9 run, nesses 5 anos que eu jogo e rejogo esse jogo ele sempre sobe no meu conceito. Compre por que ele é um em 1 milhão :D"
229371967,41.13333333333333,True,0,"bala na cara, bala no bolso, é no civil e no caveirão..."
82209572,119.33333333333333,True,0,"Eu diria que esse jogo se tornou, disparado, o meu jogo favorito. Sei que no lançamento ele apresentou diversos problemas que fizeram muitas pessoas abandonarem o jogo e até criarem um certo hate com razão, mas mesmo assim eu continuei jogando mesmo com bugs, baixo FPS e finalizei a campanha dessa forma. Posteriormente, quando lançaram a versão com grande parte dos problemas corrigidos, voltei a jogar e comprei a DLC Phantom Liberty, que melhora muito a experiência e adiciona uma campanha que, na minha opinião, consegue ser melhor que boa parte da campanha principal. Esse jogo me apresentou um universo que eu não conhecia e me fez me apaixonar por ele a ponto de acompanhar praticamente tudo relacionado: livros, quadrinhos, animações como Cyberpunk: Edgerunners e até fazer uma tatuagem. Por isso, eu gostaria que mais pessoas dessem uma nova chance para esse jogo, porque hoje ele entrega uma experiência que, com toda certeza, pode conquistar muita gente."
229192807,114.41666666666667,True,0,"cansei de escrever reviews mt longas, mas esse ano eu to jogando muitos jogos que valem um textinho bunitinho nesse site, cyberpunk é um jogo muito fora rico em historia, personagens, lore, um mundo que não se importa com vc e quer a todo momento te matar as grandes corporações que dominaram o mundo aqui e marginaliza todo mundo que não ta com e eles, e reflete muito bem como o mundo pode ficar daqui ums anos se nosso mundo continuar assim, foi uma experiencia incrivel mas ficam algumas criticas o jogo poderia ser mais rpg, eu gosto da V, ela tem sua propia personalidade, e o maximo que a gente faz como player é interferir no desenolvimento dela, ( joguei com personagem feminino) o jogo poderia ser mais rpg e deixar vc se sentir mais no mundo sendo vc mesmo, criando mesmo seu personagem e não deixando vc moldar um que ja existe, o jogo pareçe só mais um jogo de historia com arvore de habilidade no começo Bugs com certeza deixaram ua grande marca na historia desse jogo la em 2020, e mesmo em 2026 com o jogo todo arrumadinho, ainda tiveram ums que me fizeram perder missões ou voltar no save, pq eu fiquei preso no chão Resumindo, é o melhor jogo de ambientação futurista, mas como rpg poderia ser melhor, mas vou continuar deixando as 5 estrelas ai pq eu ainda vou continuar ouvindo as musicas por mt tempo Wake up Samurai. We have a city to burn."
229348922,117.55,True,0,"Não terminei ainda, quando acabar eu venho aqui falar tudo"
229342943,20.8,True,0,"O jogo é simplesmente incrível, todas as missões são interessantes. Acho que o mundo aberto poderia ser um pouco melhor, porém a história compensa. Vale cada centavo. Ainda é dublado em português com uma dublagem impecável."
229328021,42.15,True,0,"Falavam que esse jogo era tudo isso, e puta que pariu, realmente é tudo isso. Dito isso: SOOOOOOOOOOOOO, GET AWAAAAY ANOTHER WAY TO FEEEEL WHAT YOU DIDN'T WANT YOURSELF TO KNOOOOW *RESPIRA* AND LET YOURSELF GOOOOOOO 😭😭😭😭😭😭😭"
229316969,23.433333333333334,True,0,Quase tive um AVC de quao bom e o jogo
149552234,233.08333333333334,True,1,"Uma das melhores experiências que vc pode ter em single player. Jogo imersivo, campanha muito boa, builds variadas, combate muito satisfatório, a expansão é ótima, missões memoráveis, clima, ambientação, músicas, tudo muito marcante. Jogo 10/10. Joguei em 2020 no lançamento (que no PC não era muito bugado igual nos consoles) e agora em 2026 para uma campanha nova e da expansão Phantom Liberty, o jogo evoluiu demais e tá lindo demais."
229283807,112.96666666666667,True,0,"Viciei no game. Divertido, bastante conteúdo e essa dublagem é muito boa."
229281062,100.85,True,0,"um dos meus jogos fav do mundo com crtz!!!!!!! otima historia e personagens foda, infelizmente nao consigo mais jogar pq ele crasha em algumas missoes específicas mas me diverti enquanto pude :("
229279175,118.56666666666666,True,0,"O jogo é muito bom, só que as vezes dá dor de cabeça."
229275969,44.31666666666667,True,0,melhor jogo q eu ja joguei em toda a minha vida~
229268590,14.166666666666666,True,0,"jogo muito bom, n tenho palavras para descrever, aquela fase de 2021 já passou á muito tempo, agora é um jogo totalmente diferente, dou 9.9 só não é um 10 pq ele n é infinito uma hora acaba.... kkkk mais muito bom recomendo de mais o jogo, te prende por horas e horas... ""Não existe final feliz em Night City..."""
229258282,106.55,True,0,Pros: -Tem sexo. Contras: -Não dá pra fazer sexo com o Keanu Reeves.
229250471,368.96666666666664,True,2,"𝐖𝐚𝐤𝐞 𝐮𝐩, 𝐒𝐚𝐦𝐮𝐫𝐚𝐢 𝐰𝐞 𝐡𝐚𝐯𝐞 𝐚 𝐜𝐢𝐭𝐲 𝐭𝐨 𝐛𝐮𝐫𝐧. Lembro como se fosse hoje quando eu vi o anúncio de cyberpunk pela primeira vez e fiquei estagnado vendo aquilo. Fiz a pré venda na época pro PS4 e quando vi o estado do jogo foi uma decepção muito grande, ainda sim fui lá e comprei pra PC na época porém não consegui jogar por que meu computador não rodava. A uns anos atrás eu zerei ele pela primeira vez e realmente eu amei jogo, porém jogando pela segunda eu realmente consegui admirar o que realmente esse jogo é, simplesmente uma obra de arte quase perfeita. Eu amo a estética cyberpunk em qualquer obra, só que esse jogo me fez se sentir tão imersivo que parecia que eu vivia dentro dele, cada passo que eu dava Night City parecia que eu estava andando de verdade dentro da cidade e isso me fez ficar complemente apaixonado nesse jogo. Toda essa imersão não é causada somente pela cidade, mas também por personagens que ou você ama ou odeia. Cada missão dentro do game te deixa com um gosto de querer jogar mais daquilo. E quando você para pra reparar em segredos que estão no mapa mas que não são missões você realmente fica com o gosto de que quero mais! CYBERPUNK 2077 se tornou meu jogo favorito de todos os tempos simplesmente por me fazer viver em mundo que eu acho incrível e me fazer sentir aquilo que eu nunca senti. Pra quem ainda não deu uma oportunidade pro jogo, considere jogar ele por que tenho certeza que você irá amar."
229240985,188.91666666666666,True,0,"Eu digo e repito, esse jogo teve um dos se nao o melhor comeback da historia. Uma gameplay mt legal( contém algms bugs ainda, mas nd chato), historia maravilhosa e side quests que dao vontade de fazer , n platinei ainda porem ja uma nota 10/10 pra mim pelo menos"
229222720,15.3,True,0,"jogão, recomendo bastante, um gta futurista o jogo promete o que prometeu depois de muito tempo, recomendo coloca mods para melhora os gráficos, skins, e jogabilidade."
229212693,34.983333333333334,True,0,"É tudo o que falam e não falam. Ambientação perfeita, história perfeita, músicas perfeitas. Um dos melhores jogos já criados."
229200607,189.73333333333332,True,0,"Gostei de tudo! A historia é excelente, e as escolhas são uma parte da gameplay que nos fazem pensar e refletir sobre como construiremos o nosso V. Ainda não zerei o modo historia, mas já posso afirmar que esse jogo valeu cada centavo. Sinto que a partir de onde estou o V chegará ao topo e se tornará um lenda!"
229198726,20.8,True,1,"Primeira vez em Cyberpunk 2077: ""Vou seguir a história principal."" Cinco horas depois: estou com implantes ilegais, um carro que não sei de onde veio, 37 missões secundárias abertas e ajudando desconhecidos no meio da rua. 10/10. Fui conhecer Night City e Night City me adotou."
