review_id,author_playtime_forever,voted_up,votes_up,clean_text
232042042,12.766666666666667,True,0,"""Contra todo o mal conjurado do inferno, nós enviaremos a eles ... SÓ VOCÊ"" Gameplay frenética, centenas de milhares de formas de como estripar e lacerar demônios. Jogo lindo, temática apocalíptica sinistra e lendária. Vale cada centavo e segundo da sua vida dedicado a horas no jogo."
232018936,13.633333333333333,True,0,"- Jogo incrível! Essa é praticamente a primeira vez que jogo um Doom do início ao fim e adorei a experiência. Adorei as ambientações dos mapas, o combate frenético, a trilha sonora incrível, os puzzles, o sistema de upgrades e a história, é tudo muito legal. É bem legal também os easter eggs do Doom clássico. Eu já tinha jogado alguns dos Doom mais antigos antes, mas nunca me aprofundei muito neles, mas um amigo recentemente me convenceu a jogar este, e valeu muito a pena. Sem dúvida, este jogo foi uma ótima experiência para mim e com certeza recomendo. - Amazing game! This is practically the first time I've played an Doom from start to finish and I loved the experience. I loved the maps ambientations, the frenetic combat, the incredible soundtrack, the puzzles, the upgrade system, and the story, it’s all really cool. The easter eggs from classic Doom are also really cool. I've played some of the older Doom games before, but never really delved into them, but a friend recently convinced me to play this one, and it was totally worth it. Without a doubt, this game was a great experience for me and I definitely recommend it."
192090929,11.383333333333333,True,0,"Excelente título, não me perdoo por ter postergado esse jogo por tanto tempo mesmo tendo acesso a ele antes. Talvez tenha sido melhor assim porque tive essa experiência no PC com os melhores gráficos e periféricos. Uma grande obra que eu com certeza rejogaria."
231931424,2.3833333333333333,True,1,muito bom melhor coisa para se faze quando voce esta bravo e joga doom
202812532,40.416666666666664,True,1,"MANO QUE JOGO GOSTOSO meooo, sério, é mt bom guerrear contra os demônios e dps explorar o mapa, vc não sente o tempo passar, não tem coisa o suficiente pra vc se cansar de explorar, mas tbm tem o suficiente pra vc continuar explorando, ou seja, vc se diverte lutando contra os demonios e se diverte achando os colecionáveis e outras coisas, esse jogo deve ser perfeito pra qm quer fazer o 100%."
231864434,16.9,True,0,"melhor jogo de ação que já joguei, ele te deixa tenso mas ao mesmo tempo te diverte de uma maneira que nenhum outro jogo faz"
231863115,20.283333333333335,True,0,"-Chego em casa -Doom ta em promoção de 12,30R$ -Compro -Boto no modo hard de zueira -Mato bixo -Mato mais bixo -Alcanço a espingarda de 2 canos -Fico feliz -Assassino o boss infernal do final do jogo -Zero o jogo e vivo feliz com os 12 reais mais bem gastos na minha vida"
231855421,33.93333333333333,True,0,"<3 Contra todo o mal conjurado do inferno, toda perversidade produzida pela humanidade..., nós enviaremos a eles..., só VOCÊ! Estripar e dilacerar...., até o fim"
230598800,12.8,True,0,"DOOM (2016) é videogame na sua forma mais pura. Não tenta reinventar a roda nem entregar uma narrativa profunda; seu foco é, sem dúvida, a jogabilidade. E nisso ele é simplesmente excelente. A movimentação é frenética, precisa e extremamente satisfatória. O combate é visceral, e a sensação de explodir demônios em mil pedaços ao som de uma trilha sonora absurda é uma das experiências mais divertidas que um FPS pode oferecer. A trilha sonora, aliás, merece destaque: ela eleva cada confronto e combina perfeitamente com a ação desenfreada do jogo. A campanha tem uma duração ideal, chegando bem perto do limite antes de se tornar cansativa. Ainda assim, acho que o jogo escorrega um pouco na progressão. Você desbloqueia praticamente todo o arsenal antes da metade da campanha e, como a história claramente não é o foco, falta aquele incentivo para manter a sensação de novidade até o final. Em alguns momentos, a fórmula acaba ficando um pouco repetitiva. Se você já tem experiência com FPS, recomendo começar em uma dificuldade acima da padrão (""Um Tapinha Não Dói""). Na dificuldade normal o jogo fica fácil demais. Durante toda a campanha devo ter morrido umas cinco vezes, e a maioria dessas mortes nem foi para os demônios, mas por cair de penhascos ou errar algum trecho de plataforma. No fim das contas, DOOM entrega exatamente o que promete: ação intensa, gameplay impecável e uma trilha sonora inesquecível. Desligue o cérebro, aumente o volume e vá massacrar demônios. Sem dúvida, recomendo o jogo e já estou ansioso para jogar as continuações. Nota final: 8/10. Recomendo."
231643069,37.666666666666664,True,1,jogo incrivel sem duvidas um dos melhores da franquia doom vale super apena jogar nos dias de hoje pois os graficos envelheceram bem e a historias e muito empolgante 100/10
231634736,6.033333333333333,True,0,"Brutal! Fui com expectativa por ser fã dos jogos antigos e me surpreendi ainda mais com o quão bom esse jogo é. Dinâmico, frenético e violento. Simplismente tudo o que eu esperava de DOOM"
171097165,59.65,True,6,"*DOOM* --------------------------------------------- Matar demônios nunca foi tão satisfatório, demorei bastante pra conseguir jogar esta obra prima da violência gráfica e finalmente pude jogar litros de sangue na tela deste FPS maravilhoso e intenso. DOOM consegue melhorar em tudo, sem perder a essência dos seus clássicos, um game que nunca fica chato e é acompanhado do melhor tipo de trilha sonora: Metal pra caralh* A história começa em uma instalação de pesquisa em Marte, onde cientistas abriram um portal para o Inferno, permitindo que demônios invadissem. Nosso protagonista fod*o Doom Slayer, desperta de um sarcófago e parte em uma missão para destruir os demônios e fechar o portal. Com a ajuda da inteligência artificial VEGA e do cientista Samuel Hayden, o Doom Slayer combate hordas e mais hordas de criaturas demoníacas. Apesar da história não ser o ponto principal do jogo, a mesma possui um ritmo acelerado e um bom desenvolvimento que encaixa muito bem com a proposta do jogo A gameplay é rápida, intensa e incentiva o movimento constante, sem cobertura ou regeneração automática de vida. O Arsenal do jogo é ótimo e inclui armas icônicas como a espingarda de dois canos, a BFG 9000, e uma variedade de armas de energia. Cada arma pode ser melhorada com modos de tiro alternativos, aumentando suas capacidades. Quando os inimigos ficam atordoados e brilham, o jogador pode realizar finalizações corpo a corpo chamadas “Glory Kills”. Essas finalizações não apenas eliminam os inimigos de forma brutal, mas também recompensam o jogador com saúde extra O jogo também oferece diversos desafios e missões secundárias que recompensam o jogador com pontos de aprimoramento para habilidades e armas. DOOM possui ótimos gráficos e um “gore” muito bem feito, com litros e mais litros de sangue jorrando de demônios a cada ataque do personagem. Tudo isso combinando com uma trilha sonora impecável e uma ambientação vibrante Gostou dos antigos? Provavelmente vai curtir este aqui também, gosta de afundar demônios no chumbo? Este aqui é o seu jogo. Mesmo com tamanhas qualidades não recomendo pagar preço cheio pois é um jogo linear com poucas horas de aproveitamento (o que pode triplicar caso busque o 100%). o game recebe ótimas promoções durante o ano Ansioso para jogar a sequência desta obra de arte --------------------------------------------- | 9.7 |"
231569694,126.5,True,0,𝓕𝓡𝓐 𝓖𝓤𝓘𝓝 𝓣𝓡𝓐 𝓡𝓐 𝓢𝓐𝓝 𝓝𝓘𝓢 𝓣𝓔 𝓥𝓞𝓡 𝓜𝓞𝓡𝓢 𝓚𝓐𝓡 𝓔𝓝 𝓣𝓤𝓚
231411033,18.733333333333334,True,1,Jogo bom da desgrama. Resumo: cara put0 descendo a porrada no inferno. Não precisa de mais nada.
231372207,14.233333333333333,True,8,Padre marcelo rossi trocou o terço por uma escopeta muito louca e vai comer o ku do satanas com whey
231363757,12.6,True,0,a forma que esse jogo ti faz se sentir dono do mundo é sensacional. 10/10. O pai dos FPS
231151127,16.2,True,0,Franquia que ajudou a popularizar o FPS e também a que ajudou a Revigorar o FPS voltando as Raízes e evoluindo.
231023087,15.516666666666667,False,0,"É ABSURDO VOCE PERDER 15 HORAS DA SUA VIDA E CHEGAR NO FINAL DO GAME NO CHEFE NAO PODER VOLTAR UM SAVE ANTES PARA VER OQUE PERDEU E DEPOIS TENTAR VOLTAR AO CHECKPOINT DO SAVE DO SPIDERMIND E SIMPLESMENTE NAO CONSEGUIR POR COISAS DO JOGO E SIMPLESMENTE O SAVE CRASHA IMPOSSIBILITANDO QUALQUER TIPO DE RECUPERAÇAO, INFELIZMENTE NAO TENHO TEMPO PARA ISSO POIS TRABALHO 12 HORAS POR DIA, JA TINHA ZERADO O GAME A ANOS ATRAS NO MODO JACK SPARROW E NUNCA ACONTECEU NENHUM CRASH SEQUER ATÉ MESMO NO SAVE, O JOGO É ABSURDO E EXELENTE MAS OS DEVS NAO TAO NEM AI PARA ESSES BUS RIDICULOS, MELHOR COISA É DESINTALAR E PARTIR PARA O ETERNAL"
231006824,21.816666666666666,True,0,me aproximou de Deus e promoveu meus conceitos cristãos 10/10
230986745,15.516666666666667,True,0,"eu não esperava q esse jogo seria tão bom, eu comecei jogando na dificuldade mais dificil, e no começo eu passei por muita dificuldade, porem eu fui aprendendo como o jogo funciona ao longo do tempo, eu me diverti muito jogando esse jogo, mas por favor, não comece jogando pela dificuldade ultra violento, porque o jogo fica MUITO mais dificil."
230840738,13.533333333333333,True,0,"acho que essa foi uma das experiencias mais freneticas e estranhamente terapeuticas que eu ja joguei, É UM CRIME JOGAR ESSE JOGO SEM FONE a trilha sonora (uma das melhores dos jogos) completa a gameplay fazendo ela ficar muito mais gostoso trucidar todos os demonios da maneira mais satisfatoria possivel. algo que vou elogiar também é o level design, o mapa de toda fase é muito bonito e bem construído, e mesmo não sendo o foco até explorar o mapa e descobrir os secretos é divertido apesar de não ser o principal, a historia é legal. a única coisa que me irritou nesse jogo foi não existir a opção de mudar idioma (legenda e dublagem) pelo próprio jogo e te obrigam a mudar PELA STEAM, é um saco MAS É UM JOGAO DO COMEÇO AO FIM, muito gostoso quero mais MICK GORDON VOCE É INSANO"
99975877,11.033333333333333,True,0,"Zerando dessa vez pela steam (primeira vez no xbox) e fazendo um resumo breve: ost excelente, ótima história, mas o que realmente se destaca nos Doom sempre foi e sempre será a gameplay e esse não decepciona. Graças a grande combinação de ost e gameplay, nota: 90/100"
230622834,19.716666666666665,True,0,"Cara, que jogo foda! Bom pra relaxar depois de um dia cansativo, só ligar e dar pipoco em demônio. Zerei em 19h, mas poderia ser em bem menos se não tivesse um moleque e um cachorro me interrompendo o tempo inteiro. Mas vale muito a pena!"
230605345,26.033333333333335,True,0,Estripar e dilacerar demonios é uma forma divertida de passar o tempo
230481302,8.216666666666667,True,0,"Jogasso do cacete, absurdo de bom, primeiro que a variedade de armas deixa de ser uma complexidade e se tornar um Dociê pra descer a lenha nos Demônios, e a trilha sonora maravilhosa que parece que deixa o jogo mais imerso e completamente divertido pra cacete, graças ao brabo Mick Gordon. O Sistema de Progressão e Upgrades do jogo é muito bom, principalmente os upgrades das armas que acaba virando um gás a mais na gameplay, e a sinergia de combinar as armas e os upgrades dá um ar de liberdade pra combar entre uma e outra, e meu amigo, as boss fights são bem tops. Enfim, Doom é definitivamente é uma experiência única de se jogar, a trilha sonora, a gameplay, as armas, o jogo é completamente maravilhoso de bom."
230333885,34.916666666666664,True,2,"Gameplay muito fluida, frenética e deliciosa, nada mais prazeroso que mandar demônios de volta de onde eles vieram, level design impecável, com vários segredos e atalhos incentivando a exploração do mapa, trilha sonora incrível cujo é pura adrenalina, a lore não é das mais complexas, mas expande o universo de DOOM para se tornar uma franquia de peso no período atual. O jogo vale cada centavo"
230190261,17.366666666666667,True,0,A real game in times of interative movies. Just play it.
230135201,24.533333333333335,True,0,Jogaço FPS sem frescura Ação desenfreada do início ao fim.
168926992,6.566666666666666,True,0,"Rip and tear, until it is done. DOOM (2016) entende exatamente o que ele quer ser e executa isso com perfeição. Não perde tempo com enrolação: a trilha sonora começa, os demônios aparecem e o resto é com você. O combate é extremamente agressivo e viciante. O jogo recompensa quem avança, quem se movimenta e quem entra no meio da horda sem medo. Cada arma é divertida de usar, as Glory Kills nunca deixam de ser satisfatórias e a trilha sonora faz cada luta parecer uma guerra."
229820065,13.083333333333334,True,0,Não tenho palavras para descrever a sensação de jogar esse jogo
229523282,10.316666666666666,True,0,Brutal. Grosso. Violento. Satisfatório. Apenas joguem. nota? pra mim um 10 de 10. É o Slayer né pai? Não tem jeito!
229708761,5.866666666666666,True,0,É o pau torando e o metal tocando no talo. Pode comprar
229707052,18.083333333333332,True,0,Lançamento: 13/05/2016 Finalizado: 06/11/2023 Tempo: 18.1 horas no total Nota: 7 (Bom) Dificuldade: A (Difícil) Condição para zerar: Derrote o chefão final
229688228,38.166666666666664,True,0,"Obrigatório pra todo fã de FPS, jogabilidade excelente, armas legais e a diversão é certa."
229642429,10.533333333333333,True,0,"Meu primeiro jogo da franquia e meu primeiro contato com a gameplay. Roda com folga, bonito, trilha sonora incrível e combates frenéticos. Doom é simples e objetivo! Estripar e Dilacerar até o fim!!!!"
229620892,11.8,True,0,"mt foda, eu joguei quando tava puto e isso me desestressou mt rapido. robo safado"
229522508,22.233333333333334,True,1,"Uma obra de arte... 19 horas sem travar, sem bugs, sem artefatos... Nota 10 e os demônios foram obliterados !!!!!"
229220528,23.166666666666668,True,0,"Zerei agora em 2026, 10 anos depois do lançamento e eis minhas considerações para este jogo: Doom é aquele tipo de jogo que promete uma diversão rápida / simples e entrega muito bem. A história até tenta encher a linguiça mas você logo saca que tudo é uma desculpa para você avançar de arena em arena pra acabar com qualquer coisa que se mexa. Os gráficos são muito bonitos e envelheceram perfeitamente, coloquei um pouco de shader de granulado (da pra colocar direto no menu do jogo) e parece que o game criou um ar de filme B dos anos 2000. Essa imersão somada a otimização resultou numa ótima gameplay. Falando em gameplay, aqui esta o maior brilho de Doom, ele é fluído, constante e o desafio vai escalando de um jeito bem legal. Quando você abre o game pela primeira vez, parece estressante, com muitos sons e informação na tela, mas conforme avança, você cria uma espécie de simbiose com o controle, cada arma tem o seu uso em cada inimigo específico, cada power up deve ser usado no momento certo e ficar parado é pedir pra morrer na certa, o resultado é que matar os demônios parece quase que uma dança estrategicamente pensada para o melhor seu resultado. Tudo isso é feito de forma mega intuitiva e sem perder o ""Mojo"" do game. Ah e eu mencionei dança, a trilha sonora é 11/10, ela é a cola de tudo isso que eu disse aqui em cima. Algumas críticas, Eu não fui complecionista, achei bobeira ficar procurando bonequinhos e itens de informação pelo mapa, é perca de tempo e quebra o ritmo do jogo, parecia pausa pra hidratação da copa. Falando de mapa, as vezes soa meio confuso e chato de navegar, senti que ele mais atrapalhava do que ajuda, chegou uma hora que eu só ia seguindo reto com a intuição de exploração e eu passei a me perder menos. Pra finalizar, se você gosta de ter longas sessões, vai sentir o jogo se repetir demais, por que o game tem basicamente 2 cenários, o inferno e a base em marte, ele ate tenta alternar mas não adianta, talvez te canse. Pensando nisso a minha recomendação é jogar coisa de 1 missão do game por vez (o que vai te render de 1 a 2 horas de gameplay por vez). Dessa forma Doom não perde o ritmo e nem o brilho. Um bom retorno pra franquia. Espero que minhas considerações tenham ajudado você na decisão de compra! Um abraço abençoado."
229170948,7.133333333333334,True,0,"Balas Só no Socão, e Muita diversão muito bem otimizado eu amei muito matar um monte de Demônios so na base da bala Eu adoro jogos sem lore é só matar e f0d4s3 muito bem otimizado meu PC não caiu de 144fps"
229127208,1.7166666666666666,True,0,"Jogo excelente, muita satisfação em matar demonios, o meu Deus LITERALMENTE"
229104247,0.16666666666666666,True,0,"Cara, esse jogo é bom, pena que nem no pc bombado da minha rodou isso"
229054394,13.3,True,0,"recomendo para quem quer matar demonios escutando rock, o unico ponto ruim é que a historia é muito rasa"
229004883,19.933333333333334,True,1,"DOOM é o famoso TIRO, PORRADA e BOMBA (e ROCK também, não pode faltar, é super importante!)"
228958564,32.9,True,0,"Jogo muito maneiro, as musicas acompanhão o ritmo da gameplay enquanto você dilacera e extermina demônios, com qualidade grafica absurda de boa, INSANO!"
228870412,15.05,True,0,"Jogo excelente , isso sim é VIDEOGAME , comprem e jogue sem medo , não vejo a hora de jogar as sequencias"
228799080,27.583333333333332,True,0,O jogo é incrível mesmo tantos anos depois de ter sido lançado dá uma lavada nos jogos atuais. Gráficos insanos
225213064,33.93333333333333,True,1,"In the first age, in the first battle, when the shadows first lengthened, one stood. Burned by the embers of Armageddon, his soul blistered by the fires of Hell, and tainted beyond ascension — he chose the path of perpetual torment. In his ravenous hatred he found no peace; and with boiling blood he scoured the Umbral Plains, seeking vengeance against the dark lords who had wronged him. He wore the crown of the Night Sentinels, and those that tasted the bite of his sword named him... The DOOM SLAYER! 10/10"
228731466,11.166666666666666,True,0,"legal, mas os inimigos são bem repetitivos e isso, às vezes, torna a gameplay um pouco cansativa."
228668448,25.516666666666666,True,0,"gostei que o jogo é de matar tudo q se meche, nao gostei q acaba"
228615392,20.75,True,7,"8.5 Comprei o jogo sem nenhuma expectativa, na época paguei apenas 6 reais. Recentemente decidi dar uma chance e testar, me arrependi de não ter jogado antes. Faz tempo que não tinha jogado algo tão frenético e legal. Acho que isso define bem a franquia Doom, brutalidade e ação. Foi uma gameplay muito divertida e com um bom fator replay. O jogo possui uma história própria e diversos segredos escondido pelas fases, alguns agregando informações importantes do universo e a história que o jogo está se passando. A jogabilidade é bem criativa e lhe da acesso a uma grande gama de equipamentos, permitindo jogar de diferentes formas a mesma campanha. O combate é muito bom e agitado, dando bastante dificuldade em alguns momentos. Confesso que talvez ache o modo Normal até que fácil, mas experimente aumentar a dificuldade (como o modo Ultra Pesadelo para pegar uma conquista). Esse jogo realmente me animou pra fazer 100% e re-jogar todas as fases novamente pra pegar todos os colecionáveis e segredos. Achei muito massa o fato deles esconderem fases do doom clássico como easter eggs. Só fico triste de não ter experimentado o modo multiplayer na época, principalmente agora que se tornou raridade encontrar partidas e principalmente pegar as conquistas do online (necessitando reunir grupos de outros jogadores também determinados em pegar troféus). O jogo também conta com um modo de edição, permitindo criar fases (single/multiplayer) e também jogar a de outros jogadores. Doom é um excelente jogo e uma ótima opção se você curta um jogo de ação, porradaria e muita brutalidade, pra descontrair um pouco."
74136259,16.366666666666667,True,0,O jogo é tão frenético que a barra de espaço do meu teclado pede socorro toda vez que abro o menu. A trilha sonora do Mick Gordon é tão pesada que limpa a casa inteira e lava a louça sozinha se você deixar tocando no fundo. O melhor simulador de jardinagem de demônios do mercado
228494902,14.1,True,0,"Jogo muito bom, fácil de controlar tem muita ação e exploração, muito sangue, carne rasgando e membros decepados."
228427586,29.0,True,0,"ótimo jogo, porta de entrada para serie que esperava menos e acabou por surpreender"
228411181,12.8,True,0,"Doom é lendário. Jogo frenético, rock brabíssimo, exterminío desenfreado de demônios, super otimizado. Diria que é uma experiência obrigatória para qualquer pessoa. Jogaço!"
228378436,12.95,True,3,"What a great game!! There's nothing better than getting into a firefight while listening to rock music at full volume. I really enjoyed the gameplay from start to finish. Right at the beginning, you realize this isn't going to be one of those games with lots of dialogue or a heavy focus on the story. The main objective is simple: send all the demons back to whatever hole they crawled out of. As soon as the music starts blasting, you know an intense battle is about to begin. Some fights can get quite challenging, but thankfully the game saves before major encounters and even during certain boss fights, between the first and second phases. The regular enemies are pretty standard and appear throughout the game. Depending on the difficulty level, you'll encounter more of some enemy types than others, making the battles harder, but there's always a good variety of demons to fight. I also really liked the bosses. They offer a nice level of challenge not too difficult, but some require you to figure out the best way to deal damage or how to avoid their strongest attacks. After a few attempts, you start learning their patterns and weak spots. The same applies to the regular enemies you encounter along the way. I had a great time playing DOOM, and I'll probably check out the other games in the series as well. :)"
228310131,8.183333333333334,True,1,Gostei sim demais hora de encher os demônios com chumbo grosso
165635816,12.183333333333334,True,0,"Doom (2016) A duração da campanha é consideravelmente curta, porém, de alta qualidade. Quando o seu objetivo é passar o tempo e se entreter, esse jogo te entrega tudo e um pouco mais. A gameplay nunca enjoa, e você pode se desafiar cada vez mais ao aumentar a dificuldade ou tentar um novo modo, e sempre será uma experiência gratificante. Sua trilha sonora também é um componente extremamente memorável, fazendo uso do Metal como o seu tema. Conclusão Qualidade excepcional."
228209504,11.683333333333334,True,2,"Acabei de zerar e foi uma experiência bem satisfatória na dificuldade mais fácil. com crtz vou jogar Doom Eternal dps (até pq eu comprei), mas tenho outros objetivos em mente, sabe? vou zerar omori primeiro"
227993680,9.666666666666666,True,0,doom é igual porno tem historia mais ninguém liga 10/10
227989347,1.0,True,0,"doom é aquele jogo pra jogar e desestressar, eu jogo desde a década de 90 um dos primeiros games fps que joguei quando era muleke muito fóda.. 10/10"
227904761,5.0,True,0,"Pika d+ só queria que melhorassem o sistema do mapa, me perco atoa."
227827224,50.03333333333333,True,0,"Rasguei, estraçalhei e limpei até a última conquista que o inferno tinha a oferecer. Mais uma platina pra estante"
227449404,15.1,True,0,"Recomendo, jogabilidade boa, jogo é fluido, sem bugs, gráfico muito bom! História legal, final surpreeende. Tem pontos com muitos monstros, negócio é nunca ficar parado!"
227445038,20.066666666666666,True,0,"Jogasso! Achei que seria apenas muito tiro com metal no fundo mas além disso a historia do jogo é muito interessante, toda a construção que fizeram para o Fuzileiro Doom foi genial. Além das diversas formas de execução gloriosa que o jogo permite, ainda tem muitas armas interessantes e segredos para descobrir!"
227421743,5.483333333333333,True,0,"Ótimo jogo! Música boa, movimentação e combate legal e qualidade visual excelente até em PC mais ou menos. Consegui pegar 120 fps no vídeo do processador tranquilo"
227385068,14.666666666666666,True,1,"Nada como chegar do traballho, ligar o PC e explodir cranios de demonios na maxima brutalidade possivel. Nota 9/10, FODASTICO!"
227369509,34.56666666666667,True,0,"que jogo bom meus amigos, apenas comprem! para mim valeu cada centavo"
227356463,12.4,True,0,"""The Only Thing They Fear Is You"" só tenho isso pra dizer."
227204380,21.133333333333333,True,0,"DOOM (2016) Avaliação da Cura: IX de X O exame clínico deste organismo revelou um espécime de vitalidade avassaladora, responsável pelo resgate histórico e modernização da linhagem dos boomer shooters. O ponto de maior vigor no sistema reside em sua fisiologia de combate, caracterizada por uma jogabilidade extremamente rápida e frenética. Nas dificuldades mais elevadas, o paciente exige que o médico manifeste reflexos superiores e hiperatividade motora para coordenar um vasto arsenal balístico, habilidades biológicas e modificações de armas em tempo real. A violência bruta é destilada em sua mais pura forma, convertendo o ato de dilacerar espécimes demôniacos em uma atividade altamente satisfatória e terapeuticamente compensadora. As Glory Kills (execuções) foram integradas à dinâmica com maestria cirúrgica; além de possuírem diversas variações anatômicas dependendo do ângulo de incisão, elas fornecem recursos vitais e permitem encadear eliminações em massa sem quebrar a velocidade do fluxo cinético. Cenograficamente, o ambiente exibe uma atmosfera formidável, transitando com sucesso das instalações industriais e planícies áridas de Marte até as profundezas viscerais do próprio Inferno. As arenas de combate são cirurgicamente desenhadas para favorecer a verticalidade e a movimentação contínua, impedindo qualquer sintoma de tédio na progressão. O estímulo auditivo é um espetáculo à parte, movido pelo heavy metal pesado e industrial do lendário Mick Gordon, cuja frequência sonora eleva os batimentos cardíacos e potencializa a agressividade dos comandos motores. Todavia, diagnosticam-se debilidades periféricas no prontuário: a narrativa, embora competente em suas justificativas, assume uma postura secundária e não se estabelece como o foco do tratamento. Além disso, o protocolo para a obtenção da cura total (platina) apresenta um aspecto enfadonho devido à exigência de conquistas vinculadas ao setor multiplayer — uma ala que atualmente padece de morte cerebral pela ausência crônica de usuários ativos. VEREDITO DO DOUTOR: O tratamento é altamente recomendado, consolidando-se como um composto indispensável para qualquer entusiasta do expurgo e da balística de alta intensidade. Sua capacidade de redefinir o gênero e entregar uma das experiências mais viscerais e rítmicas do setor justifica plenamente a internação. Um caso de sucesso absoluto e destrutivo."
227197984,139.06666666666666,True,0,Meu irmao so uma coisa a dizer: SATISFAÇÃO TOTAL DE RASGAR O CAPETA NO MEIO NESSE JOGO KKKK
227128070,24.9,True,1,"DOOM (2016) Análise sincera de quem decidiu dar uma chance para um jogo de FPS. Bom, não sou o maior fã de jogos de FPS, mas esse jogo tem algo, o Doom Slayer simplesmente destrói tudo e todos, ele é o perigo, os demônios que precisam se esconder dele, nunca achei que iria me divertir tanto em um jogo FPS, acho que essa talvez tenha sido uma ótima porta de entrada para o gênero, pretendo jogar os outro Doom. Pontos positivos: #Certamente esse jogo não te enrola em uma história arrastada, você se aprofunda na história se quiser, por meio de textos que são encontrados nas fases. #Ótima variedade de armas, e todas com propósitos únicos, até o final da campanha me vi usando todas as armas de formas diferentes, cada uma tem sua especialidade para cada ocasião, não é como se você fosse deixando de lado armas que pegou no inicio. #Trilha sonora impecável, som ambiente, efeitos e etc, tudo incrivelmente imersivo. #Diversidade de inimigos, certamente não temos recolors por aqui, cada demônio é único e marcante, conseguiram colocar um elenco de peso para essa jornada. #DUBLAGEM??? sim, está dublado e é uma dublagem de alto nível recomendo bastante. Pontos negativos: #Modo online? é difícil cobrar isso sendo que o jogo é de 2016, mas o online é impossível de ser jogado, nunca acha partida, e tem conquistas envolvendo isso. #Fator replay não achei muito interessante, apenas se tiver interesse na platina, que não parece assim tão difícil. Considerações Finais Sinceramente, esse é um jogo que envelheceu muito bem, vale bem mais do que comprar algum novo lançamento que custa lá seus 300 reais, sendo que essa obra prima você acha em promoção por 12 reais na maioria das vezes, vai te entregar boas horas de diversão, fica a recomendação. Obrigado por ler até aqui, 🫡"
225151214,16.183333333333334,True,3,"O Doom de 2016 é sem dúvida um dos melhores representantes do FPS clássico moderno e uma continuação digna da franquia, Para mim, consegue ser até tão bom quanto Doom Eternal. O jogo é intenso do começo até o final, a movimentação rápida e o ritmo acelerado tornam o combate viciante, principalmente pela enorme variedade de armas, pela liberdade na forma de jogar e pelas Glory Kills com execuções brutais muito satisfatórias. O design dos inimigos, dos mapas, da trilha sonora e dos sons combina perfeitamente com o tema infernal do jogo. Cada missão é repleta de segredos e seus colecionáveis recompensam bem com aprimoramento de arma para quem gosta de explorar. A história é relativamente boa, embora não seja o ponto forte. Ainda assim, funciona bem como plano de fundo para a campanha, com cutscenes e diálogos que ajudam a expandir a lore sem atrapalhar o ritmo acelerado da gameplay. É um jogo extremamente divertido e viciante. Recomendo muito."
224729362,20.083333333333332,True,1,Jogos incentivam a violência sim. Eu nunca quis tanto ir pro inferno encher o rabo do diabo de bala!
227039406,9.033333333333333,True,0,"Jogo bom porém ao longo do tempo se torna repetitivo, tirando esse fato a trilha, os cenários e as armas são tudo ótimas. Dito isso nota 7.5/10"
227034671,39.81666666666667,True,1,"para quem quiser tira sua raiva recomendo esse jogo,muuito bom pra um caralho"
227007693,121.23333333333333,True,3,"O Renascimento Brutal de uma Lenda Nota: 7.5/10 Quando foi lançado em 2016, DOOM carregava o peso imenso de reviver uma das franquias mais icônicas da história dos videogames. A repercussão na época foi um misto de surpresa e aclamação: a crítica e o público foram à loucura com a coragem da id Software de chutar o balde das tendências modernas de shooters cadenciados e trazer de volta a ultra-violência rápida e visceral. O jogo garantiu notas altíssimas (médias de 85+ no Metacritic) e redefiniu o que as pessoas esperavam de um FPS de respeito. Campanha e Gameplay Fluida A campanha é um deleite de adrenalina pura. A história cumpre perfeitamente o seu papel (o próprio Doom Slayer deixa claro que não quer saber de conversa, ele só quer esmagar demônios), servindo como o pano de fundo ideal para o verdadeiro coração do jogo: a gameplay. Ritmo Alucinante: Ficar parado é sinônimo de morte. O jogo te força a avançar constantemente. Glory Kills: O sistema de execuções não é só incrivelmente satisfatório visualmente, mas também uma mecânica genial de ritmo, recompensando sua agressividade com vida e munição. Trilha Sonora Impecável: O trabalho de Mick Gordon com aquele metal industrial pesado dita o compasso de cada combate. É o tipo de música que te faz sentir invencível. Embora o jogo perca um pouco de fôlego na reta final devido à repetição da estrutura das arenas e o modo multiplayer não tenha o mesmo brilho da campanha (o que justifica a minha nota 7.5), a experiência principal é extremamente sólida. O Futuro do Inferno Terminar essa campanha deixa um gosto de ""quero mais"". Ver como a id Software conseguiu modernizar o clássico me deixou completamente ansioso para jogar os próximos títulos da franquia (Eternal e The Dark Ages). Se o que me espera pela frente conseguir refinar ainda mais essa fórmula de movimentação fluida e destruição mútua, sei que vou passar muitas horas explodindo demônios. Vale muito a pena, especialmente se você quer desligar o cérebro e curtir uma jogabilidade purista e frenética."
226888541,16.216666666666665,False,0,O jogo até é legal. mas cheio de bug. chefão final matei 3 vezes. e nenhuma apareceu pra dar o golpe final. ficou bugado sem eu saber como a historia termina.
226876207,13.6,True,1,"Jogo bom, pra quem curte o estilo de fps frenetico e hordas de inimigo, é top !"
226867894,10.533333333333333,True,0,"DOOM é a prova de que nem todo FPS precisa de uma história complexa para ser excelente. O jogo pega tudo o que tornou DOOM um clássico e moderniza da melhor forma possível. O combate é rápido, brutal e extremamente satisfatório. Não existe espaço para ficar escondido atrás de cobertura: a proposta é avançar, eliminar demônios e manter o ritmo frenético do início ao fim. As Glory Kills são um espetáculo à parte. Além de visualmente impactantes, elas ajudam a manter a dinâmica do combate e fazem o jogador se sentir uma verdadeira máquina de destruição. A trilha sonora merece destaque especial. Os riffs pesados combinam perfeitamente com a ação e elevam cada batalha a outro nível de intensidade. Visualmente, o jogo continua impressionante, com ótima direção de arte e cenários que capturam perfeitamente a atmosfera infernal da franquia. O que mais me chamou a atenção foi a forma como DOOM respeita o tempo do jogador. O jogo não enrola, não tenta ser algo que não é e entrega exatamente aquilo que promete: ação pura, diversão constante e uma das campanhas mais empolgantes dos FPS modernos. Se você gosta de combate rápido, armas poderosas e uma trilha sonora absurda, DOOM (2016) é obrigatório. Rip and Tear, until it is done."
226815766,12.0,True,0,"DOOM é a prova de que um jogo não precisa de uma história complexa para ser memorável. Enquanto boa parte da indústria apostava em cutscenes intermináveis e tutoriais que tratavam o jogador como incapaz, DOOM fez o oposto: colocou uma espingarda na sua mão e disse ""se vira"". O combate é brutal, rápido e recompensador, transformando cada arena em um espetáculo de violência estratégica. A trilha sonora pesada amplifica a adrenalina, e o ritmo quase nunca desacelera. Seus únicos pontos fracos estão na narrativa pouco aprofundada e em algumas áreas que podem parecer repetitivas após muitas horas. Ainda assim, DOOM não apenas reviveu uma franquia lendária; ele lembrou à indústria o que significa criar um jogo verdadeiramente divertido."
226795536,13.6,True,0,"DOOM é tudo o que um FPS deveria ser: rápido, brutal e bem divertido. O combate é viciante, se tá estressado, vá de DOOM, se tá zangado, vá de DOOM, se tá triste, vá de DOOM, pois é simplesmente incrível, a trilha sonora é fenomenal e o jogo mantém um ritmo intenso do começo ao fim."
226009135,40.583333333333336,True,0,"este lixo corrompeu meu save 2 vezes e eu joguei 3 vezes essa porra, porque é muito bom e ele tá em um rank mt acima de tudo que eu joguei, mas agora o jogo em si eu fiquei o jogo inteiro com uma puta raiva da olivia pra no final ela morrer por ela mesma, ou sla ela é o cerebro gigante? eu não sei, mas eu queria matar a olivia de um jeito satisfatorio espero que a olivia seja o cerebro aranha cyber ai eu ficaria feliz"
225793803,21.233333333333334,True,0,"Matai demónios de maneiras que nunca iria imaginar, nota 11/10"
226588201,15.7,True,0,Tem um jogo na minha musica... JOGO BOM DA PORRA
225483847,3.5,True,33,"O objetivo do jogo é matar o cão. Se o objetivo do jogo é matar o cão, o jogo é de Deus! Você entra no inferno e dá pancada no cão! Onde é que o cão vai levar pancada? No inferno! Quem é que vai dar? É você! Prós: É um curso intensivo de libertação espiritual. Se você morre, o cão vence; se você vence, o cão apanha. A trilha sonora é basicamente um hino de guerra. Veredito: 10/10. Um simulador de ""pancada no cão"" que toda a família brasileira deveria experimentar."
226439064,23.966666666666665,True,0,Recomendo para caramba. Joguei explorando bastante o mapa e me divertindo. 24hrs de pura diversão.
226435785,14.25,True,1,EU ODEIO O ANTI CRISTO EU ODEIO O ANTI CRISTO EU ODEIO O ANTI CRISTO EU ODEIO O ANTI CRISTO EU ODEIO O ANTI CRISTO EU ODEIO O ANTI CRISTO EU ODEIO O ANTI CRISTO EU ODEIO O ANTI CRISTO EU ODEIO O ANTI CRISTO EU ODEIO O ANTI CRISTO EU ODEIO O ANTI CRISTO EU ODEIO O ANTI CRISTO jogão btw.
226433962,11.35,True,1,"Simplesmente Doom, um jogo sobre descer ate o inferno levando a palavra e a esperança, dilacerando, estripando todo tipo de demônio, das mais brutais e sanguinárias maneiras. definitivamente um jogo cristão 10/10"
226354985,5.466666666666667,True,0,"E um jogo muito bom, ate pra mim que nao gosta desse tipo de jogo, e insano."
226325693,20.483333333333334,True,0,"Jogo legal, divertido muito bom e legal, boos da chave foi dificil derrotar , o boos final, para meu filho Fernando de 7 anos, foi facil para derrotar."
220946516,20.2,True,0,"DOOM não decepciona. DOOM é, sem sombra de dúvidas, o melhor simulador de matar demônios existente. Por isso, eu o recomendo a todos que gostem de extravasar a raiva destroçando demônios."
226180302,15.583333333333334,True,0,"Espetacular!! Abriu portas para jogar todos os doom, minha franquia preferida, apenas."
226082485,14.45,True,0,"DOOM é um jogo EXTREMAMENTE DIVERTIDO, é muito bom esta dinamica de atirar depois pensar. apesar de curto, é um jogo muito bom, recomendo muito."
226076701,11.833333333333334,True,0,"Mas quando o crente passa prova Pelo cão é perseguido Só que Deus mandou pisar Na cabeça do inimigo Eu disse pisa, pisa, pisa Na cabeça do diabo Pisa, pisa na cabeça do diabo Pisa, pisa na cabeça do diabo Pisa, pisa na cabeça do diabo Pisa, que pisa, que pisa, que pisa Na cabeça do diabo Pisa hoooooo"
226035751,16.683333333333334,True,0,"Nas últimas horas de gameplay minha rinite tava atacando, mas ao decorrer do jogo ela passou, graças aos momentos frenéticos que essa bexiga proporcionou."
226029745,10.65,True,0,"Jogo muito bom e divertido, tem uma gameplay insana de boa, a trilha sonora deixe as lutas com uma vibe incrivel e msm ja tendo uma decada ainda continua sendo um jogo bem bonito, esse jogo vale cada centavo, pode comprar sem medo."
225768530,12.45,True,0,Minha nossa! Estou exalando testosterona! Sangue e metal são tudo o que eu preciso.
225967024,15.533333333333333,True,0,"Rock cabuloso, demonio explodindo pra todo lado 10/10 DOOM é pica"
225954717,16.783333333333335,True,0,"top dms, amo o spam de inimigos q doom proporciona"
225938254,17.716666666666665,True,0,"Esse reboot conseguiu atualizar com maestria todos os pilares fundamentais da experiência — a narrativa, as mecânicas de combate e o visual — ao mesmo tempo em que preservou o espírito visceral que definiu o título original. A violência é abundante, o frenesi é constante e a fluidez da ação é exemplar. Mais do que um simples reboot, DOOM oferece uma verdadeira aula sobre como honrar um legado. Em suma, é a referência definitiva de um reboot perfeito — violento, frenético e absolutamente fiel à promessa original."
225922589,17.616666666666667,True,0,"Show joguei por umas 17 horas indo atras dos colecionáveis e segredos e posso falar que o jogo é muito bom, matar e espancar capeta é do jeito que eu gosto. Pai nosso, que estais nos céus,santificado seja o vosso Nome,venha a nós o vosso Reino,seja feita a vossa vontade,assim na terra como no céu.O pão nosso de cada dia nos dai hoje,perdoai-nos as nossas ofensas,assim como nós perdoamos a quem nos tem ofendido,e não nos deixeis cair em tentação,mas livrai-nos do Mal.Amém."
225881018,19.716666666666665,True,0,"Talvez se eu conseguisse jogar mais de 15 horas sem corromper o save, daria nota 10. Mas é. Tive que voltar do zero 2x porque o save corrompeu. Pqp"
225878073,23.1,True,0,"corrompeu meu Save na primeira vez, quase me mamei por causa disso, Jogo bom demais."
225870930,35.25,True,1,Encontrei o Laboratório Lazarus Babosa no quinto dos inferno; 10/10.
225811302,19.416666666666668,True,1,"é só você sendo a pior dor de cabeça que o capeta já teve. é o melhor tratamento de controle de raiva do mundo. você entra estressado nesse jogo sai de lá com a alma purificada depois de explodir a cabeça de uns diabretes, imaginando-se os demonios como se fossem as pessoas ruins que já fizeram mal pra você em algum momento de sua vida. nota 10 de 10."
225810910,5.1,True,0,"Ossos sendo quebrado, cabeças arrancadas, rasgando o corpo do demônio enquanto escuta música alegre, puta que pariu que experiência do caralho, 10/10"
225809582,8.133333333333333,True,0,"Que jogo fantástico,ja tinha jogado antes mas não tinha zerado ainda. Divertido e bem legal de passar o tempo."
225799517,14.733333333333333,True,0,"melhor jogo que já comprei, descer bala e porrada nos demonios sem duvida comprem"
225795322,2.0833333333333335,True,0,"é doom né man vc entra,mata demonio,ganha arma nova,mata mais demonio agr me fala precisa de mais oq ?????????????"
225783018,10.9,True,0,Tiro + porrada + bomba + gore + motosserra + demônio do ruim = DOOM!!!!! 100000/100000 JOGAÇO SEM PALAVRAS Quase não pisquei em toda minha gameplay.
225773715,39.65,True,3,"""Contra todo o mal que o Inferno possa conjurar, toda a maldade que a humanidade possa produzir, enviaremos a eles... somente você MANOEL GOMES. Rasgue e dilacere, até que esteja feito."""
225771933,3.3833333333333333,True,0,Jogabilidade 🔲ruim 🔲meio ✅bom Historia 🔲ruim 🔲meio ✅bom Graficos 🔲ruim 🔲meio ✅bom Som 🔲ruim 🔲meio ✅bom
225764573,11.25,False,0,"o jogo é bom do inicio a metade, porém da metade ao final ele se torna muito repetitivo e enrola muito para o final,principalmente perto do final, voce sente que ja era pra ter acabado"
225726013,3.533333333333333,True,1,"Otimizado além da conta, só isso já garante um 10/10. Resto do jogo é um aula de como valorizar os fãs antigos, e ainda conseguir agradar jogadores modernos. É simplizão, mas funciona. Ainda da algo mais complexo e imersivo no quesito história, mas o foco aqui é a qualidade geral. Eu To nem aí para a história, quero matar monstrinho da forma mais foda possível. Um fato a se citar, é a inspiração no mod Brutal Doom, sem ele, essa formula nova e atual não teria existido. E o mod foi feito por um Brasileiro."
225723584,10.816666666666666,True,0,"Outro jogo que finalizei, top 10 jogos da minha vida"
225717213,12.016666666666667,True,0,"Uma obra de arte, você mata demônios enquanto escuta heavy metal, simplesmente incrível."
225704619,12.266666666666667,True,0,"JOGO INCRÍVEL, É MUITO SATISFATÓRIO MATAR DEMÔNIOS, É UM DOS JOGOS JÁ FEITOS 😈💥💥💥"
225687982,6.783333333333333,True,0,Um ótimo jogo para jogar em um dia de estresse 10/10
225680454,8.883333333333333,True,2,Nunca botei tanta expectativa num jogo de Doom mais esse jogo é uma perfeição 10/10
225596053,10.366666666666667,True,0,otimo jogo porem estressante nas boss fights mas ainda sim é muito bom o doomguy é muito picudo amei isto valeu cada centavo do meu dinheiro recomendo
225593636,1.1,True,0,"🔥 Transcendental! Comprei o DOOM a um preço de banana, tô curtindo bastante a gameplay, a história e o ambiente. O Doomguy é o típico Arnold Schwarzenegger, a sensação de matar demônios ao som de heavy metal é tão foda que dá uma vontade de jogar mais, parabéns aos desenvolvedores e a equipe desse jogo 🔥"
225563991,22.0,True,0,"O puro suco do videogame. Eu sabia que jogos de tiro violentos normalmente são divertidos, mas nesse jogo foi diferente. É tudo muito bom e satisfatório. Ele realmente te faz se sentir invencível mesmo sem deixar o jogo fácil. A quantidade de armas e a diferença no que cada uma faz é o que me fez terminar a campanha e ainda ficar com vontade de jogar. Além dos modificadores que, em sua maioria, eu achei muito bem escolhidos. Você fica forte, mas não muito quebrado, o que acaba mantendo a diversão e o desafio em um nível constante. Esse foi meu primeiro DOOM e eu gostei bastante :)"
225540515,13.55,True,0,"Jogo muito divertido, mas não vou negar que eu esperava um jogo um pouco mais frenético. Achei a movimentação bem lenta e com poucos momentos de adrenalina. Também achei o final do jogo bem decepcionante, até me surpreendi quando a steam subiu o achievement de zerar. Pensei que ia ter uma luta foda contra o djabo mas foi só um boss ridículo de fácil. Enfim, é divertido e ótimo para passar o tempo."
225519331,8.6,True,2,Fun fact if you skip every cutcenes it takes less than a 1 min until you can shoot someone
225518500,2.55,True,0,mn assim quando estourei a cabeça dos demonhos com as armas me senti virando o jesus agr- 10/10 👍
225472269,15.3,True,7,"eu sou catolico apostolico romano, esse jogo e um presente pra mim, DOOM NUMBER 2 OHHHHHHH YEAH"
225319774,35.35,True,2,"Simplesmente o melhor FPS feito pelo homem, o pai de todos eles. Ainda não peguei 100% porque infelizmente o multijogador está morto, mas pretendo em breve conseguir todas as conquistas para sentir que joguei o jogo por completo. Não me arrependo de nenhum minuto jogado, RIP AND TEAR!!!"
225242092,17.116666666666667,True,1,"Retorno triunfal de Doom esse game é perfeito para quem gosta de game frenético. A trilha sonora é absurda.. Mas, não é para todo mundo."
225193277,20.116666666666667,True,2,Não tem nada mais cristão que dar bala em demônio
225072811,9.316666666666666,True,0,"A história é ok, mas é um jogo incrível pra passar um tempo. É extremamente bem ambientado e não encontrei nenhum bug durante o tempo que eu joguei. A gameplay é bem prazerosa e a trilha sonora melhor ainda. Recomendo demais!"
225050659,3.433333333333333,True,0,Homem mata demonios Homem do outro lado da tela fica feliz
203085742,13.966666666666667,True,0,"DOOM é puro caos, velocidade e adrenalina do começo ao fim. O jogo não te dá tempo para respirar, e justamente isso faz cada combate ser tão viciante. A trilha sonora pesada combinada com a movimentação rápida transforma cada arena em uma carnificina absurda onde você se sente imparável. Diferente de muitos shooters modernos mais lentos, DOOM recompensa agressividade o tempo inteiro, fazendo você avançar sem medo no meio dos demônios. É um jogo brutal, frenético e extremamente divertido, daqueles que conseguem fazer você entrar totalmente no ritmo da destruição."
225027368,18.083333333333332,True,0,"Jogo extremamente bom, se você está pensando em comprar e ele ficar na promoção, nem hesite em comprar essa obra de arte"
224649717,31.933333333333334,True,0,Bah isso aqui é mais viciante que trago e chinaredo!!!
224428140,36.88333333333333,True,8,"Este é o primeiro jogo da série Doom que jogo e foi simplesmente incrível. A exploração é extremamente recompensadora e os coletáveis são bem divertidos de procurar; mesmo que seja preciso rejogar a fase para achar certas coisas, a gameplay torna essa rejogabilidade muito boa, sem ser cansativa ou repetitiva. E falando em gameplay, que jogo gostoso de jogar. A música combinando perfeitamente, as finalizações nos demônios, as muitas armas que conseguimos durante a história e os upgrades — tanto para os equipamentos quanto para o próprio Doom Slayer — tudo se completa muito bem. Confesso que no começo estava bem perdido sobre a história, mas conforme fui lendo e prestando atenção nas cutscenes, achei simplesmente incrível como ela é contada. Ver as lendas sobre o nosso personagem, os acontecimentos anteriores e os lugares me deixou extremamente curioso e com vontade de jogar todos os outros jogos da franquia para entender melhor esse universo tão bem construído. Fiz 100% de tudo o que era possível no modo história, agora só faltam as conquistas multiplayer (algo que por sinal, sempre vou ser contra em qualquer jogo). Os servidores estão bem vazios então vou esperar mais três pessoas para conseguir fazer essas últimas conquistas."
166579160,56.083333333333336,True,0,10/10 – Incrível (excelência máxima) PONTOS POSITIVOS: + Gameplay frenética com fases desafiadoras; + Boa variação de armas e execuções gloriosas; + Os mapas possuem uma boa quantidade de segredos espalhados para te incentivar a explorar; PONTOS NEGATIVOS: - Servidores vazios tornando impossível jogar online
224248057,3.75,True,0,"O jogo mais cristão de todos os tempos,não tem nada mais divertido do que expurgar demônios com pura brutalidade e violência 10/10 é muita testosterona"
224170103,4.366666666666666,False,0,My save got corrupt without a reason. Bethesda level game.
224074024,0.6333333333333333,True,3,"Jogo Incrível, sem diálogos chatos e monótonos só mandar bala nos inimigos sem preocupação."
224013618,7.75,True,6,o jogo e literalmente ir pro inferno e ficar matando demonio apenas isso. dito isso jogaço 10/10
214685533,10.35,True,0,"Eu não sabia que precisava destroçar demônios ao som de ROCK até começar a fazer isso. Essa foi a minha primeira experiência com DOOM, não sabia nada do jogo e sinceramente é perfeito. Extremamente divertido e com combates absurdamente bons. Múltiplas finalizações e diversas armas diferentes pra massacrar monstros de todo tipo. História também é boa. já garanti a sequência ETERNAL. Brutal, sanguinário, MACHO e altamente recomendável. ABSOLUTE CINEMA NOTA: 10/10⭐"
223736369,45.6,False,0,"Interação do personagem com os equipamentos é quase nulo! Houve um grande retrocesso nesta parte comparando com Doom 3. É muito maçante e redundante ficar preso com um monte de demonios quando vc cai naqueles isolamentos sem saída. Em nenhum momento foi pensado em vc invadir uma fortaleza de demonios, usando uma estratégia sorrateira. Outro ponto muito irritante é pela falta de interação com elevadores e escadas, vc ter que sempre ficar escalando as estruturas feito um macaco. Uma vez ou outra tudo bem, mas vc tem q fazer isso o tempo todo. Este novo jogo foi uma grande decepção!"
223723451,17.0,True,0,"GAME ZERADO Resumão: Um game muito bom e frenético, uma releitura do game que ficou muito bom, zerei no console e no pc de tão bom que é esse game. Pontos Fortes: Gráficos perfeitos, gameplay muito boa e frenética, sonoridade perfeita, história muito boa. Pontos Fracos: Não me recordo. Conclusão: Compre e jogue sem medo pois vale cada centavo."
223615072,100.03333333333333,True,17,"O combate é simplesmente viciante. As Glory Kills dão um ritmo muito bom, porque você precisa se expor pra recuperar vida, então tudo vira um ciclo constante de atacar, finalizar e continuar avançando. Quando você pega o flow, fica difícil parar de jogar. O arsenal também é muito bem feito. Cada arma tem sua utilidade, e como não tem recarregamento, você acaba trocando o tempo todo no meio da luta, o que deixa tudo ainda mais dinâmico. Os mapas são cheios de segredos, e eu curti bastante explorar entre um combate e outro. Dá uma quebrada no ritmo frenético e ainda recompensa quem gosta de vasculhar tudo. A trilha sonora é outro ponto absurdo, combina perfeitamente com a ação e deixa tudo mais intenso. No geral, foi uma experiência muito satisfatória. É aquele tipo de jogo que te coloca no controle total da situação, mas só se você jogar do jeito que ele quer: rápido, agressivo e sem pensar duas vezes."
223551788,60.11666666666667,True,0,"Com certeza um dos melhores DOOMs já feitos, mesmo com seus probleminhas Os gráficos muito bonitos e rodam pra um jogo de 10 anos atrás, a gameplay vicia muito rápido, e os mapas são muito interativos na parte de exploração, porém o carro chefe sem dúvidas é o combate... extremamente brutal. Glory kills, um movimento simples mas eficaz, runas, mods pra armas, vários tipos de inimigo e alguns chefes pra fechar, uma trilha sonora pra te deixar com vontade de matar tudo... simplesmente absurdo! Agora tem alguns problemas no balanceamento que mostram que esse é um jogo um pouco antigo: 1-Algumas armas e mods são simplesmente inúteis depois de um ponto; 2-Alguns inimigos básicos são ABSURDAMENTE mais fortes que os outros no modo pesadelo (por exemplo: soldados e imps são muito mais letais do que os que deveriam ser piores, como hell knights e um revenants); 3- O multiplayer tá basicamente morto; No fim das contas, isso não tira o brilho do jogo, já que foi neste renascimento que DOOM retornou ao mundo dos jogos de forma triunfal, sem falar na base criada para o próximo jogo, que viria 4 anos depois desse. Conclusão: esse jogo vale cada centavo, não no preço cheio mas na promoção... tanta coisa por menos de 20 conto??? Eu faria esse acordo denovo facilmente Nota: 9.2/10"
193310715,19.983333333333334,True,0,Como alguém pode dizer que esse game é do demônio se nele a gente caça os demônios escutando Heavy Metal no talo ?? dito isso jogão!
223497571,29.316666666666666,True,2,"BOM PRA CARAMBA! isso sim é DOOM, é muito bom jogar esse game após de jogar o Doom original. Recomendo demais!"
223338736,16.216666666666665,True,0,"Bom demais, jogo lançou em 2018 e ainda é um baita jogasso, obviamente sem as mecânicas familiarizadas do Doom Eternal, como o dash, que deixa o jogo ligeiramente mais rapido e divertido, mas tirando isso, tiro puro no inferno e em marte, perfeição apenas."
223331072,25.216666666666665,True,0,"Nunca tinha jogado DOOM antes só ouvia falar dele, mas achei muito interessante quando joguei pelo Play4, era uma boa experiencia mas quando joguei pelo PC, QUE JOGO BOM de se jogar no PC, nem tem comparação quando se joga no videogame comparado com PC a acessibilidade é MUITOOOO melhor. Mas em questão do jogo em si, cara que JOGÃO, Mortes brutais, adrenalina super alta, design gráfico muito bom e experiencia rápida como um verdadeiro jogador clássico de DOOM gosta, massssss as batalhas de bosses achei um pouco fraca, acho elas tanto rápidas demais quanto curtas demais, mas isso não tira que a experiencia é ruim muito pelo contrário é muito bom de se jogar. Não quero tanto assim pois quero que joguem esse jogo para provar a experiencia que é esse Reboot maravilhoso chamado DOOM 2016."
223237625,15.683333333333334,True,0,"Muito divertido e massa, gameplay divertida, graficos maneiros, musica muito massa, historia ok, mas o importante é a gameplay e a diversão papocando os demon, jogo muito top."
223213948,43.416666666666664,True,2,"Esse foi um dos jogos mais viciantes que joguei nos últimos anos, o jogo é Carnificina e muito Rock, sem frescuras, apenas se divirta transformando os demônios em carne moída."
222857876,19.716666666666665,True,2,"Jogo cristão em que você mata demônios das maneiras mais diversificadas possíveis a cada segundo, de forma frenética e brutal. Não há muito o que dizer: o jogo é diversão garantida do início ao fim, e o frenesi não acaba nunca. Além disso, a trilha sonora impecável torna tudo ainda mais perfeito. Outro ponto interessante é a otimização presente, permitindo o uso de DirectX ou Vulkan como API gráfica, garantindo uma experiência fluida até em máquinas mais fracas."
222803459,19.35,True,0,Otimo jogo pena que acabou rápido demais um dos poucos jogos q decidi platinar por mais q o mutiplayer teja morto mas valeu apena as horas gastas espero q as continuação seja boas também
222659536,19.566666666666666,True,0,"Isso que é retorno de franquia meus amigos, C I N E M A"
212984408,26.716666666666665,True,0,"O inferno tem medo de você. DOOM é a prova de que você não precisa de mecânicas complexas quando a execução beira a perfeição. O jogo te joga em um fluxo imparável de adrenalina, onde a trilha sonora e o combate se fundem em uma experiência visceral,não existe tática de recuo ou cobertura: é velocidade pura, agressividade e uma satisfação absurda a cada execução. É um jogo que respeita o gênero e o jogador, entregando exatamente o que promete sem nenhuma gordura,se você quer se sentir uma força da natureza imparável, não tem erro algum."
222613958,26.3,True,0,"Simplesmente Doom, o pai dos FPS. Não tem como não recomendar."
222609787,20.683333333333334,True,0,rapais eu recomendo pra todos jogarem por que ele e bom e é acaba com o estresse pra mim ele e 110/110
222459102,15.733333333333333,True,0,"E um exelente homenagem aos calssicos , só com a gamplay atualizada . bom de mais ."
222443662,28.816666666666666,True,0,"Acho que a gameplay desse jogo e dessa franquia moderna como um todo é a melhor que já vi em um FPS. Dito isso, os mapas aqui são uma merda, porque basicamente só tem três. Jogaço de qualquer forma."
222432196,17.216666666666665,True,0,"Jogo muito divertido, com combate equilibrado e gráficos que ainda são atuais."
222373431,51.9,True,0,Jogo mais cristão que existe. Melhor que esse só o Doom number twoooo
222356871,22.083333333333332,True,0,nem terminei o jogo e minha testosterona já duplicou + mick gordon na soundtrack é mt pica
222223446,77.55,True,2,"DOOM tem músicas fod@s, história boa e uma gameplay sensacional: um jogo que te manda para os confins mais inóspitos possíveis, para que você possa rasgar e despedaçar os piores demônios já vistos. Em outras palavras... um jogo bem família!!!"
222215221,20.566666666666666,True,0,"Arcade de ação frenética, demônios, miolos, shotgun e trilha sonora pesadona! Um game pra orgulhar papai do chão, agora é esperar promo do Doom Eternal! CONFIG PC: Ryzen 7 5700X3D RTX 5060TI 16GB DDR4 32GB 3600hz"
222193942,18.583333333333332,True,0,"Esse é o meu primeiro contato com DOOM e o jogo é muito bom. Ele tem uma jogabilidade rápida e agressiva fazendo com que você precise matar inimigos o mais rápido possível para recuperar vida e isso deixa o jogo mais desesperador e emocionante, tirando o fato de que os gráficos são muito lindos e o jogo é bem otimizado até mesmo para máquinas um pouco mais fraca. E a trilha sonora nem se fala, só rockzão foda Recomendo demais DOOM"
222177111,14.483333333333333,True,0,"O modo campanha é genial e o jogo é uma loucura de divertido. A parte técnica (gráficos, jogabilidade e otimização) está impecável. Uma recomendação obrigatória para quem gosta de ação frenética e estilo arcade!"
222144375,15.6,True,2,"Mim matar demônio, demônios ficarem com medo, mim ficar feliz, pegar arma forte e matar ainda mais demônios, mim gostar de dizimar toda a frota de criaturas do inferno."
222126035,45.05,True,0,"Sangue, gore, tripa, demônio, tiro, explosão, fogo, bomba, tudo acontecendo ao mesmo tempo de forma frenética. Esse foi meu primeiro contato com a franquia, e eu gostei muito. O jogo não tem muita história e dá pra ignorar ela sem problemas, já que o foco mesmo é a jogabilidade, que é insana. É um FPS muito bem feito. As glory kills são muito satisfatórias, e mesmo nas dificuldades mais difíceis a sensação que você ainda tem enquanto joga é a de que você é o boss ali. Já a platina é meio paia. MUITOS colecionáveis perdíveis, muitos segredos, etc... E o pior... MUITAS CONQUISTAS DE MULTIPLAYER. Namoral, quase metade é de multiplayer, que aliás, tá praticamente morto, levando coisa de 30 min a uma hora pra achar uma partida. Apesar de boa parte das conquistas da campanha serem legais, foi um saco platinar esse jogo... Enfim, o jogo por si só vale muito à pena, e não deixa de valer caso você queira platinar."
222065486,49.78333333333333,True,0,"Jogaço Fera Bacana, TEM SANGUE, LACRAÇÃO ZERO, AÇÃO DO INICIO AO FIM. Nota: 9.5"
222052205,37.333333333333336,True,0,"game satisfatório demais, Cristão Simulator! mate todos os demônios ao som do metal pesado, não tem oque dizer... é simplesmente o Doom, o maior pecado é não jogar ele"
222048397,15.383333333333333,True,0,"Já se passaram-se quase 10 anos (na data dessa análise) que esse jogo foi lançado, e ainda continua sendo um jogaço. vale a pena d+ comprar, principalmente se estiver em promoção."
222043099,21.6,True,0,"exploração divertida,otimos graficos,adoro assasinar brutalmente demonios.muito barato e longo(para um jogo triple A atual)"
222040360,10.716666666666667,True,0,"Não sou muito de jogar FPS mas Doom sempre me interessou por conta da trilha sonora e ela é absurda. A direção de arte me surpreendeu, teve vários cenários que eu vi e falei ""krl q foda"" em voz alta. Na minha opinião acho que deveriam ter mais bosses, eles são bem legais de enfrentar, eu acho que morri mais caindo do cenário do que pros inimigos comuns akskakska Com certeza devo jogar os próximos, não achei que ia me divertir tanto."
222028858,14.533333333333333,True,0,"e um jogo de terror, mas ao invés de vc correr dos demônios, eles correm de vc."
221915765,18.416666666666668,True,0,"O jogo peca no sentido de exploração, muitas das vezes o mapa fica vazio após as hordas sendo muito chato ir atrás de coletaveis. gostaria que tivesse OST fora das hordas, pois durante as hordas as OST's são brutas e gostosas de ouvir. O combate é dinamico, o jogador não fica parado e se ficar é punido, além de fazer o jogador variar de armas e finalizações. Cada parte de um monstro pode gerar uma finalização diferente, o que é bem legal pois dificilmente você entra em loop de animação. 8/10"
221622921,54.266666666666666,True,0,quando o cara do doom fala: eu sou o doom (2016) e começa a doomar todos os demonios eu achei um gamer moment
221558036,12.85,True,0,"Divertido, Frenético e Alucinante são as palavras que descrevem esse jogo, foi a minha primeira experiencia jogando DOOM e jogos nesse estilo, e esse jogo é fantástico em tudo que se propõem com destaque em especifico a trilha sonora que te deixa em extasse, quando ela começa a tocar é como nada pudesse te parar"
221528454,26.166666666666668,True,0,"não é peak pra hoje em dia, mas esse jogo fez a mesa pra todos os FPS futuros serem peak, ja que aprenderam com os erros desse... então doom 2016 ganha o selo jogaço do crl"
39172696,412.51666666666665,True,0,"Doom! Praticamente o pai dos FPS que revolucionou e popularizou os jogos de tiro em primeira pessoa.Esse game é simplesmente uma volta e nostalgia aos doom's clássicos, muito foda!!! Talvez pra quem nunca jogou nenhum Doom e simplesmente não conhece a franquia possa achá-lo enjoativo e repetitivo, mas com certeza pra quem é fan da saga como eu, e já jogou todos, esse game sem dúvida vale pena comprar por cada centavo e muitos dos momentos sentir uma nostalgia dos clássicos da franquia! 100% recomendado, pelos gráficos, seu gameplay dinâmico e violência brutal com os demônios e história. 10/10"
221332750,10.983333333333333,True,0,Eu não sei como esse jogo não ganhou o GOTY de 2016.
221009643,27.866666666666667,True,0,"Jogo delicia de jogar. Simples, divertido, desgraçado nas dificuldades mais altas."
220951076,10.433333333333334,True,0,"Na primeira era, na primeira batalha, quando as sombras se alongaram pela primeira vez, a pessoa permaneceu de pé. Ele escolheu o caminho do tormento perpétuo. Em seu ódio voraz, ele não encontrou paz e, com sangue fervente, vasculhou as planícies umbrais, buscando vingança contra os senhores das trevas que o haviam roubado. E aqueles que provaram a mordida de sua espada o chamaram de... O Matador da Perdição."
220925946,29.133333333333333,True,0,"Foi o meu primeiro Doom. Bem leve e graficamente lindo demais. É daora apenas para ouvir uma boa trilha sonora e decepar os bichos. Se eu jogar com a cabeça no automático e na dificuldade média, aí fica tenso."
220846406,10.416666666666666,True,1,"Curti muito o jogo, até então eu nunca havia jogado Doom na minha vida, este foi o primeiro, curti muito a historia, a trilha sonora é surreal de boa, monstros e demônios sinistros, armas muito legais, resumindo jogo épico, irei jogar agora a continuação Doom Eternal."
142985864,47.71666666666667,True,0,"esse jogo é uma DELÍCIA. Quando você chega em uma nova área com uma nova horda de demônios pra matar e começa a tocar a trilha sonora foda do Mick Gordon é a mais pura dose de serotonina que o cérebro de um fã de shooters poderia querer. Eu ter comprado esse jogo por 15 reais foi uma pechincha obscena. Ele já rodava bem quando eu estava só nos gráficos integrados, mas depois que eu consegui uma GPU dedicada e um monitor de 180hz o gameplay ficou ainda mais satisfatório, lisinho, uma manteiga. Eu amo esse jogo."
220791965,18.783333333333335,True,0,"O primeiro Doom renovado é muito bom. O 2° achei fraco, mas esse por ser pioneiro foi marcante. Vale a pena jogar!"
220770230,21.4,True,0,Campanha sensacional. Perfeito no controle. O multiplayer é muito bom e não teria problemas com ele se não fosse por 2 conquistas. 2 conquistas que te obrigam a farmar níveis por horas no multiplayer (Chegar no nível máximo e dar rebirth 10 vezes..) pela platina.
220498831,4.533333333333333,True,1,"Eu matei inúmeros demônios com meu terço de São Bento no braço, Amém"
220471893,14.516666666666667,True,0,Jogasso da poxa ainda dublado e pra completar peguei na promo da steam
220468672,18.483333333333334,True,3,ótimo jogo brainhot borderlandslike divertido assisti 4 temporadas de south park enquanto jogava. espero que o 3 entre em promoção logo
220450468,13.766666666666667,True,0,"Jogo começa um pouco fraco, mas ao longo da história vai melhorando absurdo e atinge um ápice de ação e de estória muito muito bom."
220422693,25.016666666666666,True,4,"Um dos melhores jogos da franquia DOOM, que eu já joguei. Jogando com o clássico personagem Doomguy, a jogabilidade de combate agressivo e rápido, onde matar inimigos é essencial para recuperar vida e munição trás aquela mesma sensação de nostalgia dos outros jogos da franquia, ao som de um heavy metal e simplesmente absurdo. Recomendo."
220414604,25.6,True,0,"Doom 2016, com certeza entrou para o meu top jogos, eu já tenho histórico com os doom 2d e alguns boomers shooters 3d, já tinha tentando a demo umas 2 vezes, na hora achei meio estranho, até que comprei e reembolsei porquê não iria jogar, tava viciado no cyberpunk kkkk. Até que comprei de novo e que jogaço, fazia um tempo que eu não jogava um fps frenético. E DOOM me deu uma grande experiência, simpleste tudo é muito foda. O núcleo de gameplay é bem simples, você tem armas e mata, tendo 2 mods por arma para combar trocando de arma ou mod, o combate é muito gostoso com as glory kills e a motoserra, muito frenético, gráfico e violento, o design dos demônios ajuda nisso. Única coisa que achei ""meio fraca"" foi a motoserra, não me leve a mal, ela é muito foda mas, o uso dela não usava muito por que esquecia, ficava segunrando o combustível pra caso eu precisar usar. As músicas? Sem palavras. Perfeita para o jogo, a do menu é uma das favoritas. O gráfico combinado com a atmosfera, a ambientação é muito lindo, gostei muito, combina com o design dos monstros, que por sinal para mim são um dos melhores. E sendo sincero eu gostei do modelo do CyberDemon. Claro não parece o clássico, ficou foda mesmo assim, gostaria de ver ele em outros jogos de DOOM, caso o cyberdemon og voltasse, o de 2016 poderia voltar com outro nome. E por a lore, a lore de doom é até que bem interessante, acho legal por ser de uma franquia velha, ele ter que pensar um pouco para adaptar a história ou fazer uma ligação que faça sentido, considerando 3/4 jogos de doom velho. Dito isso, doom facilmente entra para um dos meus top jogos. Vou sentir falta disso, do frenesi do combate junto da música."
184738730,39.7,True,0,"O maior desafio desse jogo é entender o mapa. De resto, você é só o Doom Guy com um puta arsenal foda pra caralho matando demônios e se divertindo muito. É basicamente a definição de videogame, sem frescuras modernas de inclusão desnecessária. Recomendo."
199657965,75.88333333333334,True,2,"Jogo simplesmente foda. Desde o design dos demônios até os ambientes, tudo é incrível. A história é muito interessante e o multiplayer é bem divertido. Foi gratificante demais ir atrás da platina deste DOOM. É difícil, mas nada enjoativo."
220109302,20.583333333333332,True,0,"Eu acho o Eternal melhor (infelizmente joguei antes), mas é um baita jogão, quem quer checar esse ""reboot"" da id pós 2016 eu indico começar aqui, tem muita coisa que não entendi do game anterior que aqui tem um bom setup. RIP AND TEAR!"
220041263,13.383333333333333,True,0,"dei nada para o jogo e dps de zerar quero jogar o eternal e o dark ages,top dmais"
214504391,15.583333333333334,True,0,"Passei 15 horas e três dias virando noite de tão viciado que fiquei nesse jogo, ele te consome! Pra quem curte um desafio e uma ação é muito bom."
219488354,10.783333333333333,True,0,"simplesmente voce vai para o inferno para matar demonios, isso é bem massa e bem educativo kkk"
190661179,17.383333333333333,True,0,no windows 10 funciona agr qnd usa windows 11 pelo menos na amd n entra Fora isso jogo topado
219348284,14.5,True,0,"Fiquei muito feliz em jogar esse jogo, não sou muito fã dele mas o jogo Animal Crossing me fez querer conhecer o marido da Isabelle. Eu não sabia que ele era um divo, fiquei com pena dele do jeito que a Isabelle é ele deve ser o submisso. No final entendi porque ela não aparece ai, porque se aparecesse o jogo só teria 1 minuto. Ótimo jogo do marido da Isabelle"
219289027,5.216666666666667,True,1,"jogo de homi tem revi metal, n tem fadinha nem é tudo colorido e ainda é cristão, recomendo"
219287084,17.483333333333334,True,0,"Pra quem quer algo pra jogar com o cérebro desligado mesmo no modo difícil, esse é o jogo."
219282684,20.683333333333334,True,2,"É epico , pode jogar sem medo , só achei meio zoado o mapa , visualizar nele e mexer no mapa 3d me levou a ficar perdido nele procurando pelos segredos em cada fase."
219227365,8.85,True,0,"muito divertido, tu anda, escuta rock industrial e quebra a convenção de genebra 151102063006 vezes"
219049885,0.9333333333333333,True,2,"25 minutos. Foi só o que eu joguei. E já deu pra perceber que esse jogo é ABSURDO. Eu não sei explicar direito, mas a sensação de jogar DOOM pela primeira vez é simplesmente brutal. E a trilha sonora? PUTA. QUE. PARIU. Eu arrepiei ouvindo a soundtrack. Cada combate vira praticamente um show de metal. A música não fica só de fundo, ela empurra você pra frente, faz você querer jogar mais agressivo ainda. Eu tive que parar porque tinha coisas pra resolver na vida real. Mas eu saí do jogo pensando: “Que jogo.” Se 25 minutos já foram assim, eu nem imagino o resto. Simplesmente foda."
218999300,130.95,False,2,"Offline é muito bom, mas pra quem quer platinar essas conquistas online são quase impossíveis ideia merda de por conquista Online"
218855862,11.25,True,0,"Joguei mas NÃO CONSIGO MAIS JOGAR, O JOGO FICA COM UM BUG DE TELA, FICA PISCANDO A TELA QUANDO INICIO O JOGO, SIMPLESMENTE N DA, ATÉ FORMATEI O PC DPS TER ALGUNS PROBLEMAS E RESOLVI TESTAR O JOGO NOVAMENTE, MAS CONTINUA COM O MESMO ERRO"
218811960,2.033333333333333,True,0,"Joguei pouco mais de 2h e eu sinceramente não curti jogar com o controle. Mas eu recomendo pois, Doom é Doom né!!"
218717916,17.933333333333334,True,0,"jogo em que é você que dá medo nos monstros, fui o maior demonio no inferno 10/10"
218688492,34.68333333333333,True,1,"Muito gostoso e relaxante. Uma ótima experiência e muito divertido, eu somente zerei a campanha e os desafios só isso já foi bastante coisa e ainda sim em cima disso tem muito mais conteúdo nesse jogo. Cê mata hordas de demônios diferentes ouvindo música boa, não tem muito o que dizer. É ótimo!"
218592527,36.483333333333334,True,0,"Segundo dia, 20 horas de gameplay e finalizo essa definição de jogaço da porra. Simplesmente nunca experimentei nada nesse nível. Divino."
218633092,20.783333333333335,True,0,"jogo bom e frenético , depois desse vai ser o doom eternal"
218595337,35.78333333333333,True,0,"isso que é foda, muito rock e matança, acho que a vida poderia ser muito simples assim, mas infelizmente o capitalismo sempre vence e eu nao posso ficar so matando demonios e ouvindo rock pesado hellllll yeaaaaaaaaaaaaaaaaaaah"
218499993,16.783333333333335,True,0,"Mt satisfatório jogar dando tiro em tudo, recomendo essa maravilha"
212503417,9.533333333333333,True,0,"bão demais da conta, sangue pra todo lado slc, mto bão!"
218477855,2.033333333333333,True,0,"valeu cada centavo, a parte mais satisfatoria e matar os bichos. mt bom pra passar o tempo :D (10/10)"
218441300,11.4,True,0,Concerteza revigoraram toda a serie DOOM trazendo o melhor do passado com uma forte e dinamica gameplay dos tempos atuais
218436994,5.583333333333333,True,0,gozei de tanta dopamina que esse jogo me oferece matando demonios a sons de heavy metal
218422573,17.466666666666665,True,0,"8/10. I really liked the game. It has fun gameplay loop and good level design. Even though the themes are hell and demons, it is a relaxing game, to turn the brain off and release your anger."
218395517,80.28333333333333,True,0,+300 ng/dL de Testosterona após adquirir e jogar esse jogo
218386681,5.666666666666667,True,1,jogo é bom e ta valendo muito a pena comprar nessa promoção
218380552,13.5,True,0,"Acho que a melhor definição que eu posso dar sobre esse jogo é que: Esse é um DOOM em toda sua glória essência. Um jogo incrível, pura diversão frenética como todo Doom deve ser."
218362396,23.683333333333334,True,0,"Que jogo pika meu irmão, gameplay divina fodástica, se você é cristão defnitvamente jogo este jogo 10/10 se fosse citar todas as coisas boas do jogo daria uma lista de 500 linhas pqp."
218353898,11.666666666666666,True,1,Um FPS raiz que diverte tanto os fãs clássicos como os fãs novos.
218341075,7.433333333333334,True,0,Um bom jogo para se divertir rapinho sem se preocupar com muita coisa.
218336746,4.033333333333333,True,0,"Uma das inovações mais notáveis de DOOM (2016) é o conceito de combate ""push-forward"", que incentiva os jogadores a se manterem em movimento constante e a adotar uma abordagem agressiva. Ao contrário de muitos jogos de tiro que promovem a busca por cobertura, DOOM recompensa os jogadores por se envolverem em combate corpo a corpo, utilizando o sistema de ""Glory Kills"" (Execuções Gloriosas). Essas execuções não apenas oferecem uma experiência visualmente satisfatória, mas também garantem recompensas imediatas, como aumento de saúde e munição. O jogo também apresenta um sistema de evolução baseado na exploração, onde os jogadores podem encontrar upgrades e runas que melhoram suas habilidades e oferecem novas mecânicas de combate. Isso permite uma personalização significativa do estilo de jogo, incentivando a exploração dos ambientes. jogo nota 1000"
218310164,10.95,True,0,Nada melhor que ouvir um rock n roll e matar demonios.
218272358,12.933333333333334,True,0,"O jogo é sensacional e incrível ao mesmo tempo, tenho interesse de tentar platinar esse jogo e ter o máximo de horas possíveis nessa obra de arte."
218245534,4.05,True,0,"jogo top com sangue morte e muito tiro, recomendo pra quem gosta, e de vez em quando tem um multiplayer top tbm"
218215325,8.583333333333334,True,2,"o jogo é um ''diamante bruto'' alguns bugs em execute de monstros e problemas de otimização de movimentação, coisas que no seu jogo posterior foram arrumadas. toda via é um otimo jogo. 7/10 seria melhor se a campanha fosse maior."
218197394,18.133333333333333,True,0,gostei muito do jogo a historia e bem padrão mas amo as finalizações e o jogo representa mto bem o esquema do jogo antigo
218151757,17.65,True,0,"Para quem esse jogo foi desenvolvido? ( ) Espermatozóides ( ) Crianças ( ) Tudo e todos ( ) Adolescentes (x) Adultos ( ) Pessoas com o pé na cova -- Texturas, Gráficos, Lindeza? ( ) Parece com os gráficos dos jogos do Atari ( ) 220 x 120p ( ) Meia boca, tem piores (x) Dentro da média atual ( ) Melhor que os gráficos da vida real ( ) Isso veio de outra dimensão -- Game é otimizado? ( ) Irineu, você não sabe nem eu ( ) Tá travando, tá lagando... ( ) Mais ou menos (x) Jogável ( ) Perfeito -- Falhas ( ) O jogo em si é uma falha ( ) Bug pra todo lado, tipo tiro em favela no Rio ( ) Muitas falhas, mas dá pra jogar ( ) Bugs que são legais e não atrapalham (x) Sem falhas , que eu vi ( ) Esse jogo saiu perfeito do forno -- É difícil? ( ) Basta assistir o jogo ( ) Zera com uma guitarra ( ) Pega logo as manha, mas sempre normal (x) Bem desafiador, as vezes difícil ( ) Parece Dark Souls ( ) Equiparável a Dark Souls ( ) É necessário morrer (de verdade) pra zerar -- Tem uma história? ( ) Não, um Minecraft da vida ( ) Tem história só pra não dizer que não tem ( ) Dá pra gostar da história, se esforçando ( ) História boa e extensa, consegue te arrancar uma lágrima ou duas ( ) Nível The Last Of Us ( ) Dava pra fazer um livro (x) Deveria constar no currículo do Ensino médio -- Áudio/Músicas ( ) Nível do Funk Brasilero ( ) Jogue mutado ( ) Dá pra escutar (x) Os caras capricharam no áudio ( ) Baixe a playlist pra escutar no ônibus ( ) Toque o tema no seu casamento (vou colocar no meu) -- Trambolho necessário pra rodar ( ) Nokia 1995 ( ) Windows 98 sem placa de video ( ) Um PC decente, (x) Um PC já considerado gamer ( ) Invista no minimo 4k em hardware ( ) SLI de 1080ti ( ) Esqueça, a tecnologia atual não dá conta"
218105305,12.883333333333333,True,0,"Muito bom, fico pensando como que eu nunca tinha jogado essa reliquia gamer!! Joguei os antigos la do 64 1 e 2. Terminei esse e graças a bom GABE a franquia estava em promoção e acabei de comprar o 2, esperando o dark ages ficar barato e comprar ele tbm"
218052688,12.766666666666667,True,0,"Esse jogo é muito Foda. Se dar tiro em demonios enquanto escuta rock, nao tem nada melhor para dar uma desestressada super recomendo."
218029761,15.716666666666667,True,0,"é um estilo que gosto muito, um FPS sangrento e com muita ação, trilha sonora agressiva melhora mais ainda, aprovado"
217944759,8.783333333333333,True,0,"Que jogão da porr, era pra jogar só 5 minutos pra testar, fiz mais de 1h, o rock pesado no final da ""introdução"" ele engatilhando a arma no ritmo da música.🤌🏽 Resumindo: Tiro, rock pesado, explosão, demônio, tiro, emoção. Façam teste cardíaco antes de jogar, parabéns aos envolvidos, dêem um Oscar a eles."
217934923,47.416666666666664,True,0,"Finalmente... depois de muito tempo... eu finalmente conseguir jogar essa obra prima! Eu não tenho palavras pra descrever o quão maravilhosamente é esse jogo! As músicas, as armas, a ambientação, os inimigos... TUDO é perfeito! RIP AND TEAR!!!!!! 100000/10!"
217913316,15.5,True,0,sou foda na cama eu te esculacho na sala ou no quarto
217900864,9.266666666666667,True,0,"esse doom é uma maravilha, a maioria dos jogos da série é (menos o 3) eu adoro as finalizações."
217835904,11.316666666666666,True,0,"JOGO MUITO FOOOOOOOOD*, ate me deu adrenalina jogar isso aqui, super recomendo"
217804797,51.05,True,1,"Jogo muito bom, da vontade até de bater na minha esposa"
217789630,8.716666666666667,True,2,"Que jogo bom! O melhor jogo cristão que existe, simplesmente sair andando que nem louco matando demônio a torto e a direito ao som de um rock pesado de fundo é definitivamente umas das experiências gamers que já tive. Pra quem não gosta de jogo muito frenético, talvez vá se cansar com Doom, mas ainda assim o ritmo do jogo é equilibrado, não sendo longo o bastante pra cansar e ainda aproveitar a gameplay. Jogo esbanja testosterona pura pra quem chega cansado do trabalho ou escola e quer socar alguém, recomendo demais!"
217736935,9.166666666666666,True,15,"Jogo de Macho, se tiver um amigo gay da pra ele! E depois vocês podem jogar o seu game juntos."
217675638,15.433333333333334,True,0,"👿""O retorno triunfal dessa fantástica série"" Esse é um fantástico jogo, o combate é fluido, com ótima seleção de armas, a gameplay realmente te passa a ideia de ser um matador de demônios lendário, com uma trilha sonora fantástica, os mapas também são interessantes de explorar e apesar de lineares tem vários segredos e easter eggs escondidos, a história é interessante mas não é forçada em cima do jogador, basicamente é o pacote completo, extremamente recomendado, apesar do segundo jogo ter superado em todos os aspectos esse continua sendo uma experiencia divertida, recomendo tanto para quem quer começar a jogar a série quanto para aqueles que só jogaram os jogos seguintes e querem voltar para experimentar o primeiro."
217601103,35.233333333333334,True,0,"Simplesmente INCRIVEL, Eu ja tinha jogado esse jogo + ou - em 2017-2018 no ps4, após eu finalmente ter um pc, estava vagando por um tempo aqui na steam, quando eu percebo que ""doom 2016"" estava na promoção, decido comprar, *MELHOR INVESTIMENTO* esse jogo é sensacional, trilha sonora incrivel, combate fluido, graficos detalhados, e a otimização muito boa, pois meu pc (i5 4590s e rx 550) estavam apenas nos minimos, e mesmo no MÉDIO o jogo simplesmente roda lisinho, incrivel."
216442269,29.4,True,44,"DOOM é simples: tiro, velocidade, rock pesado e caos. Aprendi a jogar no teclado e mouse, virei outra pessoa. Me senti f0d@. Até meu saco escrotal produziu mais testosterona."
217578877,35.78333333333333,True,0,"Pra quem estava acostumado a jogar Brutal doom com todos aqueles billboards e sangue pixelado, jogar esse jogo por horas com um rock pesado tocando de fundo se tornou uma das minhas melhores experiências com jogos!"
217534250,33.733333333333334,True,0,"Quando você tá a 100 por hora num encontro bem pensado, equipados com runas e todas as armas, o jogo brilha. Quando ele tá tentando ser um metroid prime da shopee, é bem menos interessante. Esse jogo em particular, assim como quando eu terminei pela primeira vez muitos anos atrás, só clicou e passou a ser legit bom lá pra missão 5/6, antes disso é lento e meio chatinho. Eu também desgosto bastante do design visual do inferno, e algumas fases de lá. Zerei no ultra violence, e não sei se vou ter saco de voltar em algumas fases só pra pegar 1 runa ou os 4 segredos que deixei passar. Inclusive, algo que eu sei que o Eternal muda, por inúmeras vezes eu me liguei que deixei 1 ou 2 segredos no começo ou metade da fase, e o jogo não me deixa voltar, muito provavelmente por uma decisão de design, onde ele carrega o resto da fase, e não teria como voltar pra limpar o mapa, e isso desanima bastante, e me faz explorar de uma forma que eu não gosto nada. Mas é um bom jogo, muito bom se pá. Mas assim, trilha sonora>>>>>>>jogo."
217466067,34.65,True,17,"Recomendado apenas pra quem não tem problemas do coração: Risco de ataque cardíaco. Jogo frenético e que você faz cosplay de moedor de carne. Se você gosta de stealth, esse não é seu jogo. Mas se você quer um jogo para dizer: ""eu sou o bicho vindo"", vale cada centavo."
217342972,2.7,True,4,"Eu sou blindado pelo sangue do cordeiro E nem o inferno inteiro reunido Tem poder contra mim Eu sou invisível na guerra Flecha na aljava de Deus E o inimigo se levanta contra mim E eu venço tudo Tudo, tudo, tudo, tudo, tudo"
217309178,15.966666666666667,True,1,"DOOM 2016 é a prova de que fórmulas clássicas, quando executadas com polimento técnico e uma visão clara, são atemporais. É um jogo que não pede desculpas por ser divertido, barulhento e visceral."
168523908,32.5,True,0,Jogo pra jogar dps que chega do trabalho ou da escola
217133416,2.95,True,25,Outros jogos : Você está preso com demônios Doom : Os demônios estão presos com você
217046075,7.533333333333333,True,0,Ta rodando bem no Linux Mint XFCE ...Xeon 5675 /12gb ddr3 / 750 ti Lowprofile. Seloko ! Dell Precision T3500 metendo bala e segurando a onda ^^ .
216990929,39.766666666666666,True,0,passe uma fase apenas na QUINTA tentativa e se assuste com um demônio spawnando do seu lado;)
216985080,11.6,True,1,Matar Demonios e ouvir Metal pesado enquanto carrega diversas armas. É bom e Cristão
216948590,12.516666666666667,True,0,"Jogaço, facilmente um dos únicos jogos que mais me deram dopamina em pouco tempo, em minha opinião um dos melhores doom, 10/10🔥🔥"
216909005,51.1,True,0,"Jogo raiz estilo arcade, com movimentação simples e fácil. Trilha sonora raiz com o puro rock! Jogo muito bem otimizado com gráficos muito bonitos sem precisar de ray tracing e rodando em altos fps... Resumindo, pra quem gosta de um bom shooter com gore, um som porrada na orelha e movimentação simples, DOOM é o jogo!"
216877037,18.466666666666665,True,0,esse jogo me da vontade de atravessar a faixa de pedestres sem segurar a mão da minha mãe
216827345,32.266666666666666,True,5,"DOOM resgata a essência dos shooters clássicos com combate rápido, agressivo e extremamente satisfatório. A movimentação fluida incentiva o jogador a avançar o tempo todo, enquanto o sistema de execuções mantém o ritmo intenso e recompensador. O arsenal é variado e poderoso, dando liberdade para enfrentar os demônios de diferentes formas. A trilha sonora combina perfeitamente com a ação frenética, e o design das fases mistura exploração com arenas bem construídas. É um jogo que entende exatamente o que quer ser e entrega ação direta, sem enrolação."
216823516,10.5,True,0,O jogo tem uma história muito boa e consegue entregar uma ótima imersão. A trilha sonora é excelente e combina perfeitamente com a proposta do jogo. A experiência é envolvente do início ao fim e vale muito a pena jogar.
216820927,15.016666666666667,True,0,"Me incomoda muito os inimigos serem esponjas de balas; às vezes tu gasta toda a munição neles e nem sente que dá dano. Não sei se resolveram isso no Doom Eternal, porque eu só joguei o Doom The Dark Ages pelo Gamepass e aquele jogo é totalmente esquecível, então não lembro de como era lá. A conclusão é que o jogo é bom, embora os inimigos sejam umas esponjas de balas ambulantes"
216814812,3.8,True,0,"muito bono para católicos, so de pensar em fazer besteira e ser perseguido pelo DoomGuy por toda a eternidade e um bom motivo para não querer pecar :)"
216777041,9.216666666666667,True,0,"O jogo é muito frenético, cheio de ação e adrenalina, muito divertido, trilha sonora fenomenal, dificuldade justa e gameplay absurdamente insana, você sai matando um monte de demônios a troco de nada, bruto para um caramba, recomendo a todos, jogasso! Faelzin out..."
216658612,65.2,True,0,Me lembra a nostalgia do DOOM 2 muito bom de jogar hoje
216644076,15.25,True,0,O único jogo das últimas gerações que entendeu o que faz o Doom ser o Doom foi o próprio Doom
206827032,28.333333333333332,True,0,"Matar Demonios ao som de Metal, sensação de Poder Absurda, satisfação Pastor TUPIRANI, ""JUNTE SE E ENFRENTEM O MORTAL"""
216458219,32.93333333333333,True,0,"Rip and Tear, until is done. Doom (2016) é o exemplo perfeito de como revitalizar uma franquia clássica, provando que o pai dos shooters tem muito a inovar mas mantendo toda a estética antiga: velocidade, agressividade e diversão. A história nos coloca na pele do Doom Slayer após DOOM 64, que acorda em uma base de pesquisa da UAC em Marte. O local foi invadido por hordas demoníacas após experimentos com a energia do Inferno darem errado. A jogabilidade é o ponto alto: extremamente rápida e fluida. O pacing é magistral, alternando entre um combate frenético e sangrento, com momentos tranquilos para encontrar segredos que te recompensam bastante pra facilitar a gameplay. Diferente de outros shooters onde o protagonista precisa evoluir e ter cuidado, aqui você é o predador. O sistema de Glory Kill é maravilhoso e uma adição que marcou a franquia, sem contar a trilha sonora: Mick Gordon deu uma cara totalmente nova e interessante pra estética do game. Pra falar que o jogo não tem defeitos : a trilha sonora às vezes sofre com um timing estranho, especialmente durante as Glory Kills, onde o corte abrupto do som pode quebrar um pouco a fluidez da música, acontece muito no fim de um combate intenso também, você pode se frustar com a trilha sonora crescendo e do nada ela acaba pois seu combate foi encerrado. Além disso, muitos dos upgrades do Doom Slayer parecem irrelevantes, a maioria dos jogadores dificilmente se importa com melhorias passivas como trocar de arma mais rápido ou escalar um objeto mais rápido quando o foco total é em descarregar a escopeta na cara do cramunhão."
216427403,16.833333333333332,True,0,PQP estraçalhar demônios enquanto tem uma puta trilha sonora foda de fundo é muito bom
212484242,39.8,True,1,"Um belo de um reboot, da série épica do MS-DOS. Quem quer um jogo sem frescura, sem historia complexas, soundtrack animal, e que tenha o único intuito de matar demônio da forma mais brutal possível, esse jogo é para vc."
216298864,39.38333333333333,True,3,"Jogo simplesmente maravilhoso, não tenho como por em palavras a minha felicidade em poder ter jogado esse jogo. Mesmo com o meu notebook cansado, ele ainda conseguiu rodar o jogo tranquilamente. E uma dica, se você tá com muita dificuldade de passar alguma parte, pega o seu celular ou abre o navegador e coloca alguma musica gospel, é serio, você fica 1000% mais buffado."
216280182,14.433333333333334,True,1,"ötimo jogo para desestressar, não dei a mínima para a estória apenas saí matando geral"
216263756,61.43333333333333,True,1,Comprei um álbum pra treinar e veio um jogo de brinde como pré treino
216173912,13.85,True,1,muito brabo sair explodindo cabeça de demônio na bicuda e da tiro nos demônios até cansar os dedos
216097512,20.966666666666665,True,0,"O combate é fluido e épico. Apesar de algumas oscilações de dificuldade entre as fases comuns e os chefes, é um jogo muito bem feito e imersivo. ação direta, história sem enrolação e mecânicas simples. 8.7/10"
216051007,53.13333333333333,True,0,"Fiquei afastado da franquia Doom por um bom tempo... não estava curtindo aquele gameplay frenético que via nos vídeos postados. No entanto, arrisquei baixar esse Doom, que estava em promoção e meu único arrependimento é não tem baixado sua sequência imediata, que também estava com valor muito interessante. Seu gameplay é muito fluido, dá para se divertir bastante, nas horas de ação mais agitadas e dá para rolar também aquela parte onde a gente gasta um tempo maior, querendo, analisando o ambiente e procurando por segredos e afins. Recomendo muito!"
216015754,336.3833333333333,True,0,o goat dos fps um erdadeiro colosso é um jogo conforto meu um jogo sem nenhum defeito na minha opinião
215981966,9.683333333333334,True,0,"jogo mt bom, mas preferia ta jogando o eternal, mas sou pobre aí fd tudo..."
215931025,26.016666666666666,True,0,"10/10 SENSACIONAL, um dos melhores games que joguei ano passado. Gameplay divertida, fluída, rápida, e o principal.... Você é o DoomSlayer Não tem nem o que falar, nem como destrinchar o quanto esse jogo é bom, só desligue o cerebro, coloque um Metal pesado, e mate todos os demonios que aparecerem na sua tela. A historia não é nada de mais, mas não é necessário, pra o que o game se propoe (Que é ser um jogo pra desestressar e se sentir um protagonista fodão) ele é o melhor. Recomendação eterna, COMPREM ESSE GAME (Na promoção vale mais a pena ainda)."
215615023,6.166666666666667,True,0,"Não clicou comigo, nem consegui me importar o suficiente pra zerar. Mas eu reconheço que o jogo é ótimo, só não é o tipo de jogo que eu pessoalmente jogaria."
215605478,10.1,True,0,"Acho que definitivamente é a melhor releitura de Doom para os tempos atuais. Extremamente visceral e divertido do inicio ao fim. Tive alguns problemas ocasionais de bugs de colisão, mas nada que atrapalhasse minha jogatina. No geral é um 10/10, tanto em trilha sonora e gameplay."
198666509,100.31666666666666,True,0,"DOOM 2016 restaura o frenesi dos clássicos e é um marco enorme para a franquia, introduz muita coisa nova ao universo DOOM e a lore da série, agradeço de coração a todos os desenvolvedores por fazerem o jogo com tanto carinho, este será pra sempre meu DOOM favorito <3 (O esforço pra platinar vale a pena 100%)"
215523032,11.5,True,2,"Mesmo 10 anos depois do seu lançamento, DOOM segue sendo um excelente jogo que não envelheceu nada, é claro que suas sequencias melhoram muito a fórmula, mas este segue sendo um jogo excelente, com uma ótima jogabilidade, ótimas músicas e fases, é um jogaço e recomendo bastante, com certeza uma das melhores experiências FPS que se tem no mercado!"
215520710,68.08333333333333,True,1,"Você anda, atira nos capirotos, pisa neles, explode eles, o que mais você pode querer? História? O cara tá put* demais pra ficar morto, então ele sai por ae matando tudo que se move. Gráficos? Muito bom, você vai sair pingando sangue quando usar uma motoserra. Preço? Pega numa promo, 12 pila. É bom mesmo? É Doom, óbvio que é bom."
215428658,28.233333333333334,True,0,"O melhor FPS que eu já joguei, sem dúvida. No começo, a gameplay é um pouco complicada (pelo menos pra mim, que nunca tinha jogado algo nesse estilo tão acelerado), mas com pouco tempo você pega o jeito. Com os upgrades e a sua própria experiência, ao fim do jogo você passa a matar os inimigos sem maiores dificuldades: não é você que está preso com eles, eles é que estão presos com você. Se no início derrotar um Cavaleiro Infernal parecia complicado, agora você derruba quatro Barões do Inferno de olhos fechados. É um jogo frenético, com ação do começo ao fim, em que você não pode ficar um segundo parado, ou morre, especialmente nas dificuldades mais altas. Ainda que a gameplay seja excelente e a história cumpra bem o seu papel, o ponto alto do jogo é a trilha sonora (Deus abençoe o Mick Gordon), que também é a melhor que eu já ouvi (sim, é melhor que a de DOOM: Eternal). A essa altura, isso já é uma marca registrada da franquia, mas tudo começou com o jogo de 2016. Você conseguiria se divertir sem as músicas, mas descer o cacete nos demônios enquanto escuta BFG Division torna isso uma experiência única. Talvez o preço não seja dos mais convidativos, mas em promoções chega a 12 reais e não comprar nesse caso seria burrice. Depois dele você com certeza vai querer comprar o Eternal, que é bom, mas na minha opinião não é uma obra prima como esse de 2016. Por último, e não menos importante, o que fizeram aqui é praticamente bruxaria. Nunca vi um jogo tão bem otimizado. A não ser que você jogue em uma torradeira, é possível ter uma experiência muito agradável mesmo com um hardware mais modesto."
215400347,9.416666666666666,True,0,"Divertido, frenético e com gráficos bonitos. Se estiver pensando em comprar (principalmente em promoção), não pense mais: apenas compre."
215396883,4.0,True,1,"Fui jogar Doom achando que seria só mais um FPS normal, mas o jogo claramente tem um currículo em Psicologia do Caos e Treinamento Avançado em Exorcismo Digital. Cada nível é tipo: “Vamos ver se você consegue correr, atirar, pular e gritar ao mesmo tempo sem perder a cabeça” e, spoiler, você provavelmente vai perder. As armas são absurdas, cada uma mais satisfatória que a outra. A motosserra? Melhor que terapia. O lançador de foguetes? Um abraço carinhoso de 200kg que diz “vai, amigo, explode tudo!”. E os inimigos? Eles não apenas querem te matar, eles querem te humilhar. Você corre, eles voam, pulam, gritam, e você se pergunta se deveria ter ficado em casa jogando Candy Crush. Mas a sensação de esmagar um demônio gigante depois de 10 minutos de pânico absoluto é inigualável. Você sai do jogo suando, rindo e com uma vontade absurda de comprar mais jogos da id Software só para sentir essa mistura de terror e euforia novamente. Doom não é apenas um jogo, é um cardio para o coração e a alma, com direito a soundtrack que faz você se sentir um herói do apocalipse em câmera lenta. Se você gosta de adrenalina, violência exagerada, explosões que desafiam as leis da física e de gritar com seu teclado, este jogo é para você. Minha saúde mental sobreviveu por pouco, mas a diversão? Está em 100%."
71148484,37.4,True,0,"Só não é perfeito porquê aparece o nome Bethesda no inicio... Eu acredito que DOOM é uma franquia difícil de se trabalhar, muito por que os jogos clássicos possuem dois tipos de percepção diferentes. Há quem jogou na época e considerava o jogo assustador, de terror mesmo, e há quem jogou, ou na época ou tardiamente, e enxergou um jogo de ação. É até engraçado por que foi por causa do DOOM que os jogos de tiro no PC começaram a se popularizar, principalmente o multiplayer depois com Quake, também da ID. Anos atrás veio o DOOM III, que majoritariamente recebeu criticas ruins por ser muito Terror, se tornando um jogo mais aclamado futuramente, isso provavelmente fez com que focassem em trabalhar outro aspecto da franquia, o aspecto do combate e ação, então tivemos esse jogo, carinhosamente chamado de DOOM 2016. Então, focado em ação, esse jogo é PURA AÇÃO, é VIOLÊNCIA, MOVIMENTO, desde as finalizações brutais, impacto das armas até a trilha sonora, tudo pede que você siga em frente e DESTRUA qualquer coisa que pareça tentar te parar. Essa sensação é algo tão forte que o jogo te prende nisso, eu comparo com a mesma sensação de jogar God of War I, II e III, algo que poucos jogos conseguiram fazer tão bem. Só com isso a ID já tinha um jogo que se sustentaria por si só, mas foram além e iniciaram uma historia que é interessante e respeita os originais, não é a melhor historia que você vai ver em um jogo, mas é o suficiente e trabalha também para construir a mítica de que o seu personagem é uma força a ser temida por sua fúria e violência. A campanha tem um ritmo muito bem colocado, com segredos que referenciam os jogos antigos e desafios para desbloquear upgrades, o que adicionam pequenos fatores de replay, ou uma necessidade de explorar melhor os níveis, mas nada disso é necessário, você pode passar tranquilamente só seguindo para frente e matando tudo. Não sou nenhum critico da fase de Terror que o DOOM III fez, também respeita o jogo original, da mesma forma que esse jogo respeita tudo que DOOM criou sendo um FPS para PC, moldando formulas que viriam a ser repetidas por muitos outros. Um dos melhores FPS Single-Player que joguei, recomendo demais. E o online? É... Sem tempo irmão, nunca nem pensei em tentar jogar isso online, paciência... Só não é meu foco."
215263591,16.266666666666666,True,0,"Jogo extremamente violento! Mas se vc viu que tinha DEMONIOS na capa vc ja sabia, o jogo é incrível!"
215216306,47.35,True,18,"===Gráficos=== 🔲Atari 🔲140p 🔲Aceitável 🔲Bom ✅Ótimo 🔲The Witcher 3 🔲Red Dead Redemption II 🔲Cada frame foi pintado por Da Vinci ===Requisitos=== 🔲Qualquer coisa que conduza energia 🔲Uma calculadora com 1 pilha 🔲Um celular 🔲Um i5 com uma GTX 750TI ✅No minímo uma GTX 1660 🔲Pc com CPU e GPU muito boas 🔲4xRTX2080TI ligadas numa hidroelétrica ===História=== 🔲História? que história? 🔲Tem uma historinha ✅Uma história bacana 🔲Uma história digna de prestar atenção 🔲É sobre a vida real 🔲Feita pelo Tolkien ( prepare seus lenços) 🔲Platão escreveu junto com Machado de Assis e virou novela das 21h. ===Jogabilidade=== 🔲Uma merda 🔲Aceitável 🔲Jogabilidade bacana ✅Jogabilidade excelente ===Complexidade=== 🔲Jogo da velha é mais complexo ✅Fácil de entender 🔲Fácil de aprender, difícil de dominar 🔲É daqueles jogos que as pessoas ficam estudando 🔲Precisa de, no mínimo, 2 doutorados ===Dificuldade=== ✅Você escolhe a dificuldade 🔲Seu cachorro consegue 🔲Médio 🔲Quase Dark Souls 🔲Dark Souls 🔲Você precisa de reflexos instantâneos e 4 mãos ===Tempo de jogo=== 🔲Da jogar enquanto ouve 1 música 🔲Mais de 5 horas ✅Mais de 10 horas 🔲Mais de 30 horas 🔲Mais de 50 horas 🔲Mais de 100 horas 🔲Você começa, seu neto termina ===Tempo de platina=== 🔲Garapinha 🔲Mais de 5 horas 🔲Mais de 10 horas ✅Mais de 30 horas 🔲Mais de 50 horas 🔲Mais de 100 horas 🔲Você começa, seu neto termina ===Áudio, músicas=== 🔲É melhor jogar no mudo 🔲Aceitável ✅Muito bom 🔲Músicas escritas por Hans Zimmer 🔲Mozart escreveu junto com Beethoven ===Bugs=== ✅Nunca vi nenhum 🔲Pequenos bugs 🔲Pode ficar irritante 🔲Pode estragar a gameplay 🔲Nivel de Assassin's Creed: Unity ===Publico=== 🔲Crianças 🔲Adolescentes 🔲Adultos 🔲Moradores do porão da mãe que comem maionese ✅Tudo e todos ===Compensa Comprar? === 🔲IT'S FREE 🔲Preço justo 🔲Compre se tiver dinheiro sobrando ✅Espere uma promoção 🔲Caro demais não recomendo 🔲Mais fácil você queimar seu dinheiro"
215198269,27.233333333333334,True,0,"Cara simplesmente os demonios tão preso com você e você caça eles, literalmente o oposto de todos os jogos, ja preciso fala mais algo?"
215079048,6.85,True,0,"Doom é sempre um ótimo game, super divertido detonar demônios."
215011265,30.433333333333334,True,0,Foi o primeiro jogo que eu comprei em 2026 feliz ano nova 10 de 10
214970338,18.116666666666667,True,0,"gore, heavy metal, doze de cano duplo serrado, demonios, inferno e armas fodas = master piece (skibidi toilet)"
214945862,13.766666666666667,True,4,"O revival definitivo de uma das franquias que marcou o mundo dos FPS, e dos games em geral. Dessa vez, o jogo traz uma nova história, revisitando o “lore” de DOOM com uma pegada moderna e brutal. Esse é um shooter muito competente no que se propõe: carnificina pura e tiro pra todo lado! Aqui você “exorciza” demônios na base da bala (ou da porrada hahaha). O arsenal é variado, os inimigos são diversos e os combates são frenéticos, ainda mais nas dificuldades mais altas, onde o jogo fica BEM desafiador! Os cenários incentivam um pouco de exploração, mas no geral seguem uma estrutura mais linear. Ainda pretendo jogar as sequências (DOOM Eternal e DOOM: The Dark Ages), os quais ouvi falar muito bem. Recomendo demais esse jogo, tanto pra quem busca um FPS de qualidade quanto pra quem tem carinho pelos jogos originais e quer revisitar a franquia com visuais e gameplay modernos :) — The ultimate revival of one of the franchises that shaped the world of FPS, and gaming as a whole. This time, the game brings a new story while revisiting DOOM’s lore with a modern and brutally intense approach. This is a shooter that absolutely nails what it sets out to do: pure carnage and non-stop gunfire! Here, you “exorcise” demons with bullets (or with your fists hahaha). The arsenal is varied, the enemies are diverse, and the combat is fast, frantic, and brutally fun, especially on higher difficulties, where things get REALLY challenging! The levels encourage a bit of exploration, though they generally follow a more linear structure. I still plan to play the sequels (DOOM Eternal and DOOM: The Dark Ages), which I’ve heard great things about. Highly recommended! Whether you’re after a top-tier FPS experience or just want to revisit this legendary franchise with modern visuals and gameplay :)"
189117431,20.433333333333334,True,1,"uooooou JA VIREI MATADOR DE DEMONIO, VOU EXORCISAR A XUXA TCHAU"
214769568,7.433333333333334,True,0,Estripar e lacerar a melhor coisa pra fazer nesse jogo
214742085,15.2,True,0,"Jogabilidade frenética, ambientação brutal e muito rock metal - não tem como dar errado. Na minha opinião, um jogo quase obrigatório para quem curte FPS. E a sutileza do Doom Guy é algo realmente cativante."
166629898,43.766666666666666,True,0,"A essência da ação pura, brutal e incrivelmente divertida DOOM (2016) é o tipo de jogo que não pede licença, não perde tempo e já começa te jogando direto no caos — e isso é exatamente o que o torna tão incrível. Ele resgata a alma clássica da franquia e transforma em algo moderno, intenso e extremamente satisfatório, entregando um FPS rápido, direto e violento no melhor sentido possível. Desde os primeiros minutos a sensação de poder é clara. O ritmo é acelerado, os combates são frenéticos e cada arena vira um verdadeiro campo de massacre onde reflexo, movimentação e agressividade fazem toda a diferença. Não existe “se esconder atrás de cobertura”, aqui o jogo incentiva o jogador a avançar, enfrentar os demônios de frente e destruir tudo pelo caminho. As execuções corpo a corpo, as armas icônicas e o fluxo constante de ação fazem cada batalha parecer uma dança caótica e empolgante. Visualmente, DOOM impressiona demais. Os cenários são detalhados, cheios de atmosfera infernal e tecnologia futurista, com um nível de polimento que deixa cada combate ainda mais impactante. A trilha sonora é outro espetáculo à parte: riffs pesados, batidas agressivas e músicas que se encaixam perfeitamente na brutalidade da jogabilidade, elevando a adrenalina a todo momento. A campanha é bem estruturada, com níveis variados, segredos escondidos e um ritmo que nunca cansa. O jogo sempre oferece algo novo, seja uma arma diferente, um inimigo mais desafiador ou um ambiente ainda mais insano. Não é apenas tiro por tiro; é um FPS pensado e extremamente bem executado. No geral, DOOM (2016) é um retorno glorioso de uma das maiores franquias de tiro já criadas. Rápido, brutal, estiloso e viciante, ele entrega exatamente o que promete: pura diversão em sua forma mais intensa. Se você gosta de ação sem frescura, combates espetaculares e uma experiência que te mantém ligado o tempo todo, este jogo é obrigatório. Recomendo sem hesitar. Nota 10/10"
214724483,16.883333333333333,True,0,"Não tem cover. Não tem conversa. Não tem dó. DOOM é basicamente: andar pra frente, atirar, esmagar demônios e ouvir metal no talo. História? Existe. Mas ninguém liga. O que importa é: rip and tear até acabar. ✅ Combate perfeito ✅ Trilha sonora que dá +50% de dano ❌ Pode acabar rápido (igual a paz dos demônios) Veredito: joga, aumenta o volume e resolve tudo na violência. Obra-prima."
214642169,17.083333333333332,True,0,"Delícia de jogo cara, que façam uma DLC de Doom e hazbin hotel."
214600046,12.666666666666666,True,0,"MATARR E ESTRIPARR!!!!!! jogaço da poha, tiro porada e rock!"
214564150,14.283333333333333,True,0,"esse jogo é basicamente isso: atire em tudo e todos, e toma esse heavy metal abençoando seu ouvido 🔥🔥 esse jogo é muito bom, recomendo demais"
214502705,14.466666666666667,True,0,"as 17 horas melhores da minha vida, simplesmente não tenho oq falar que jogasso, literalmente ir no inferno e voltar, matar milhares de demonios virou meu vicio."
214480252,21.166666666666668,True,1,"primeiro contato com a série doom, e apaixonei, jogão com rock louco"
214400967,0.7,True,0,"achei muito bom, gostaria mais se rodasse no meu pc, mas fazer o quê?"
214388305,15.766666666666667,True,0,"Jogo mt top, os desingnes na minha opinião são melhores do que os do Eternal e do Dark Ages"
214301798,43.266666666666666,True,1,Jogo estupidamente bom. É um massacre frenético de demônios com heavy metal paulera. Com certeza vou para o Eternal
214285982,16.25,True,0,"tiro em demonio,tiro em demonio robô,tiro em demonio gordo,tiro em velha possuida por demonio caveira aranha robô e mto rockroll"
214253159,29.3,True,1,"O Doom (2016) é um jogo muito bom; ele revitaliza a série Doom, que estava estagnada, e ainda pavimenta o caminho para o Doom Eternal, que muitos consideram o melhor título já feito. Contudo, o jogo não é perfeito: o ritmo é um pouco lento e as cutscenes não podem ser puladas."
214200328,10.6,True,0,"Quando era jovem e só gostava de jogo competitivo, sempre achei que DOOM fosse braindead, do tipo ""só andar e atirar"". Agora to veio e só quero um joguinho pra me divertir por alguns minutos, se estressar nem gastar muito tempo. E to apaixonado pelo DOOM. Não é só a jogabilidade, a ambientação é uma verdadeira obra de arte. Me faz querer consumir mais coisas desse gênero ""infernal"". A história parece boa também, apesar que ainda to no começo do jogo."
214101094,10.0,True,0,"O MELHOR DOOM, MUITO MELHOR QUE O 2020 E O ATUAL"
214098408,10.483333333333333,True,0,jogo muito gostoso de se joga mata demonios na mao e é que nem ser padre vc exocisa os demonios na bala 10/10
214065230,24.916666666666668,True,0,"jogo muito top!! primeiro doom q eu joguei na vida, gostei tanto de primeira q decidi platinar este belo jogo, perfeito para jogar enquanto escuta musica"
214048735,9.766666666666667,True,0,"jogo de macho alfa,testostrona no talo o Doom Guy e foda,matar demonios e relaxante demias 11 de 10"
214032884,21.983333333333334,True,0,"Muito bom! Um religioso lutando contra demônios no Inferno, recomendo fortemente."
214012165,8.666666666666666,True,0,"Definitivamente um dos jogos que já zerei. A gameplay é maneira e a trilha sonora é muito boa. Achei um pouco repetitivo em alguns momentos, talvez FPS não seja muito a minha praia. No geral, dá pra se divertir"
213936134,11.683333333333334,True,1,Mt bom! Um dos melhores da franquia!! Se n o melhor!!!
213875710,7.833333333333333,True,2,"Tenho 42 anos, conheço DOOM desde a adolescência, mas nunca joguei, Fotos em revistas, depois internet, videos, as famosas notícias de que o clássicoroda até em bactéria etc, e agora decidi ver como era. Fiquei feliz em descobrir sem querer um pedacinho do clássico escondido neste remake, mas no geral, acho bem curto. FRENÉTICO pra car@leo e não dá para dormir. Se piscar, já era rsrsrs Mas fica o gosto de quero mais."
213791573,24.916666666666668,True,0,"Ótimo jogo, recomendo!!! Tentei zerar no ultraviolento mas não consegui, insano de bom e desafiador!!"
213750452,15.283333333333333,True,4,Doom é o tipo de jogo onde você sai matando tudo pela frente ao ponto que nem percebe que o monstro na sua frente é o boss final 10/10
213747865,14.7,True,0,"Jogo muito Doido e frenético com pancadaria do início ao fim, eu gostei!!!"
213731885,12.566666666666666,True,0,"Prefiro o Eternal ,Mas esse também entrega apura Adrenalina do Doom , Estripar e lacera !!!"
213590123,12.633333333333333,True,0,"Sério o que dizer e Doom,compra e seja feliz embarcando em uma verdadeira cruzada contra os chifrudos e capirotos kk."
213474032,52.53333333333333,True,0,"Simplesmente perfeito: história simples e bem contada, ação frenética e muito sangue demoníaco derramado!"
213322790,26.45,True,0,"Tá maluco? Que jogo gostoso! Tiro, explosão, bazuca, moto serra, arranca a cabeça fora... Assim que é bão!"
190427579,10.983333333333333,True,0,"kill demons with death metal on the hell, what do you want more than this? doom is doom, and doom is eternal! such a holy and frenetic game i played, MASTERPIECE"
213317244,13.716666666666667,True,1,"As falas ""não sou eu que estou preso com vocês. Vocês que estão presos comigo!"", nunca fez tanto sentido quanto neste jogo. A essência é simplesmente uma, ouvir rock e descer chumbo em qualquer demonio que estiver pela frente! E assim como o Doomguy que ta nem ai pro objetivo e o negócio é descansar apenas quanto TODOS os demonios estiverem mortos, tu acaba pegando isso pra si mesmo, ja q um determinado a hora de jogo, tu ja ta nem ai, o negocio é realmente destruir todos os demonios que estão pela frente com todos os tipos de arma! Enfim, 10/10 - JOGO INCRIVEL!"
213241444,26.183333333333334,True,0,"jogo muito bom, batalhas freneticas e com uma jogabilidade muito fluida , ainda n zerei mais ate aqui ta muito FD"
213236611,21.333333333333332,True,1,"Peguei Doom 2016 e Doom Eternal no desconto de 80% de novembro, é o meu game favorito de FPS por conta do ritmo e essa pegada Doomer Shooter que eu amo, simplesmente perfeito, o Doom 2016 é lindo e embora a campanha seja pequena tem outros modos que prolongam essa sensação de estar no mundo de Doom. Na minha zerada levei 20hrs, peguei 21/54 conquistas e 24/26 colecionaveis"
213230223,50.666666666666664,True,0,"Minha história com Doom: -2015, vejo meu irmão vendo gameplay do zangado -gosto para um krl do jogo -jogo 2016 -zero o 2016 “quando vai lançar o próximo?” -2018, teaser Doom eternal -2019 trailer de gameplay “pqp só vem logo” -vejo q foi adiado para 2020 “PUTA MERDA VSF” -pandemia começa -ganho 20kg de gordura -fico com 169 com 90kilos -começo a jogar brutal doom para passar a vontade q eu tenho pelo jogo -“porra bicho, chega disso, tenho q ficar forte” - compro doom eternal em 2021 no ps4 -entro definitivamente na academia -fui internado -conheci minha namorada no pós operatório -volto para academia final de 24 -começo a ver progresso para um krl -dps de 1 ano to carregando 90kg no supino livre, 35 no inclinado com halter, agachando 100kg e remando 90 de cada lado -objetivo concluído, 1,80 com 80kg Resumindo, jogue doom enquanto dá tempo, vc vai ganhar mais testo."
213145980,9.966666666666667,True,0,"mescla perfeita entre clássico e moderno, e ainda, consegue ser bonito depois de quase 10 anos, quero exterminar mais demônios"
213081903,91.78333333333333,True,0,"SIMPLISMENTE... DOOM! Jogo completamente absurdo, chega ser satisfatório obliterar cada ser demoníaco como se cada tiro fosse um aviso para todos os seres do inferno de que a hora deles vai chegar! UAHAHAH! A única reclamação é que o jogo não deixou eu dar um tiro no Samuel Hayden, dês da primeira chamada de voz dele já fiquei com vontade mais enfim, jogue Doom"
213053544,2.8,True,0,"começo o jogo, aparece varios bixos em minha volta, mato eles da pior forma possivel, ganho um traje e uma escopeta, faço rios de sangue de demonios, absolute cinema"
213043352,22.55,True,0,metal e esfoliação de demônio. (uma das melhores trilhas sonoras já feita em games)
212979428,10.833333333333334,True,0,"jogo simplesmente bsurdo, bossfights muito boas, muito frenetico, animções de finalização perfeitas, jogo impecavel, bom dms dms"
212941104,39.15,True,0,"é um jogo muito pika, vale muito a pena recomendo demais"
212934515,11.733333333333333,True,0,"De longe um dos melhores jogos de ação q vc pode jogar, te deixa com nervos completamente a flor da pele principalmente se estiver jogando em dificuldades mais altas onde com poucos danos vc ja pode morrer, oq te obriga a sempre estar em movimento e utilizar todo o arsenal q o jogo te der aqui n é pra ter medo de gastar bala, descarrega tudo em cima de todos os demonios q estiverem na sua tela, alem de ficar constatemente trocando de arma e usando seus tiros alternativos acabou a munição? é so puxar a motoserra e abrir um boneco no meio pra recuperar toda ela de novo esse jogo sabe pelo oq é conhecido e entrega tudo isso e ainda mais!"
212880073,21.05,True,0,"Uma ótima reformulação da franquia, inovando sem perder sua identidade, com uma campanha mais profunda e um foco maior na narrativa, um dos problemas é a falta de variação de gameplay, ele se repete o jogo todo, você entra numa sala e acaba com tudo que jogam em você, com alguns momentos de plataforma, não tem muito respiro, mas por conta de não ser um jogo muito longo você nem repara, e o nivel de dificuldade escala muito, com uma otima variação de inimigos que pedem abordagens diferentes, oque fica bem desafiador, otimo pra quem é fã e pra quem está conhecendo a franquia, já o modo online... não posso falar muito, demorou muito pra achar jogadores e eu desisti"
212873098,6.866666666666666,True,1,"se oração já não funciona. só resta meter bala, amém."
200338677,11.55,True,0,"É MUITO BOM O gráfico é bom mas ao mesmo tempo leve, mesmo meu pc não sendo um dos melhores roda perfeitamente a gameplay é a clássica de Doom, animações insanas. Se você gosta de FPS e de Doom TEM QUE JOGAR"
212852931,41.333333333333336,True,0,"eu queria comprar um jogaço, comprei um jogaço e ainda ganhei uma playlist de metal inteira"
212783131,9.266666666666667,True,0,"matar monstros escutando rock, oque mais um homem poderia pedir"
212742776,13.583333333333334,True,0,"Doom, lançado em 2016, funciona como um soft reboot da saga e ocorre depois dos eventos de Doom 64, ignorando a história de Doom 3. Passando-se em 2149, Doomguy tem o dever de acabar com todos os demônios da base marciana da Union Aerospace Corporation, comandada pelo Dr. Samuel Hayden, que tem como objetivo drenar energia do inferno para resolver a crise de energia que o planeta Terra sofre. O problema é que nosso protagonista terá que batalhar com criaturas perigosas em diferentes dimensões, lutando por sua vida."
212737660,9.033333333333333,True,0,"daora para ficar calmo, mas muita matança, tipo, muita mesmo"
212684288,16.25,True,0,"DOOM 2016 é simplesmente uma das experiências gamers mais másculas que se pode ter, é simplesmente rock de fundo e debulhação de demônio na porrada e na bala. Definitivamente muito bom, nada a reclamar, a trilha sonora é um tesão, a gameplay é foda e os colecionáveis não são em uma quantidade absurda. A única mínima reclamação que eu faria é a quantidade de inimigos, mas sinceramente, por mais que podiam ter mais variações, não senti falta durante a jogatina, então talvez esteja na medida certa também. Dito isso, recomendo de mais essa obra prima aí!"
212623521,54.18333333333333,True,0,"Jogão, muito bom, vale cada centavo, estou jogando no dia 05, do mês 12 de 2025 e o jogo envelheceu que nem vinho, é muito bom"
212601395,11.966666666666667,True,0,Um dos melhores fps ja lancados! O jogo eh frenetico!
212583924,8.85,True,0,"jogo dahora, muito satisfatoria meter a bala no cu de geral"
212583520,14.266666666666667,True,0,"O começo não me pegou muito, mas durante a campanha, a qualidade do jogo aumenta demais. A performance, gameplay e trilha sonora são os pontos altos do jogo, e incrivelmente a história do jogo me pegou ao ponto de ler todos os textos. As únicas coisas que me incomodaram um pouco é o comecinho meio meh e mais pro final do jogo acaba ficando um pouquinho repetitivo."
212582583,34.7,True,0,Se existe uma serie de jogos mais cristã que essa eu desconheço!
212582536,9.1,True,0,nada melhor doq meter bala nos filhos de satanás escutando rock pauleira
212520519,22.95,True,0,"Jogo irado!!!,acabei de zerar ele e com toda certeza vou jogar os outros da franquia doom."
212500367,11.833333333333334,True,0,"NÃO AGUENTO MAIS MORRER, OLHA QUE EU AINDA ESTOU NO INICIO DO JOGO, mas sem contar a dificuldade (não que isso seja algo ruim) o jogo é bom."
212409799,43.1,True,1,"jogo difícil da boba do rato, gráficos nota 10 e doom é cultura."
212372693,9.016666666666667,True,2,"DOOM (2016) DOOM é pura catarse. Nada de enrolação: você entra, pega as armas e simplesmente destrói tudo que aparece na sua frente. A movimentação é extremamente rápida, o combate é viciante e a trilha sonora te empurra pra frente o tempo todo. A campanha inteira é um ritmo frenético, sem perder a mão na hora de variar os combates e arenas. É aquele tipo de jogo que você termina suando e sorrindo. Não é complexo, não tenta contar uma grande história, e sinceramente, não precisa. É DOOM voltando às origens do melhor jeito possível."
212355397,15.333333333333334,True,0,"Muito bom, todo boomer shooter deveria se basear nele quando for fazer algum jogo do genero, mas eu acho que daqui um tempo ele vai envelhecer e ficar datado, mas continua sendo um jogo incrivel honestamente, mas o eternal da 100 a 0 nele"
98009821,32.63333333333333,True,0,"Jogo muito bom, recomendo... porém, depois de jogar o Eternal, é muito difícil voltar para esse."
212209776,17.0,True,0,Matar todo mundo da forma mais brutal possivel e fodase = absolute cinema ( motosserra melhor arma do jogo e partiu jogar o eternal )
211983210,11.05,True,8,"===NOTA=== 9,5/10 ===Gráficos=== 🔲 Atari 🔲 Paint 🔲 Aceitável 🔲 Bom ✅ Ótimo 🔲 The Witcher 3 🔲 Red Dead Redemption II 🔲 Cada frame foi pintado por Da Vinci ===Requisitos=== 🔲 Qualquer coisa que conduza energia 🔲 Uma calculadora com 1 pilha 🔲 PC da XUXA ou HOTWHEELS 🔲 PC de entrada ✅ PC Gamer 🔲 PC Master Race 🔲 PC com i9 14900K + 2x RTX 4090 (jogo mal otimizado) ===História=== 🔲 História? que história? 🔲 Tem uma historinha ✅ Uma história bacana 🔲 Uma história digna de prestar atenção 🔲 É sobre a vida real 🔲 Feita pelo Tolkien ( prepare seus lenços ) 🔲 Platão escreveu junto com Machado de Assis e virou novela das 21h. ===Jogabilidade=== 🔲 Precisa de dois dedos pra jogar 🔲 Aceitável (4 dedos pra ser específico) ✅ Jogabilidade bacana 🔲 Jogabilidade excelente ===Complexidade=== 🔲 Jogo da velha é mais complexo 🔲Fácil de entender ✅ Fácil de aprender, difícil de dominar 🔲 É daqueles jogos que as pessoas ficam estudando 🔲 Precisa de, no mínimo, 2 doutorados ===Dificuldade=== ✅ Você escolhe a dificuldade 🔲 Seu cachorro consegue 🔲 Da pra zerar com uma batata de controle 🔲 Fácil 🔲 Médio 🔲 Quase Dark Souls 🔲 Dark Souls 🔲 Você precisa de reflexos instantâneos e 4 mãos ===Tempo de jogo=== 🔲 Da pra jogar enquanto ouve 1 música 🔲 6h ✅ 12h 🔲 24h 🔲 48h 🔲 62h+ 🔲 Você começa, seu neto termina 🔲 Praticamente infinito (Rogue Like) ===Áudio, músicas=== 🔲 Beep 🔲 É melhor jogar no mudo 🔲 Aceitável ✅ Muito bom 🔲 Músicas escritas por Hans Zimmer 🔲 Mozart escreveu junto com Beethoven ===Bugs=== ✅ Nunca vi nenhum 🔲 Pequenos bugs 🔲 Pode ficar irritante 🔲 Pode estragar a gameplay 🔲 Assassin's Creed: Unity 🔲 Cyberpunk 2077 ===Publico=== 🔲 Crianças ✅ Adolescentes ✅ Adultos ✅ Moradores do porão da mãe que comem maionese 🔲 Tudo e todos ===Compensa Comprar? === 🔲 IT'S FREE 🔲 Preço justo 🔲 Compre se tiver dinheiro sobrando ✅ Espere uma promoção 🔲 Caro demais não recomendo 🔲 Mais fácil você queimar seu dinheiro"
211787257,11.05,True,0,"Cinema. É basicamente um jogo de tiro em primeira pessoa perfeito, e tudo que o compõe explica o que eu quero dizer: - Jogabilidade fluída e extremamente satisfatória, quase viciante - Trilha sonora foda - Gore exagerado e criativo, ou seja, perfeito - Sistema de progressão que te dá a sensação de poder conforme você evolui Sinceramente não acho que poderiam ter feito um remake melhor de DOOM, encapsula tudo que eu imaginei que um DOOM seria em um remake brilhante. A história é meh, mas ninguém joga DOOM pela história então...serve. Nota final: 9/10"
211735146,24.75,True,0,"Jogo muito bom para quem gosta do genero FPS, Rock pesado e muita, mais muita carnificina!! |_|"
211675831,9.883333333333333,True,0,Meu primeiro contato com a franquia e to achando mt foda
211650536,11.616666666666667,True,0,"Jogo muito bom, boa progressão e niveis na dificuldade certa."
211032459,10.416666666666666,True,0,estava preso matei um demonio me libertei dilacerei outro demonio na porrada jogo 10/10
210946378,24.683333333333334,True,0,"DOOM (2016) é a definição moderna de adrenalina pura: um massacre demoníaco estiloso, brutal e absurdamente satisfatório. Desde o momento em que o Doom Slayer acorda, sem dizer uma palavra, já fica claro qual é a proposta: velocidade, violência catártica e zero paciência para burocracia demoníaca. A campanha é um espetáculo de ação ininterrupta, onde cada combate parece uma dança frenética entre armas absurdamente poderosas, hordas de demônios furiosos e um protagonista que resolve tudo na base da bala… ou da Glory Kill mais próxima. O level design é inteligente, com arenas que incentivam movimento constante. Parar é morrer, e o jogo te lembra disso com prazer. É impressionante como DOOM transforma combates em puzzles dinâmicos: gerenciar munição, vida, posicionamento e ameaças se torna um fluxo natural, quase musical. Falando em música: a trilha de Mick Gordon é absolutamente insana. O metal industrial não só combina com o clima do jogo, como amplifica cada segundo da ação. Quando a guitarra entra, você sabe que é hora de transformar demônios em confete. Visualmente, o jogo é um espetáculo. Marte e o Inferno são reconstruídos com um nível de detalhe grotesco, estiloso e cheio de personalidade. O design dos demônios é ao mesmo tempo moderno e nostálgico, trazendo o melhor dos clássicos para um formato atual e imersivo. Por fim, DOOM (2016) acerta no que realmente importa: é divertido do começo ao fim. Não perde tempo com enrolação, não tenta ser algo que não é. Ele sabe exatamente o que o jogador quer, e entrega em dobro. Se você gosta de FPS intensos, agressivos e com a alma dos clássicos, esta é uma experiência obrigatória. — Rip and tear. Until it is done."
210895493,11.833333333333334,True,4,"DOOM é DOOM né mano, dispensa apresentações mas sinceramente vsf o final desse game em específico, tu passa o game abrindo caminho pra fora do inferno pro robô fdp te empurrar de volta pra lá."
210482015,14.116666666666667,True,2,muleke cheio de ódio trazendo o desespero e terror ao inferno enquanto vibra com New Jeans - OMG
210156256,12.616666666666667,True,0,"É muito relaxante sair metendo bala e porrada em demônio, com uma trilha sonora pesadíssima de rock 10/10"
209980578,19.25,True,0,9/10 Conquista de multiplayer é coisa de filha da puta
209598482,65.11666666666666,True,1,"""Eles são furiosos, brutais, sem piedade. Mas você... você será pior. Destrua e dilacere, até que tudo esteja terminado."""
209555956,21.916666666666668,True,3,"Jogo pra descontar sua raiva em monstros, matança cabulosa, muito sangue e quebradeira. Excelente pra jogar na onda do boldin. Compensa esperar uma promo, totalmente imersivo o game!"
209462230,18.8,True,0,Movimentar-se o tempo todo e matar o que aparecer. Simples e prazeroso.
209304653,40.483333333333334,True,0,"pra quem gosta de gore e despedaçar demônios, bom, é DOOM...."
209146414,17.216666666666665,True,0,"ótimo jogo, frenético, simples, ótima exploração, Doom é hoje sem duvida a melhor franquia de ação frenética para pc!"
208854724,17.0,True,2,"Que jogasso do cacete! Vale a pena pra caramba, desde o começo. Quando você está na ação, simplesmente o jogo te da mob a todos os lados, e quando está nas partes finais do jogo, ai que o negócio fica brabo. BOM DEMAIS!"
208150093,16.75,True,0,"O melhor jogo que já joguei na minha vida, pretendo platinar, acho que nunca terei uma experiencia tão incrível na minha vida denovo, Musica Incrível, Gameplay Inacreditavel, valeu CADA centavo"
207996618,2.816666666666667,True,0,"Muito relaxante de jogar e sair matando por aí, podendo ajusta a dificuldade como bem entender (desde uma jogatina para desestressar, quanto um desafio de tiroteio). E os gráficos são muito agradáveis também."
207924121,13.083333333333334,True,0,"Não tem como não recomendar essa dose gratuita de dopamina. Tem uma boa trilha sonora, visuais e gameplay. Se você já gosta da série clássica, isso aqui é um presente para você. E mesmo que seu núcleo jogo se baseie em andar e atirar, é DOOM cara! Atira mais e reclama menos."
207890253,10.616666666666667,True,0,"Um jogo em que você sequer precisa entender a história. Aperte W, mate o diabo (claramente um jogo evangélico) e escute um rock pesadíssimo. Se você quer só um jogo para esquecer da vida após o trabalho, DOOM é pra você."
207839555,15.233333333333333,True,1,"curti demais zerar doom, mano, matar demônio no inferno é bom pra um caralho, sangue voando pra todo lado, cada tiro uma explosão de tripa e gritaria. doom é aquela parada frenética, não dá tempo nem pra respirar, só corre, pula, atira, e se vacilar toma na cara. trilha sonora agressiva, arma pesada, cenário insano, tudo combinando pra deixar a vibe insana, aquela dose de adrenalina que só doom entrega. eu gosto de sangue, quanto mais sangue melhor, cada fase uma carnificina digna de filme de terror. não tem conversa fiada, é matar ou morrer e eu sempre prefiro matar. doom é perfeito pra quem curte caos, demônio e violência virtual sem freio, brutal."
207836405,16.9,True,11,"Andei tanto nas sombras, que hoje os demônios só dormem de luz acesa com medo de mim. Você não está aqui pra salvar ninguém, está aqui pra transformar o inferno em seu quintal particular. Cada corredor guarda um segredo, cada sala uma piada cruel: “Quem riu por último, explodiu primeiro.” Demônios têm planos, mas você é o contratempo que ninguém pediu."
207720337,7.816666666666666,True,0,"Doom é Doom né, não tenho nem o que dizer sobre o jogo, pois todo mundo sabe o que é. Saudades Mick Gordon."
207691751,44.45,True,0,a melhor forma de enfrentar os seu demonios e obiviamente com uma MOTOSERRA E UMA ESCOPETA quem precisa de psicologo se da pra sentar a bala nos demonios 10/10
207496260,11.9,True,0,"jogo absolutamente cristão, passamos todo tempo matando demônios, nota 10!"
207428858,11.283333333333333,True,0,"jogo muito foda, muito rock, muita porradaria, me sinto um pastor ungido de fe com uma calibre doze exorcizando demoneos em marte"
207303362,26.333333333333332,True,0,ir pro inferno mata demonio do jeito mais estiloso possivel
207273098,20.783333333333335,True,0,"gráficos excelentes trilha sonora muito boa efeitos sonoros excelentes jogabilidade excelente historia razoavelmente boa particularmente falando eu acho o melhor da franquia, ele combina o estilo antigo com um leve toque de modernidade. com certeza, um dos melhores jogos que já joguei super recomendo, para quem gosta deste estilo. o estúdio esta de parabéns, os gráficos são de um nível de detalhamento incrível, a equipe de programação dá um verdadeiro show de como se programa uma engine de jogo. sem contar nos efeitos sonoros e tudo mais, sem sombra de duvidas o melhor que já joguei............."
207106692,30.116666666666667,True,0,"Tiroteio pra todo lado, demônios sendo esquartejados, vísceras na tela, assasinato e muita baixaria, tudo que a família tradicional brasileira adora, jogo mais cristão que isso impossível."
207106391,44.85,True,0,que jogo do k7 melhor forma de desestressar minhas vointades mais profundas de raiva e odio recomendo pra geral jogar 1000000000000000000000000000000000000000000000000000000000/10
206657789,8.316666666666666,True,2,"Não posso falar quanto a história, não prestei atenção mas é um excelente jogo de fim de semana."
206600720,5.65,True,0,Jogo e muito bom gostei de mais as trilha sonora e bom de mais eu já joguei dooms antigos kkk muito bom
206569812,17.983333333333334,True,0,"Reboot incrível, os cara pegou a nata do ngc e modernizaram perfeitamente. Muito massa essa temática mais sci-fi que ele tem, deu muito certo"
206573791,23.033333333333335,True,0,Compra sem medo que é bão demais! Mas se for na promo
206568207,13.1,True,2,"Peak game !!! Design, música, jogabilidade,, tudo é frenético e incrível!"
206487779,24.0,True,0,brutal!!! é fantastico sair matando demonios. podem compra sem medo
206324846,12.45,True,1,"Não perde em nada para jogos recentes em todos os quesitos. Jogo muito divertido, gameplay excelente e fluida, e muita ação."
206289438,35.266666666666666,True,0,"NÃO TEM JEITO, É ELE, O MAIOR DOS MAIORES, PAI DO SHOOTER FPS, REI DO ZANGUE ZORRANDO, VIDA LONGA AO TODO PODEROSO, DOOM."
206285506,9.183333333333334,True,1,"DOOM, jogo nostálgico, maravilhoso, joguei muito no super nintendo doom 1 e 2, e também joguei no nintendo 64 o doom 64, curti muito esse novo doom, até que ficou bem fiel aos games clássicos, o jogo é muito satisfatório de jogar assim como era os clássicos, relaxante, e divertido, recomendo para quem é fã da saga, e também para aqueles que não conhece Doom ainda é um ótimo jogo e uma excelente oportunidade para está conhecendo!"
206278625,3.466666666666667,True,0,mto foda toda vez q eu jogo eu imagino que os demonio sao meu chefe e tomo a msm surra q eu tomei o dia td no trabalho recomendo mto
206149142,9.45,True,1,"Tiroteio pra todo lado, cabeça sendo esmagadas, serra eletrica para roubar munição do bumbum dos kpt e mais tiroteio. Simplesmente DOOM"
206074387,24.166666666666668,True,0,"eu como cristão e fã da franquia desde os meus 12 anos,recomendo e muito,esse jogo me ajudou em varios sentidos,desde religioso,me fazendo ficar mais proximo da igreja e me fazer odiar mais demonios,ate fisico,no qual ainda trabalho para obter o shape do doom slayer,valeu meus manos da bethesda,voces sao os unicos que nao destroem a sua franquia mais famosa com remakes e enrolação ao inves de focar em trabalhos futuros ou em encerrar a saga."
206059701,10.7,True,0,matar. demonios. muito foda diversão e adrenalina a cada minuto de gameplay
206048285,15.5,True,5,"Achei o jogo bem simples — consegui chegar até o capítulo 6 sem fazer nenhum upgrade. Só depois disso comecei a melhorar os equipamentos. A gameplay é muito gostosa de jogar, bem fluida e satisfatória. Teve um momento ou outro em que eu morria toda hora, mas era porque ainda não tinha feito os upgrades necessários. Os inimigos são bastante repetitivos. Mesmo até o final do jogo, continuam aparecendo os mesmos tipos, o que acaba tirando um pouco da variedade. A história é básica: você é o Doom Slayer, está numa base em Marte, sai matando geral no modo “foda-se” e acaba descobrindo uns experimentos com a energia Argent. Aos poucos, percebe que há forças manipulando tudo por trás, e no final seu objetivo é fechar o portal para o Inferno não voltar. E é isso. Mas Doom nunca foi sobre história — o foco sempre foi a gameplay frenética e visceral. E nisso ele entrega muito bem."
206011534,18.8,True,0,"Jogo extremamente incrível, mesmo sendo de 2016, o jogo consegue se superar na sua qualidade, gameplay, soundtrack etc, o jogo é a essencia da violência que precisamos, recomendo em 10000%"
87391105,17.816666666666666,True,1,"Eu to seguindo ela há 3 minutos e a doida parece uma mosca toda banza kkkkkkk, não sabe se vira numa rua movimentada ou se vai em direção a casa dela. Vamo vendo no que vai dar né, tamo ai pra ajudar fé com fé"
205972331,36.666666666666664,True,0,"ESQUEÇAM TUDO QUE EU DISSE SOBRE OS OUTROS DOOMS! NEM LEIAM ESTÁ REVIEW, JOGUEM ESTÁ PORRA DE JOGO Jogo de Matar Demônios de 2016 666/10"
205947526,26.733333333333334,True,0,"ACORDE, MATE DEMONIOS, MAIS DEMONIOS, DEMONIOS MAIORES MATE DEMONIOS ATE VC CANSAR"
205901032,14.716666666666667,True,0,Médicos dizem que jogar jogos te deixa relaxado e esse jogo é a prova disso. Adoro relaxar estraçalhando demônios com uma escopeta e minhas próprias mãos. 10/10
205761927,10.333333333333334,True,0,"Jogo simplesmente insano! Depois de 10 horas de pura ação, posso dizer que DOOM é uma experiência incrível. A sensação de velocidade, os tiroteios intensos e a trilha sonora pesada deixam tudo muito bazed. 🔥 1000/10 – Brutal, rápido e extremamente satisfatório!"
205079589,16.583333333333332,True,0,Jogo pra qm é sádico e louco... bem do jeito que eu gosto
195568284,19.066666666666666,True,0,"matar demonhos n da erro, pena que o multiplayer e q nem o cod infinite warfare...."
205652835,7.133333333333334,False,1,"É um exemplo bem interessante de como ""franquia"" tem que saber lidar com aquilo que é particular ao jogo ou jogos que pretendem continuar. Digo, um jogo de franquia no sentido mais vago e mercadológico da coisa, em especial o primeiro dessa ""reformulação"", não necessariamente precisa ser inventivo e tal mas seguir algo que faça os antigos jogadores voltarem e trazer novos. O mérito de Doom (2016), como esse novo inicio de franquia, está em saber explorar o que já funcionava: as mecânicas clássicas do original, temperadas com recursos tecnológicos atuais, embaladas em um pacote de nostalgia. Nesse sentido, esse jogo é um ótimo exemplo de como requentar de forma genérica uma franquia clássica dos games. Já que o jogo conversa diretamente com dois grupos de fãs: a Geração X, que cresceu com os jogos antigos e quer jogar jogo ""raiz"" de novo, e os millennials, que encontraram na mistura de guitarras em drop D com pitadas de eletrônica, o refugio ideal para ver o Doom Guy matando um monte de demônio e tal. É um jogo esquecível, é quase um tiktok, mas que supostamente reviveu uma franquia... Vou jogar o Eternal, espero que seja melhor."
205594067,31.416666666666668,True,7,"31 horas de jogo depois, Eu posso afirmar categoricamente que essa foi a experiência cristã fortalecedora de fé mais divertida e recreativa da minha vida. Uma maravilhosa cruzada em busca de espalhar a democracia e a palavra de Deus. Eu Recomendo."
205580568,8.8,True,0,Bom bom bom bom bom bom bom bom menos aquele bicho fudido da cabeca grande(n é o cacodemonio pq esse é toptoptoptoptoptop)
184385605,15.566666666666666,True,0,"Doom traz de volta a essência clássica dos FPS: ação direta, combates rápidos e um ritmo que não deixa o jogador parar. A campanha é simples e objetiva — você acorda, pega suas armas e parte para destruir hordas de demônios sem enrolação. Isso torna o jogo viciante, já que cada arena é um teste de reflexos e estratégia no calor do combate."
205405296,5.483333333333333,True,0,"muito bom e frenetiico otimo pra qm curte açao bem gore bate certo,porem depois de 2 hras vc começa a enjoar e precisa da um tempo mais nao e um tipo enjoou que vc para de jogar e um otimo jogo 7,5/10"
205375138,46.61666666666667,True,0,Essa franquia desde sempre é perfeita! sem falar na trilha sonora \m/
205357615,13.816666666666666,True,0,"PORRA que jogao do crlh, eu amei esse album de musica que veem com o jogo dentro achei zica dms."
187252821,20.75,True,0,"Jogo super frenético, mas meio enjoativo a longo prazo. Sinceramente, achei a lore bem descartável, o único ponto forte mesmo é o combate frenético que vai te divertir bastante. Recomendo mesmo se você busca uma farm de dopamina rápida."
205273187,28.983333333333334,True,0,jogo de tiro muito legal bem frenetico e com um combate gostozinho de jogar recomendo bastante
205123018,26.133333333333333,True,2,"A trilha sonora ensandecida te arremessa numa velocidade insana que sufoca qualquer respiro, em combates violentos de pura selvageria, onde hesitar é morrer! DOOM não quer que você pense — quer que você avance como uma força imparável, estripando e dilacerando a horda infernal sem piedade. É uma ode à ação crua, direta e explosiva, onde cada embate é uma descarga de pura satisfação. Uma obra-prima da brutalidade, sem frescura, sem marasmo e sem freio! 10/10"
205084140,1.4833333333333334,True,4,"Em resumo do jogo, mata demônios, espanca demônios, triturar demônios, torturar demônios, fica perdido, explodir demônios."
200061486,37.0,True,0,"O jogo me divertiu bastante, sua jogabilidade e boa, as músicas são boas, o problema é que eu me perdi no mapa do jogo todo (obs: eu que sou o problema) e a história, cara pior que teve um amigo meu que disse que não faz sentido Doom ter história, tipo? Porque os demônios estão em Marte? Porque sim, o portal se abriu sozinho foi? Se ele tive lendo essa análise, só aceita a verdade que eu disse e faz o L. Eu dou 4/5 de Estrelas, o jogo é incrível."
204831258,6.366666666666666,True,0,"Um excelente reboot de doom, se gosta de um fps frenético e com muito metal, vale completamente apena !"
204755363,3.9,False,0,"Toda vez q eu abria o jogo no dia seguinte pra continuar, o jogo ficava 480p, 30 fsp, e gráficos no mínimo, n descobri como concertava, e tmb n consegui deixar tela cheia, geralmente eu passo esse pano pra jogos portados a 20 anos atrás pra pc, mas um jogo de 2016 ser tão mal portado ao ponto de n salvar nenhuma config na nuvem, é sacanagem, sempre q eu entrava era um tempo reajustando tudo aos conformes, ai dropei. O jogo parece ser muito bom (pior q o dark ages mas bom) mas isso é o tipo de coisa q me broxa em jogo moderno"
204597716,16.133333333333333,True,12,"Chegou do trampo cansado, puto com o seu chefe, sem paciência pra pensar muito e só quer desligar o cérebro e sair explodindo demônio pra todo lado? — Muito prazer, DOOM! 🔥💀"
204593122,241.2,True,0,"Comprei o jogo na promoção, sem saber se seria bom ou não, já que sou fan dos DOOM de 93/94, mas nao gostei das sequências da franquia, tirando o DOOM 64 que nao tinha nas locadoras em que jogava. Passou parado por muito tempo após a compra, mas decidi dar uma chance, e que grata surpresa, o jogo é fenomenal. Tem todas as características do clássico de forma aprimorada, com movimentos rápidos e dinâmicos, a necessidade de movimentação constante e o principal, o jogo te empurra para trucidar os demônios incansavelmente, devido a mecânica de Execuções Gloriosas, que te fornecem cura, escudo e munição. Os cenários são magnificamente projetados e ambientados, fazendo uma gameplay que pode ser objetiva, apenas passar de fase, ou exploratória, onde você tenta descobrir diversos segredos existentes no mapa,sendo que boa parte deles aprimora as habilidades do DOOM SLAYER, tornando a gameplay mais interessante ao meu ver. Por final a música, que cresce e diminui de acordo com os desafios enfrentados, num ritmo de Industrial Metal energizante, que inclusive uso na academia e em momentos do trabalho. Musicas tao boas que busquei as OST não só deste jogo, mas das suas sequências, que ainda não comprei, pois vou esperar as promoções. Pode comprar sem medo e jogar, sendo um dos melhores jogos com os quais eu tive contato."
204585492,20.616666666666667,True,0,esse é um jogo para quem tem músculo nos músculos pra quem tem músculo nos olhos da cara
204511396,14.066666666666666,True,0,DOOM E FODA PRA CARAMBA!!!! namoral que jogo bom recomendo bastante pra quem quer jogar. e que FINAL!? TO MUITO ANIMADO PRA JOGAR DOOM ETERNAL!!!. DOOM E DO BARALHO!!!!!!!!
204451923,10.633333333333333,True,0,"Nem vou prolongar os meus Elogios, 100/10 pra jogo satisfatorio"
204395960,74.21666666666667,True,0,"Quem é Kratos? Quem é Dante? Quem é MasterChief? Quem é que pode resistir a Doom Slayer e sua Shotgun? Doom Slayer é um homem de poucas palavras, então minha analise vai seguir esse exemplo: Graficos: Muito bom, não achei mto pesado. Som das armas: Vc sente o impacto de cada tiro Som dos inimigos: Compatível com cada um / serve pra denunciar a posição deles, o que te permite explodi-los = TOP Musica e trilha sonora: RIP & TEAR / Tho only Thing They fear is You - Preciso dizer mais? Dublagem: Muito bom, mas o tom da dublagem original é bem diferente da dublagem brasileira, não que isso seja melhor ou pior, só to comentando. Dublagem do Doom Slayer: Idêntica a original, os dubladores se superaram Combate: Grande variedade de armas e habilidades que te permitem trucidar todos os inimigos. É o melhor que um FPS pode te oferecer. Dificuldade: Não é muito dificil, exceto na dificuldade nigthmare, que não permite erros, inclusive acho desbalanceada. Mas tem gente que tem tanta habilidade que faz do modo Ultra-nigthmare o modo Easy kkk Hstória: A lore de doom é muito grande, mas me pergunto se tem alguem que realmente se importe com isso. Podemos dizer que a história existe. IA dos inimigos: Boa, os inimigos te flanqueiam, te cercam e tem uma mira muito boa. Multiplayer: Existe, mas hoje em dia ninguem mais joga Modo SNAPMAP: É um modo de criação de mapa, um baita modo de criação de mapa. O nivel de detalhe que o SNAPMAP te proporciona faz você se sentir um desenvolvedor. Eu não não explorei muito a fundo este modo porque não é o tipo de coisa que eu goste de fazer, mas pra quem gosta é conteúdo infinito, dá pra criar muita coisa. Conclusão Direto esse jogo entra em promoção, compre e jogue, essa análise não pode te explicar direito o que é DOOM."
204282163,6.466666666666667,True,0,"Parei de jogar por 1 mês, quando tentei abrir de novo o jogo, simplesmente não abriu mais, não mexi em nada e ainda fiz a verificação de arquivos, não funcionou. Dito isso, bom jogo, porém não vou baixar de novo não, 70gb slc."
204126757,2.6666666666666665,True,3,"DOOM é simplesmente o jogo perfeito pra quem pensa: “tô estressado, preciso esmagar uns monstros no soco e ouvir guitarra fritando no fundo”. É delicinha demais! Você entra, dá play, e pronto: tá relaxando da forma mais brutal e cômica possível. É tudo tão bem feito que chega a ser terapêutico: a gameplay voa, cada arma tem uma pegada diferente e viciante, e o rock pesado faz parecer que você tá no show mais insano da sua vida… enquanto arranca a cabeça de um demônio. Coisa fina! As animações são um espetáculo, o balanceamento das armas é ótimo, e a cada batalha você sente aquela mistura de adrenalina + risada, porque é tudo exagerado no ponto certo. Resumindo: DOOM não é só um jogo, é um parque de diversões demoníaco onde a sua única missão é se divertir destruindo tudo de forma épica. E olha… é satisfatório demais!"
203892632,41.61666666666667,True,0,Compre e jogue. Não há muito o que falar de DOOM. Épico.
203824129,151.73333333333332,True,0,"Demorei 9 ANOS pra jogar esse jogo.. Mas, para um clássico desses, tempo é pra lá de relativo.."
203737304,22.95,True,0,"Foi uma experiência que eu particularmente não esperava ser tão incrível, trilha sonora excelente, gameplay satisfatória e uma dublagem PTBR que parabenizo não somente a equipe diretora mas principalmente os roteiristas e designs, obrigado e em breve jogarei DOOM The Dark Ages"
203709065,20.9,True,0,"Muito bom, só andar e matar e ser feliz 👍👍"
203673459,29.033333333333335,True,0,"q jogo do krl,eu varri o inferno com uma doze"
203557995,13.133333333333333,True,0,"jogoooooo excelente, muito bom mesmo, frenético do inicio ao fim."
203275477,17.816666666666666,True,4,"simplesmente doom slayer espalhando sangue e exalando testosterona por onde passa, apenas comprem"
203153768,13.516666666666667,True,6,"você beijaria um cacodemon gosmento, imundo, nojento, redondo, feio. ein, você beijaria o cacodemon repugnante, me diz você beijaria? o cacodemon?"
203066724,33.18333333333333,True,0,"com certeza, o FPS da minha vida. Matança de demonios, Heavy Metal e muito sangue!!!"
203012992,20.016666666666666,True,0,"muito bom, a jogabilidade e toda a trajetória frenética do game"
184986835,14.216666666666667,True,0,"Jogo muito bom, vale super a pena pegar, de preferencia esperar uma promoção. A historia é bem basica, mas é um excelente jogo. você simplesmente vai desmembrar, dilacerar e estripar todos tipos de monstro sem a menor dó."
202833226,25.266666666666666,True,0,"Jogo bom, mas é uma pena que seja tão mono cromático.😔"
202813517,13.65,True,0,"Excelente jogo, amei matar todas criaturas. Me senti desafiado em alguns momentos por conta da quantidade de inimigos na tela, mas PQP que jogo maravilhoso, melhores 10 reais gastos da minha vida. (asky é viado)"
202790982,18.316666666666666,True,0,"Um dos melhores jogos que joguei, é muito gostoso matar os monstros, é satisfatório. Super recomendo!! É insano!!!"
202764408,24.65,True,0,"Joguei a campanha no modo mais difícil e virei… que jogo foda! Ele é simplesmente sensacional, o melhor DOOM que existe disparado. Sem dúvida, o meu preferido da franquia."
202739826,11.1,True,0,"n tem mt oq falar, o jogo é perfeito noq se propoe, apenas compre e se divirta mt"
202738666,28.083333333333332,True,0,"QUE JOGO ZIKAA, jogo extremamente satisfatório, vc se sente IMBATÍVEL, explorar é muito recompensador, com armas novas, upgrades e até os colecionáveis e fases novas, msm terminando a campanha ainda gosto de me aventurar nele, como no modo arcade ou voltar pra buscar segredos, muito foda. Uma vez ouvi a seguinte frase q define bem esse jogo: ""no DOOM 3, vc corre dos demônios, no DOOM 2016 e Eternal, os demônios q correm de vc""😾"
202733400,21.65,True,0,"Isso sim é jogo de videogame! Muito gostoso e nostálgico, por ter tido n64 e jogado muito esse tipo de game. Agora é jogar o Eternal e Dark ages"
202729332,14.65,True,0,"PUTA QUE O PARIU O JOGO GOSTOSO DO KRLLLLL ESSE JOGO É LOKO E PASSA MUITO BEM A SENSAÇÃO DE DESTRUIÇÃO E RAIVA QUE É CLÁSSICO DO DOOM. PAPO RETO ESSE JOGO É MARAVILHOSO EM TUDO, GORE, GRÁFICO, VIOLÊNCIA E ADRENALINA COM UM ROCK MUITO DOIDO. CADA FASE PASSADA VC SE SENTE MAIS FODA E VAI EVOLUINDO SUAS HABILIDADES JUNTO DO SLAYER. REAL JOGO DE MACHO."
202637754,4.8,True,0,"sem dúvidas excelente jogo, pode ir sem medo é garantia de sucesso"
202548309,7.316666666666666,True,2,Depois de anos jogando apenas game multijogador e competitivo. Isso é tipo provar o suco vaginal de Afrodite. Como eu não tinha jogado isso antes?
202488854,10.45,True,0,o jogo é sobre matar demonios pra dps matar mais demonios e dps vc entra no inferno pra matar mais demonios não tem como jogasso da porra
202401273,24.75,True,0,"Não há nada melhor do que visitar cidadãos sem Deus no coração e introduzi-los na base do ""dialogo"". Esse jogo nos entrega essa jornada incrível e revitalizadora."
202400272,17.483333333333334,True,0,Doom mais épico da História Rip and tear...Until it done 😈😈😈😈😈
202330368,9.716666666666667,True,3,"Pensa em um jogo delicinha e satisfatório: é este! Que game divertido! Casual, para relaxar apenas matando monstros de formas brutais e cômicas. E é basicamente isso! Gameplay super fluida, com armas muito legais, balanceamento ótimo, animações incríveis, etc. Duração de aproximadamente umas 10h no normal. Acho que não vale o preço cheio, mas direto ele entra em promoção. Jogão! Recomendo demais!"
202321010,45.65,True,0,"O jogo é mt bom, bem divertido. Porém tem alguns problemas; mts vezes vc acaba saindo fora do mapa e tem alguns props q n tem física. Qnd vc pega a super shotgun e a rpg n tem qm te segure, o doom slayer vira um tanque de guerra basicamente (não é bem um defeito, mas ta aí). recomendo bastante o jogo :)"
202274913,13.416666666666666,True,0,"primeiro doom que joguei, em pleno 2025 decidi testar e adorei o jogo!"
202243800,9.783333333333333,True,0,"Um ótimo jogo da franquia DOOM, ele busca mais o estilo clássico do DOOM antigo com o doomguy mais parecido em desing com os originais, mas a mecânica é bem mais frenética e divertida. Sem dúvidas é muito interessante matar demônios e coletar artefatos e armas cada vez mais cabulosas durante o caminho, eu curti a história me cativou muito a descobrir como o jogo iria terminar, mesmo ninguém jogando DOOM pela história vamos ser francos. Mas contudo o que eu disse e considerando que é um jogo que quase têm 10 anos e gráficos brutais, eu recomendo sem dó esse DOOM príncipalmente que o jogo é barato e sempre está em promoção."
202218301,10.583333333333334,True,0,incrivel trilha sonora do krlh se vc só quer espancar bixos do inferno é o mlhr jogo
202207721,16.183333333333334,True,0,"Minha pior decisão foi baixar esse jogo, eu virei outra pessoa após isso. Eu estou viciado recomendo."
202206339,16.9,True,1,"Pra quem gosta de ultrakill e mullet mad jack vai gostar de jogo. melhor coisa nesse jogo é abri o demonio no meio, maravilhoso cara 09/10"
202152807,2.3333333333333335,True,0,Gameplay mais lenta que eternal é incrivelmente melhor 1/10 não posso falar que DOOM IS ETERNAL jogando esse
202067573,22.983333333333334,True,0,"🎮 Gameplay 🔲Parece que foi feito em um PowerPoint 🔲Só jogável com mod milagroso 🔲Tem seus momentos… raros 🔲Dá pra curtir ✅Chegou na categoria “Vish, perdi a noção do tempo” 🔲Manual de como viciar incluso 🎨 Gráficos 🔲Atari 🔲140p 🔲Aceitável 🔲Bom ✅Ótimo 🔲Red Dead Redemption 2 🔲Cada frame foi pintado por Da Vinci 🖥️ Requisitos 🔲Funciona até em um rádio de pilha 🔲Liga até numa torradeira inteligente 🔲Roda num celular de 2010 ✅PC de entrada, mas não peça milagre 🔲Vai melhor se tiver CPU e GPU bom 🔲NASA chamou pra benchmarking 📜 História 🔲“Você é um quadrado, salve o triângulo” 🔲Tem uma lore… escondida no fundo de uma gaveta ✅Dá pra aceitar 🔲bem construído 🔲Absolute Cinema 🕹️ Jogabilidade 🔲Dá pra jogar com o cotovelo 🔲Controle responde depois de pensar um pouco 🔲Movimentos suaves ✅Puro suco de gameplay polido 🧠 Complexidade 🔲Dá para jogar usando batatas 🔲WASD e mouse já zera ✅Mecânicas normais 🔲Mecânicas adicionais 🔲Tem que estudar para jogar 🔥 Dificuldade 🔲Seu cachorro consegue 🔲Fácil ✅Médio 🔲Quase Dark Souls 🔲Dark Souls 🔲Esquece, o ser humano não é capaz de zerar ⏳ Tempo de Jogo 🔲Da jogar enquanto ouve 1 música 🔲6h ✅12h ✅24h 🔲48h 🔲72h 🔲Você começa, seu neto termina 🎵 Áudio e Trilha Sonora 🔲Saiu direto de um teclado Casio 🔲Melhor jogar em silêncio absoluto 🔲Cumpre o papel 🔲Tem música que arrepia 🔲Hans Zimmer passou por aqui rapidinho ✅Mozart desceu só pra compor 🐛 Bugs 🔲Mais limpo que hospital ✅Uns bugs pra lembrar que é jogo mesmo 🔲Às vezes quebra a vibe 🔲O jogo te faz ragequit por bug, não por dificuldade 🔲A Ubisoft se inspirou aqui 🎯 Público-Alvo 🔲Qualquer um 🔲Criança de 5 anos ✅Jogadores casuais 🔲Jogadores profissionais 💸 Vale a Pena Comprar? 🔲100% grátis, só vai 🔲Custo-benefício digno 🔲Compra se sobrou do vale-alimentação ✅Espera aquela promoção da Steam que você já tá vigiando 🔲Melhor comprar um lanche 🔲Dói mais no bolso que perder todas as almas em Dark Souls 🧾 Nota Final: ✅ 9.5 – Eles invadiram. Vieram com fogo, sangue e gritos. Mas o inferno nunca conheceu algo como eu. Não há piedade. Não há descanso. Todos os demônios… serão exterminados.. O inferno inteiro ira se afogar no próprio sangue."
202056053,13.683333333333334,True,1,"Enfia dentro da boca do vagabundo e faça ele explodir de dentro pra fora, muito bom nota 1000"
201946305,37.6,True,0,"Mano que jogo do caralho!!, DOOM é a definição de ADRENALINA PURA!!. Levei 25 horas pra zerar e cada momento do jogo seu coração fica a milhão, ainda mais quando você fica com pouca vida quase morrendo, principalmente nas lutas com BOSS, isso que joguei no modo normal (Um tapinha não dói), dificuldade media 7,5/10. E com certeza irei zerar no Ultraviolento. Jogabilidade, gráficos, animações tudo muito foda e foi minha primeira vez jogando um jogo desse nível. Diabrete do caralho."
201879733,11.15,True,1,legal gostei o dom mata e usa armas ai sai sangue dou 10/10 gosto de matar satanas do mal com o dom ele e legal
201866879,2.6,False,0,"depois que pediu a instalação de um programa, ele não carrega, fica travado no 99%."
201819105,17.45,True,0,"Em geral, eu resumo este jogo em uma frase: Muito bom!. Ele é Bem divertido, frenético, bem otimizado (o que é bom pro pessoal que tem um PC nem tão potente), belos gráficos, gameplay dinâmica e de fácil entendimento. Esse jogo realmente me surpreendeu e me prendeu do início ao fim com sua história (Mesmo que a mesma seja bem simples e não seja grande coisa), achei muito legal e divertido acompanhar e procurar os mistérios e detalhes que se contam nos cenários e nos personagens sobre a história do jogo. Meus únicos problemas com o jogo foi os bugs, que ocorrem de vez em quando nas campanhas (um exemplo: você pode acabar ficando preso em alguma parte do cenário só porque pulou errado num lugar). Fora isso, foi uma excelente experiência para mim. E para vocês que estão lendo essa minha pequena e informal análise, deem uma chance para esse jogo pois além de não ser muito longo a sua campanha, é bem tranquilo de jogar além de ser bem divertido sair matando os demônios para tudo que é lado kkkk. SIMPLESMENTE DOOM! OBS.: Essa também foi a minha primeira vez jogando um jogo dessa franquia (Doom), e acredito que seja um excelente ponto de partida para vocês que forem jogar pela primeira vez também. :)"
201794063,13.233333333333333,True,1,"otimo jogo👍 e é melhor ainda quando o objetivo é caçar dêmonios,melhorou meu dia e alegrou meu dia,caçando e matando dêmonios sujos 👍"
113913696,30.733333333333334,True,0,"Ótimo jogo! A ação é intensa do começo ao fim, ideal para quem gosta de combates frenéticos e sem pausa. Recomendo demais para quem curte ação pura!"
201744666,13.416666666666666,True,0,"Jogaço da poha, nunca fui religioso mas meter bala nos desviados virou meu passa tempo favorito."
201669924,26.233333333333334,True,0,exelete gameplay adorei as finalizações e o quesito exploração a dublagem tambem da show não identifiquei nenenhum ponto negativo pelo contrario é notavel a evolução do game
201656820,11.516666666666667,True,0,"Car*lho, isso é milior que bosseta, nada melhor do que chegar em casa depois de um dia cansativo e relaxar deitando demônios na porrada ao som de rock n roll, minha nota: 999+/10, Jogaço da por*a"
201631042,12.3,True,0,Baguio é meter bala em demonho e fechar os portão do inferno com solda de bala
201614941,25.3,True,0,o jogo mais foda que eu ja joguei em toda minha vida
80883115,18.066666666666666,True,1,"Muito frenético! Não tem nem o que falar. Não se prenda muito a história, a gameplay é o ponto alto, desafiadora e bem divertida."
200712637,12.783333333333333,True,10,"Depois de um dia estressante, esse jogo funciona como uma ótima opção. Não tem estresse que sobreviva a desmembramento com as próprias mãos! JOGAÇOOO!!!"
201591523,3.683333333333333,True,3,"Esse jogo te faz querer ir pra uma encruzilhada, invocar o diabo só pra moer o bicho na porrada. Nota 10"
201428254,5.016666666666667,True,0,"Peguei aids jogando e arranquei no tiro. 10/10, faria denovo."
201400491,11.4,True,1,"Cara, Doom é Doom! Não tenha nem dúvidas se esse jogo vale a pena ou não, só compra."
201398178,8.2,True,0,"Nada melhor que Doom: música sensacional, gameplay frenética como poucos jogos, jogo bonito, sem bugs, é uma verdadeira obra de arte! Vale cada centavo com certeza."
201220600,31.283333333333335,True,1,"Esse jogo foi a minha primeira experiência no universo DOOM. No geral, é um ótimo jogo para passar o tempo, a história é razoável, a gameplay é boa. Infelizmente, é um jogo curto."
201186177,36.06666666666667,True,19,"🎮 Gameplay 🔲Parece que foi feito em um PowerPoint 🔲Só jogável com mod milagroso 🔲Tem seus momentos… raros 🔲Dá pra curtir ✅Chegou na categoria “Vish, perdi a noção do tempo” 🔲Manual de como viciar incluso 🎨 Gráficos 🔲Atari 🔲140p 🔲Aceitável 🔲Bom ✅Ótimo 🔲Red Dead Redemption 2 🔲Cada frame foi pintado por Da Vinci 🖥️ Requisitos 🔲Funciona até em um rádio de pilha 🔲Liga até numa torradeira inteligente 🔲Roda num celular de 2010 ✅PC de entrada, mas não peça milagre ✅Vai melhor se tiver CPU e GPU bom 🔲NASA chamou pra benchmarking 📜 História 🔲“Você é um quadrado, salve o triângulo” 🔲Tem uma lore… escondida no fundo de uma gaveta ✅Dá pra aceitar 🔲bem construído 🔲Absolute Cinema 🕹️ Jogabilidade 🔲Dá pra jogar com o cotovelo 🔲Controle responde depois de pensar um pouco 🔲Movimentos suaves ✅Puro suco de gameplay polido 🧠 Complexidade 🔲Dá para jogar usando batatas 🔲WASD e mouse já zera ✅Mecânicas normais 🔲Mecânicas adicionais 🔲Tem que estudar para jogar 🔥 Dificuldade 🔲Seu cachorro consegue 🔲Fácil ✅Médio 🔲Quase Dark Souls 🔲Dark Souls 🔲Esquece, o ser humano não é capaz de zerar ⏳ Tempo de Jogo 🔲Da jogar enquanto ouve 1 música 🔲6h ✅12h ✅24h 🔲48h 🔲72h 🔲Você começa, seu neto termina 🎵 Áudio e Trilha Sonora 🔲Saiu direto de um teclado Casio 🔲Melhor jogar em silêncio absoluto 🔲Cumpre o papel ✅Tem música que arrepia ✅Hans Zimmer passou por aqui rapidinho 🔲Mozart desceu só pra compor 🐛 Bugs 🔲Mais limpo que hospital ✅Uns bugs pra lembrar que é jogo mesmo 🔲Às vezes quebra a vibe 🔲O jogo te faz ragequit por bug, não por dificuldade 🔲A Ubisoft se inspirou aqui 🎯 Público-Alvo 🔲Qualquer um 🔲Criança de 5 anos ✅Jogadores casuais 🔲Jogadores profissionais 💸 Vale a Pena Comprar? 🔲100% grátis, só vai 🔲Custo-benefício digno 🔲Compra se sobrou do vale-alimentação ✅Espera aquela promoção da Steam que você já tá vigiando 🔲Melhor comprar um lanche 🔲Dói mais no bolso que perder todas as almas em Dark Souls 🧾 Nota Final: ✅ 8.6 – Gameplay frenética, estilo foda um jogo que você joga para se distrair."
201156476,14.7,True,3,"🔥 Análise Técnica – DOOM (2016) DOOM (2016), desenvolvido pela id Software e publicado pela Bethesda, é um reboot da clássica franquia iniciada em 1993. O jogo moderniza o FPS original com uma jogabilidade extremamente rápida, combate brutal e trilha sonora intensa, tudo isso sem abrir mão do espírito frenético e descompromissado que fez a série famosa. O resultado é um marco técnico e estilístico para o gênero de tiro em primeira pessoa. ✅ Pontos Positivos: ⚔️ Combate ágil e visceral: O coração do jogo está no combate. Os tiroteios são rápidos, intensos e recompensadores. Não existe sistema de cover — o jogador é incentivado a se movimentar constantemente e ser agressivo. 🔫 Arsenal poderoso e variado: As armas icônicas como a Super Shotgun, Rocket Launcher e BFG 9000 retornam com impacto devastador. O sistema de melhorias permite customizações úteis e divertidas. 💀 Execuções (Glory Kills): As Glory Kills, execuções corpo a corpo ativadas ao enfraquecer inimigos, não só aumentam o ritmo da ação, como recompensam o jogador com vida e mantêm o combate fluido. 🎵 Trilha sonora excepcional: Composta por Mick Gordon, a trilha de metal industrial acompanha perfeitamente o ritmo do jogo, aumentando a imersão e a sensação de urgência nos combates. 🌋 Direção de arte e ambientação: Os cenários de Marte e do Inferno são detalhados, brutais e tematicamente consistentes. A estética pesada e distorcida é visualmente impressionante. ⚙️ Desempenho técnico sólido: O jogo roda muito bem, com excelente otimização em várias configurações de hardware, mantendo frame rates altos mesmo em PCs medianos. 🧠 Level design inteligente: Os mapas são amplos e verticais, com caminhos alternativos, segredos, arenas de combate bem pensadas e backtracking recompensador. Um respiro bem-vindo em meio à ação. ❌ Pontos Negativos: 🗣️ História superficial: Embora exista uma narrativa por trás dos eventos, ela é propositalmente simples e colocada em segundo plano. Para alguns jogadores, isso pode parecer falta de profundidade. 📦 Multiplayer genérico: O modo multiplayer, embora funcional, não conseguiu competir com os grandes nomes do mercado e foi considerado pouco inspirado, sem o mesmo brilho do single-player. 🔁 Algumas batalhas podem parecer repetitivas: Apesar da qualidade das lutas, a estrutura de “entra na arena, elimina inimigos, avança” pode soar cíclica depois de várias horas seguidas. 📊 Nota Final: 91/100 DOOM (2016) é uma revitalização brilhante da franquia, oferecendo ação brutal, jogabilidade frenética e estilo audiovisual impecável. Com foco total na jogabilidade “old school” renovada para a nova geração, é um dos melhores FPS da década, ainda que com narrativa simples e multiplayer esquecível. Para fãs de adrenalina pura, é imperdível. 🎯 Curiosidade: Durante o desenvolvimento, a id Software descartou completamente um projeto inicial chamado DOOM 4, que seguiria uma linha mais “cinematográfica e realista” — parecido com Call of Duty. Por não representar a essência da franquia, o estúdio reiniciou o projeto do zero e optou por um retorno às origens, focando na agressividade, na velocidade e no combate puro. Esse renascimento virou um case de sucesso. 🔥🩸"
195407933,12.283333333333333,True,0,"O retorno triunfal de um dos pais do FPS DOOM (2016) é a prova de que é possível se reinventar sem perder a essência. Ao lado de Wolfenstein e Quake, a franquia ajudou a definir o gênero FPS. Enquanto algumas seguiram caminhos diferentes — como Wolfenstein, que passou a focar na narrativa — ou simplesmente desapareceram, DOOM soube evoluir mantendo seu DNA intacto. Jogar DOOM (2016) foi como ser teletransportado para os anos 2000, quando gráficos pixelados, tiroteios intensos e hordas de demônios dominavam as telas. Os sons icônicos — das portas se abrindo, das armas explodindo, dos monstros morrendo — estão de volta em uma roupagem moderna, mas com a mesma alma. Apesar de uma história discreta, o jogo entrega muito em gameplay. O protagonista, mesmo sem dizer uma palavra, tem personalidade — e isso fica claro nas atitudes. Ignorar ordens e seguir seu próprio caminho é praticamente sua marca registrada. A narrativa é apenas um pano de fundo; o foco aqui é ação pura, fluidez e combate visceral. A jogabilidade é extremamente arcade e viciante. Há sempre algo novo a cada fase: uma arma, uma habilidade, um upgrade. Isso mantém o ritmo constante, sem se tornar repetitivo. A sensação é de evolução contínua, com fases bem construídas e combates que só melhoram ao longo da campanha. A trilha sonora merece destaque: o metal pesado durante os combates casa perfeitamente com o caos na tela, elevando ainda mais a imersão. Conclusão: DOOM (2016) é recomendadíssimo para quem busca um FPS frenético, direto ao ponto, com jogabilidade fluida e muito gore. Um verdadeiro exemplo de como trazer um clássico de volta à vida com respeito e criatividade. Nota final: 7.5/10"
201136542,9.033333333333333,True,0,"Uma das melhores trilhas sonoras dos jogos, encaixa perfeitinho enquanto você faz as maiores atrocidades com os demônios. Só vai!"
201108189,26.933333333333334,True,0,"zerei esse jogo em 2018 e estou zerando de novo em 2025. O jogo envelheceu igual vinho e parece que ele estar melhor do que eu lembrava na minha memória o gunfire e o feeling que o jogo te da é tudo oque ele promete, deixo o destaque também para o gráfico ABSURDO rodando com um fps ALTISSIMO na minha máquina que hoje tem uma placa de video que é considerada ultrapassada. Se um jogo igual a esse lançasse hoje, não teria 1/3 da otimização que esse jogo tem, uma aula a ser estudada para todos os desenvolvedores que pensam em lançar um jogo no futuro."
201072894,22.95,True,7,Doom é literalmente um jogo onde tem um único guerreiro lutando contra forças do próprio inferno e dilacerando qualquer criatura demoníaca da forma mais brutal e grotesca possível enquanto escuta um rock pesado. Livre para toda a família.
201013855,18.5,True,2,"A verdadeira experiência DOOM, uma das maiores reinvenção no mundo dos games, simplesmente brutal, frenético, jogo onde separa os meninos dos homens, ESTRIPAR E DILACERAR"
201000140,39.1,True,1,"Heavy Metal, Violência, Velocidade & Satisfação! Cara... que jogo... Este Reboot trouxe basicamente TUDO que um gamer quer e precisa, sem aquele monte de frescura que tem sido enfiado goela abaixo nos últimos anos por essa industria WOKE que temos hoje em dia. Diferente de várias estórias onde o herói precisa de coragem para invadir o inferno e destruir demônios para sobreviver aqui temos um cara que toma shake de Whey com sangue de demônio todas as manhãs, aqui são os demônios que contam a história de como o fim dos tempos quase ocorreu quando um ""monstro"" devastou o inferno e eles tiveram que lutar bravamente para tentar vencer e selar a criatura... e sim, se trata dele: !DOOM SLAYER! Que agora está andando entre os demônios novamente... cara... que enredo... O game é velho, com certeza você já viu diversos vídeos, tem o conhecimento, se ainda tem alguma dúvida deixe-a de lado e junte-se a carnificina, esmerilhando demônios, dizimando hordas de criaturas medonhas, invadindo o próprio inferno para desespero do capeta. Combate em alta velocidade, variedade de armas com customização, upgrades para o personagem, diversidade e inclusão de diversas raças e minorias demoníacas, heavy metal e o grande diferencial: FATALITIES! Compre sem medo, não tem como se arrepender."
200983376,16.733333333333334,True,1,"BLACK IS THE NIGHT, METAL WE FIGHT POWER AMPS SET TO EXPLODE"
200870778,4.716666666666667,True,1,"coloque ultrakill adicionado por mais brutalidade, foda dms... doom=ultrakill FODA DMS 10/10"
174966255,12.716666666666667,True,0,"DOOM (2016) — Análise Brutal e Sem Frescura Zerei DOOM (2016) só em 2024, e mesmo assim, ele me deu uma surra de adrenalina como se tivesse saído ontem. É o tipo de jogo que não pede licença: chega quebrando tudo, socando demônio no dente e metendo trilha sonora demoníaca no talo. E quer saber? FUNCIONA PRA C4R@LH0. Pontos Positivos: Gameplay frenético: Rápido, brutal e direto ao ponto. Nada de cobertinha ou enrolação. É matar ou ser dilacerado. Glory kills satisfatórias: Finalizações brutais que fazem cada combate parecer um clipe de metal. Trilha sonora absurda: Mick Gordon não compôs uma trilha sonora, ele invocou um ritual satânico em forma de som. Cada combate parece um show de death metal. Design dos cenários: Variedade foda, ambientes que vão do industrial sujo ao inferno cósmico, tudo com uma ambientação caprichada. DOOM Slayer carismático sem falar uma palavra: Um verdadeiro ícone da violência justiceira silenciosa. Pontos Negativos: História rasa: A campanha até tenta colocar uns logs e construções de lore, mas sejamos sinceros: ninguém joga DOOM pela história. Só que, mesmo assim, dava pra ter feito algo mais envolvente ou minimamente mais coeso. Multiplayer genérico: A tentativa de empurrar um PvP mais ""clássico"" não colou muito. A comunidade curtiu mais o singleplayer e o SnapMap. SnapMap limitado: A ideia era boa, mas a execução travava a criatividade da galera. A ausência de mods no estilo tradicional também foi uma pedra no sapato pra muita gente da old school. O que poderia ser melhorado: Mais liberdade pro modding: A galera sentiu falta da vibe old school de DOOM, onde a comunidade criava WADs insanos. O SnapMap foi uma tentativa meio engessada. Mais variedade de inimigos e chefes: Apesar do combate ser incrível, a repetição de inimigos em certas partes dá aquela sensação de “já vi isso aqui”. Mais destaque pros combates de chefes: Alguns são bons, mas outros são meio esquecíveis perto da carnificina padrão. Conclusão: DOOM (2016) é uma ode à violência estilizada. Um FPS que rasga o manual do realismo moderno e entrega pura diversão old school com um banho de sangue digital. Pra quem gosta de jogar sem parar pra respirar, é obrigatório. Mesmo com algumas limitações, o saldo final é simples: JOGO BOM DO KRL, P*RRA."
200813842,27.416666666666668,True,0,Para de ver as reviews e vai jogar logo isso cara.
200642085,54.416666666666664,True,0,nunca me senti tão hypado em mudar minhas configuração que jogo perfeito namoral
