review_id,author_playtime_forever,voted_up,votes_up,clean_text
232115847,42.416666666666664,True,0,"The Witcher 3 é bom demais porque ele simplesmente redefiniu os RPGs com um mundo aberto que é vivo e caprichado de verdade! O jogo te fisga porque não tem aquela enrolação de missões genéricas; até a tarefa mais simples de caçar um monstro esconde uma história madura, cheia de reviravoltas e escolhas que mexem com o seu coração. É bom demais viver a rotina do Geralt, investigando pistas, preparando poções e explorando cenários lindos ao som de uma trilha sonora que arrepia na hora dos combates, transformando a busca pela Ciri em uma jornada inesquecível! (recomendo)"
232092948,98.73333333333333,True,0,"Um jogo simplesmente maravilhoso,e sem sombra de duvidas um dos melhores da historia no seu objetivo,centenas de horas possiveis apenas com missoes segundarias e exploraçoes,tirando a historia principal que da mais que 60 horas jogadas,e um jogo que passa muito das suas expectativas,o dialogo muito bem feito,cada frase,cada opçao,com seus destinos e diferenças. Recomendo a todos essa maravilha,mas posso esperarar pelo 4."
232092342,17.9,True,0,ele faz vc dizer 67 toda vez antes de dormir KAKAKAKAKAKAKAKAKAKAKAKAKAKAKAKAKAKKKKKjkkokokokoKKKKKKKKKKKKKKKKKKKKKKKKKKKKKKKKKKKKKKKKKKKKKKKKKKKKKKKKKKKKKKKKKKKKKKKKKKKKKKKKKKKKKKKKKKKKKKKKKKKKKKKKKKKKKKKKKKKKKKKKKKKKKKKKKKKKKKKKKKKKKKKKKKKKKKKKKKKKKKKKKKKKKKKKKKKKKKK
232089458,104.86666666666666,True,0,"Instalei um mods e conteúdos que foram removidos do game e o jogo ficou top. Mas, acho que poderia haver mais lojas para visitar, tipo uma biblioteca, comércio de cavalos, lavanderia pra galera parar de reclamar da sujeira das roupas, local pra tomar banho, local pra dormir, essas coisas."
232078424,87.15,True,0,Estou re-jogando pq joguei no Xbox e como sempre uma deliciosa experiencia e agora com mods.
232076075,14.3,True,0,"otimo jogo , andar de cavalo nesse jogo eh muito bom , missoes legais e imersivas , lindos graficos , boa historia e etc , jogo grande recomendo"
232072535,168.56666666666666,True,0,"Esse sem sombra de dúvidas é um dos melhores jogos que ja joguei, a história é fantástica, principalmente da dlc Blood and Wine, eu terminei o jogo e mesmo assim ainda estava preso nele, não conseguia parar...Sério, só jogue, no início eu confesso que quase desisti, mas não me arrependo de ter dado uma chance."
232018240,182.41666666666666,True,0,"Nem tem muito o que dizer sinceramente, simplesmente uma obra prima. Se quiser um conselho meu, se jogue de cabeça, vai lhe fazer muito bem"
232013510,13.483333333333333,True,0,"Comprei achando que era só mais um RPG. Poucas horas depois eu já tinha esquecido da missão principal porque uma velha precisava que eu encontrasse a frigideira dela. E, de alguma forma, isso era incrível. The Witcher 3 faz você rir, ficar com raiva, pensar nas escolhas e se apegar a personagens como poucos jogos conseguem. Até as missões secundárias dão aula em muito jogo AAA. 10/10. E sim... Gwent é tão viciante quanto dizem."
77947331,300.81666666666666,True,1,"Jogo mais completo e feito com amor. Depois de 10 anos jogando de forma esparsa, mas sempre com boas memórias, posso dizer com certeza que esse jogo vai ser lembrado para sempre como uma obra prima. Duas DLCs que hoje em dia provam como o mercado está saturado com microtransações de merda e pouco esforço dos desenvolvedores, espero essa futura DLC para ter uma ultima memória reconfortante do jogo que mudou a forma com que enxergo o mundo dos jogos. Blood and wine sozinha bate de frente com 90% dos jogos de hoje em dia kkkkkkk."
232005455,15.366666666666667,True,0,"Esse jogo é perfeito, não tem mais o que falar"
231976052,61.21666666666667,True,0,"Achei que o jogo era sobre salvar o mundo e derrotar a Caçada Selvagem, mas 44 horas depois percebi que é só o Geralt usando a busca pela Ciri como desculpa para dar em cima de bruxas gostosas, tomar poção duvidosa e se enfiar em puteiro em Novigrad. O veio tá mais tarado que cachorro em dia de feira e o Carpeado ainda fica olhando com cara de julgamento do telhado. 10/10."
231953062,12.716666666666667,True,0,passei mas tempo em uma missao secundaria do que em uma principal 10/10
231944810,122.93333333333334,True,0,"Não sei como demorei 11 anos para zerar essa obra prima, jogassoooo, agora fiquei ansioso pela DLC e pelo Witcher 4"
231941863,124.38333333333334,True,0,"caçar monstros, sofrer por feiticeiras gostosas, procurar a filha e perder dinheiro no gwent (tigrinho) melhor jogo do mundo!!!"
231938271,134.21666666666667,True,0,só jogue esse jogo e decida platinar se você não tem família! Estou procurando murais de aviso e contratos de monstros na minha cidade!
231925496,74.38333333333334,True,1,Jogão uma dica faça as missões secundarias te garanto que não irá se arrepender!
231913067,58.416666666666664,True,0,primeiro jogo desse estilo que me prende eu geralmente so jogava as missoes pricipais mas as missoes secundarias desse game es incrivel
231912110,215.18333333333334,True,0,Simplesmente o melhor jogo de rpg da década de 2010
159406400,106.66666666666667,True,0,"Jogabilidade: 9,5 História e Personagens: 10 Visual e Áudio: 9,5 Diversão: 10 Custo-Benefício: 10 Média: 9,8 Veredito: Super Asmei."
231906850,5.0,True,0,TENHO ESSE JOGO EM 3 LOJAS O MELHOR DE TODOS
231902780,27.3,True,0,"Um dos melhores jogos que já joguei, história foda, jogabilidade, personagens, recomendo demais!"
231897080,36.9,True,0,"Um dos melhores jogos da história, isso não é novidade pra ninguém..."
231891665,18.466666666666665,True,0,"só pra resumir um textão do que eu acho desse jogo: ABSOLUTE VIDEOGAME, obra prima demais"
154594463,54.95,True,0,"→ Enredo Você é Gerald de Rívia, ou Geraldo Reeves para os mais íntimos, você é um bruxo que faz bruxarias e come as bruxinhas, e faz coisa em troca de dinheiro, afinal, dinheiro na mão, cueca no chão. → Gameplay Gráficos esplêndidos, não precisa de um super computador Rocketz de 90 mil réis mas também não pode ser um Xuxa i3. O jogo é bem longo, muitas quests, side quests, tesouros, dungeons, mobs enfim, RPG. Você tem duas espadas, uma de prata e uma de aço, a de aço serve pra bater nas pessoas, e a de prata pra bater nos monstros, simples assim. O mapa é bem grande, resumindo se divide em Kaer Morhen (castelo dos bruxos), Pomar Branco (prólogo/tutorial), Velen (maior área) que tem Novigrad que é a cidadezona, e as ilhas Skellige (arquipélago com muitas quests legais), e claro que se você tiver a DLC Blood and Wine tens acesso ao Ducado de Toussaint (perfeito, sem defeitos). Você tem 05 magias diferentes, Igni (fogo), Quen (proteção), Yrden (circulo que desacelera o movimento), Aard (fus ro dah da 25 de março) e Axii (que faz as pessoas fazer o que você quer). Aliás, o jogo conta com um minigame chamado Gwent, um jogo de cartas tipo Yu Gi Oh, que tem 04 decks diferentes, monstros (viável apenas quando tiver ao menos 50 cartas no deck), Scoia-Tael (elfos malignos, só de arco), Reinos do Norte (muitas cartas de cerco e espiões, bom) e Nilfgaard (na minha opinião o melhor) e cada NPC que você derrota, ele te dá uma carta para um deck aleatório, é bem dahora, tem o Gwent pra baixar na Steam mas não é igual, o do The Witcher é mais massa. → Conclusão Muito, mas muito bom mesmo, quase chegando perto do Skyrim. Já platinei esse jogo no PS4 e estamos de volta ao game. Minha nota é 9,8/10, se você ainda não jogou, JOGUE IMEDIATAMENTE → Nota 98/100"
231854600,4.766666666666667,True,0,"A obra prima da CDPR, o jogo mais importante dos últimos 11 anos ao lado de Zelda Breath of the Wild. Perfeito, magnífico."
140193318,178.58333333333334,True,1,"Um dos melhores mundos abertos que já joguei. O mapa é gigantesco, repleto de lugares para explorar, e as missões secundárias são tão bem escritas que muitas vezes parecem fazer parte da história principal. O sistema de RPG também é excelente, permitindo criar diferentes builds ao combinar habilidades, equipamentos, poções, óleos, bombas e magias, adaptando o combate ao seu estilo de jogo. Some tudo isso a uma história marcante, personagens memoráveis e uma ambientação incrível, e o resultado é uma experiência inesquecível. As expansões também merecem destaque. Hearts of Stone entrega uma história mais contida, mas extremamente bem escrita, com alguns dos melhores personagens da franquia. Já Blood and Wine é praticamente um jogo novo: adiciona um mapa enorme, uma região completamente inédita, dezenas de horas de conteúdo e uma campanha fantástica que, em vários momentos, consegue superar até mesmo a história principal. É uma das melhores DLCs já lançadas para um jogo e fecha a jornada de Geralt com chave de ouro. Recomendo sem pensar duas vezes."
231813652,18.233333333333334,True,0,"Muito bom esse jogo, contem monstros, rpg, lutas, bosses, magia, é muito top"
231777146,24.55,True,1,"Aiiii geraldão, que jogo bom, Yennefer🔛🔝, Ciri tenha dó do meu pc no witcher 4 pfv"
231774394,7.366666666666666,True,0,MELHOR JOGO QUE JÁ JOGUEI NA MINHA VIDA!!! 1º The Witcher 3 2º The Elder Scrolls: Skyrim 3º Red Dead Redemption II
231761706,100.06666666666666,True,1,"um dos melhores jogos que joguei, muito imersivo e dinâmico, vale a pena demais. só tente não jogar com pressa, não precisa fazer tudo, mas se der chance para a maioria dos contratos e missões secundárias, tenho certeza que sua experiência vai ser muito mais rica."
231755077,42.016666666666666,True,0,"Jogo absurdo da pra matar uns bixo mt pika, historia absurda, mundo aberto incrível de se explorar e tem a gostosa da Yennefer 10/10"
231746624,37.65,True,1,"Esse jogo e uma obra prima! muito bom esse jogo, gameplay, história, personagens... Mas um ponto negativo desse jogo e que ele não explica muito bem o que tem que fazer nas missões por isso eu me perdi varias vezes e tive que pesquisar, e muita atenção no final que você escolher, eu me arrependi do meu e vou jogar de novo."
231746079,76.71666666666667,True,0,"tirando o cavalo, esse jogo é melhor que muito jogo hj em dia!"
231716254,97.95,True,0,"Um dos melhores jogos RPG, um mundo aberto extremamente vivo, missões muito boas historias boas demais, porém tudo isso de bom para termos um dos piores cavalos do mundo(amo o carpeado). Recomendo D+"
231715555,247.4,True,1,"Espetacular! É um exemplo a ser seguido pela indústria. Um jogo que cria missões secundárias não pra comer tempo, mas para entregar algo incrível, que são tão empolgantes ou até mais que as principais! Jogo que permite eu decidir o desfecho da narrativa e sentir que minha gameplay fez a diferença e permitiu personagens estarem vivos, mortos, nações prosperarem ou decairem!"
231708836,43.06666666666667,True,0,"Claro! Uma versão mais descontraída e engraçada, mas ainda elogiando muito o jogo: ⭐⭐⭐⭐⭐ **The Witcher 3 é aquele jogo que você instala pensando ""vou jogar só uma horinha""... e quando percebe já são 4 da manhã.** O mundo é gigantesco, as histórias são incríveis e até uma missão simples de buscar uma coisa qualquer consegue virar uma novela de 10 episódios. Você começa querendo matar monstros e termina envolvido em política, romance, guerra e decisões morais que fazem você questionar se tomou a decisão certa. 😂 **Obra-prima. Se você gosta de RPG e ainda não jogou, está perdendo tempo. Só não reclame quando perceber que sua vida social acabou.** 🐺⚔️"
99109014,189.7,True,1,"Simplesmente o melhor jogo já inventado, joguei no play 4 e quando comprei meu computador já comprei dnv, simplesmente incrível."
231689524,125.21666666666667,True,0,"Um dos melhores jogos que eu já joguei na vida. Só isso. Witcher 3 é como estar ao lado de amigos que você conhece a vida inteira e vivendo junto com ele as suas aventuras, os seus dramas e suas conquistas. Em um mundo gigantesco em que perigos se escondem em cada sombra e atrás de cada árvore, você acompanha Geraldão em suas últimas grandes aventuras antes de sua merecida aposentadoria. Eu tenho 125 horas de jogo na Steam e mais de 400 no Xbox. Acho que vou jogar de novo."
231681724,74.11666666666666,True,0,"Um dos melhores jogos que eu ja joguei, mt bom, recomendo😎🤑🤑"
231669403,13.75,True,1,"Um dos melhores jogos que já joguei na vida. Iniciei o jogo no XBOX Series S, fazendo em torno de 200hs somando a missão principal e exploração. Fiquei um tempo sem jogar, peguei o pacote completo com as DLCs no PC, fiz a conexão entre as contas de console e PC e estou continuando a jogatina na Steam. A experiência com o PC está sendo ainda melhor e sem ter perdido nada com relação ao que já havia jogado no console. Minha única frustração foi não ter conseguido compatibilizar as conquistas entre as plataformas. Mas, ainda assim, o jogo não perdeu a magia."
231643522,23.7,True,7,"- Você cheira maravilhosamente bem. - Geralt, estamos em um funeral! - Você cheira maravilhosamente bem nesse funeral. ✍️"
231633641,93.28333333333333,True,1,"Um dos melhores RPG já feitos, história, ambientação e longevidade do jogo(vai perder umas 200h caso queria fazer os 100%). É um jogo de lançou há 10 anos , mas que até para os dias atuais tem um padrão extremamente alto. Que venha a próxima expansão!"
231633550,161.55,True,0,"Uma obra de arte sem igual. Sabe tudo de bom que você já ouviu falar sobre esse jogo? Então, ele supera. Um universo incrível e muito bem estruturado que é acima de tudo VIVO. Sou suspeito a falar, pois amo o medieval fantástico, mas The Witcher 3 eleva o conceito a outro patamar e que platina maravilhosa meus amigos, do início ao fim. Um bruxo foi criado para caçar monstros e nada mais do que MONSTROS. Não se deixem enganar, pois cada escolha irá ditar o rumo de várias histórias e, nesse mundo caótico, são raras as que terminam em um final feliz. Espero que a sua seja. E lembre-se: Nenhum Bruxo Morre na Cama."
231629358,96.76666666666667,True,0,"eu joguei por muito mais que 70 horas, mas não nessa conta da steam, e também no console acredito que provavelmente em torno de umas 250 horas no total, varias e varias runs jogo da década disparado mundo aberto escolhas influenciam o final tem infinitos finais jogabilidade excelente personagens e historia muito bem explorados"
231627307,87.5,True,1,"nao compre na promoçao, pague o preço que esse jogo merece"
231622947,36.11666666666667,True,0,"muito foda, o mundo é cheio de coisas pra fazer, to com essas 24 horas e ainda nao fiz quase nada do segundo mundo que o jogo libera, e pra vcs terem noção, eu zerei far cry 3 em 21 horas"
231603484,75.85,True,1,"The Witcher 3 não é apenas um RPG sobre matar monstros. É uma experiência sobre pessoas, escolhas e as consequências de viver em um mundo cruel, onde nem sempre existe uma resposta certa. É um daqueles jogos que conseguem fazer você esquecer completamente a missão principal porque qualquer caminho pode levar a uma história interessante. Poucos títulos conseguem transformar missões secundárias em narrativas tão memoráveis ou criar personagens que permanecem na memória muito tempo depois dos créditos. Mesmo com algumas imperfeições no combate e na interface, o conjunto é extraordinário. The Witcher 3 é uma obra que define o gênero RPG de mundo aberto e continua sendo uma referência para jogos lançados anos depois. Se alguém me perguntasse quais jogos considero essenciais para qualquer fã de RPG, ele estaria entre os primeiros da lista."
231594697,98.4,True,0,"Sem exagero, um dos melhores jogos que já joguei. Estou com mais de 80 horas e ainda nem terminei a campanha principal, porque o mundo é tão vivo e cheio de conteúdo que dá vontade de fazer tudo. As missões secundárias e contratos de bruxo são excelentes, os diálogos são muito bons e, para um jogo de 2015, os gráficos continuam fodas. Minha única crítica é a movimentação do cavalo, que às vezes é uma porcaria. Fora isso, é um RPG muito fod@. E o melhor: ainda nem comecei as DLCs, que dizem ser tão boas quanto (ou até melhores que) o jogo base"
231584688,39.833333333333336,True,0,"Era pra ser um dos jogos mais marcantes que ja joguei, mas infelizmente joguei elden ring antes e o brilho do elden ofuscou the witcher. Dito isso recomendo pra quem nunca jogou elden."
231579341,95.81666666666666,True,0,"A imersão na história é fantástica. Ao realizar cada missão, seja primaria ou secundária, é simplesmente incrível. Para quem procura passar tempo jogando, The Witcher 3 ainda é uma excelente opção. Em cada decisão a ser tomada você se sente o próprio bruxo Geralt tendo que resolver os dilemas de um mundo tomado por ódio, preconceito, conspirações e magia. Valeu cada segundo ""gasto"" jogando."
165634349,194.08333333333334,True,2,O que eu posso dizer sobre esse jogo sem duvidas melhor jogo que já joguei na minha vida simplesmente fantastico a historia do game levei 170 horas para poder platinar ele mais valeu apena cada segundo jogando essa obra prima. Garanto pra quem for jogar ele pela primeira vez vai se encantar com jogo com ambietação principalmente a historia dos personagem são otimas
231564362,50.516666666666666,True,0,"melhor jogo da minha vida, me apaixonei por esse universo, os personagens, tudo, agora que venha the witcher 4, com a Cirila."
231553508,47.516666666666666,True,0,"joguei, zerei e amei, nao sinto algo assim desde do rdr2, super recomendo o the witcher 3, historia cativante, personagens amaveis e odiaveis, ambientação e graficos absurdos de bons, só compre, ainda mais se tiver em promo ai nao tem desculpa kakakakak"
231546509,56.8,True,0,Uma obra de arte feita pela humanidade humana dos games
231546346,48.28333333333333,True,0,"você é um bruxo fodão com uma filha fodona e pra melhorar tudo, você pode escolher entre duas GOSTOSAS pra pegar. 10/10"
132385420,117.15,True,8,"Um dos maiores e melhores RPGS de todos os tempos, a história cativante do começo ao fim, personagens bem construidos, missões secundárias pra lá de marcantes, mundo aberto vivo e ambientação perfeita, além da custumização de armadura e/ou espada que é bem imersiva, apesar de ser muito longo vale cada centavo e segundo que você gasta nele, é um jogo para prestar atenção em todos os detalhes e concentrar a busca de ciri, a filha perdida de geralt, e lidar com muitas situações nesse caminho. ===Gráficos=== 🔲140p HD 🔲Aceitável 🔲Bom ✅Ótimo 🔲Perfeito ===Requisitos=== 🔲Pc fraco ✅Um i5 com uma GTX 750TI 🔲No minímo uma GTX 1660 🔲Pc com CPU e GPU muito boas 🔲Pc com I9 14 gen e uma 4090 triple fan ===História=== 🔲Não tem história 🔲Tem uma historinha 🔲Uma história digna de prestar atenção 🔲É sobre a vida real ✅Digna de cinema ✅Uma obra de arte moderna ===Jogabilidade=== 🔲Precisa de dois dedos pra jogar 🔲Aceitável ✅Jogabilidade bacana ✅Jogabilidade excelente ===Complexidade=== 🔲Jogo da velha é mais complexo ✅ Fácil de entender 🔲Fácil de aprender, difícil de dominar 🔲Nivel mediano de exigência 🔲Precisa de muito tempo e dedicação ===Dificuldade=== 🔲Muito Fácil ✅Fácil ✅Médio ✅Díficil 🔲Muito difícil 🔲Muito difícil mesmo ===Tempo de jogo=== 🔲4h 🔲6h 🔲12h 🔲24h 🔲48h ✅100h+ ===Áudio, músicas, ost=== 🔲Beep 🔲É melhor jogar no mudo 🔲Aceitável ✅Muito bom ✅Digno de cinema ===Bugs=== ✅Nunca vi nenhum 🔲Pequenos bugs 🔲Pode ficar irritante 🔲Pode estragar a gameplay 🔲Muito bugado ===Publico alvo=== 🔲Crianças ✅Adolescentes ✅Adultos ✅Idosos ===Compensa Comprar? === 🔲De graça ✅Preço justo 🔲Compre se tiver dinheiro sobrando 🔲Espere uma promoção 🔲Caro demais não recomendo 🔲Mais fácil você queimar seu dinheiro Gostou da análise? siga-me para acompanhar meu trabalho (lives, vídeos e clipes) 🟣 Twitch 🔴 Youtube 📷 instagram"
231526481,48.38333333333333,True,0,Segunda vez que jogo e nao tem como nao amar esse universo.
231518896,44.85,True,0,"Esse jogo eh surreal, vale muito a experiencia. Acertou demais aqui CD."
230977454,17.25,True,0,"Não gostei do primeiro, o segundo era melhor, mas o boneco lento e o jeito confuso de se orientar acabou me expulsando no começo do terceiro capitulo, mas esse aqui até agr é muito bom, me ganhou."
231495490,134.56666666666666,True,0,"Você começa achando que vai só caçar uns monstros e termina viciado em gwent e ignorando a missão principal por 80 horas. As missões secundárias têm mais carinho que muito AAA inteiro. As DLCs são tão boas que devia ser crime vender separado... ainda bem que a complete ed. entra em promoção o tempo todo e praticamente é dada de graça. O Geraldão resolve maldição, golpe de estado, treta familiar, contrato de bruxa e ainda arruma tempo pra comer metade do continente. 11/10. Depois de TW3, todo RPG ocidental parece feito nas coxas."
231478167,527.0833333333334,True,0,"Um dos melhores RPGs já feitos, sou muito fã dos livros e da lore de The Witcher."
231406063,209.13333333333333,True,0,"Um dos Jogos mais Fd que eu já joguei na minha Vida!, é só isso msm."
231399416,133.45,True,0,"um jogasso do caramba, recomendo jogar sem guias e sem saber de nada, é emoção atras de emoção, o jogo é bem fácil então não tenha medo das outra dificuldades"
231391567,65.45,True,0,Espero no futuro encontrar um jogo tão bom quanto esse.
231386092,173.76666666666668,True,0,"Melhor jogo de RPG de todos os tempos. A Dublagem Brasileira faz um grande diferencial, ficou excelente..."
231385433,64.95,True,0,no normal algumas partes se não forem devidamenti preparadas vou te dar dor de cabeça super recomendo
122459870,87.43333333333334,True,0,"no começo jogo somos agraciados com os pés gulosos do geralt, recomendo"
231372736,10.483333333333333,True,0,"Cara, que grande jogo. Incrível, dublagem é ótima, história também. Nada para reclamar, apenas perfeito. Construção de cenário e personagem é mais que boa, adorei, e vou continuar."
231361597,4.85,True,0,"muito bom, por ser antigo roda com gráficos altos em pcs leves"
231359459,23.25,True,0,Jogo muito bem feito. Um dos melhores que já joguei.
231350739,301.26666666666665,True,0,"The Witcher 3 é um jugo muito denso, imersivo e possui um universo apaixonante. Simplesmente um dos melhores jogos que já joguei."
231331923,40.35,True,0,"esse jogo é uma obra prima do mundo dos games, jogo foda D+++++ é quase um crime comprar esse jogo por MENOS DE 50 CONTO"
231315555,131.06666666666666,True,0,"Um dos melhores jogos de todos os tempos. Resolvi rejogá-lo depois de 10 anos e, graças à atualização para a nova geração, seus gráficos continuam belíssimos mesmo após tanto tempo. Na verdade, o que torna The Witcher 3 tão bonito é, acima de tudo, sua direção de arte. É um jogo feito com um cuidado e carinho impressionantes. Ainda não havia jogado as DLCs e fiquei surpreso ao descobrir que elas são tão boas quanto (ou até melhores) que a campanha principal. Para quem vai embarcar nessa aventura pela primeira vez, só tenho um conselho: sente-se, relaxe e aproveite a viagem."
231283661,24.866666666666667,False,0,"Um jogo perfeito, arruinado por um launcher ridículo chamado RED launcher. Essa bomba falha ao iniciar quase toda vez que tento jogar e o jogo não abre se esse troço de launcher não abrir. Vi que é possível de alguma forma configurar o jogo para não carregar esse RED launcher, mas é simplesmente ultrajante ter que arrumar formas de fugir dessa prática abusiva da empresa."
231261285,5.733333333333333,True,0,"Que jogo fantástico. A trilha sonora é incrível, relaxante e combina perfeitamente com a atmosfera do jogo. Os gráficos são lindos, e o mundo é vivo e cheio de detalhes. The Witcher 3 é o jogo da minha vida."
231259668,151.78333333333333,True,0,Melhor jogo que já joguei na vida. Quem não jogou está perdendo uma obra prima!!!
231252005,41.483333333333334,True,0,"achei que ia ser um jogo de mago, do nada o caba maceta a feiticeira 10/10"
231251462,138.55,True,0,"Quem são os monstros? The Witcher 3 conta a história de um homem que perdeu tudo e agora corre atrás para buscar aquilo que perdeu. É a história de um pai que está disposto a abrir mão de si e de tudo à sua volta para ter sua amada filha com ele de novo. Esse jogo é revolucionário: tudo aquilo que um RPG de fantasia, em mundo aberto, deseja ser. Não só na variedade de tarefas e opções para se fazer pelo mapa, mas a ambientação, os diálogos, a fotografia, a trilha sonora, o clima. Tudo isso contribui significativamente para a construção desse mundo tão rico. As expansões contribuem TANTO para esse jogo que fica difícil de imaginar jogá-lo sem ter as expansões instaladas. Já disse numa nota de diário que Hearts of Stone possui um aspecto filosófico maior do que Blood and Wine, principalmente por causa das decisões que o jogador precisa tomar, olhando o ponto de vista de Geralt. Já Blood and Wine apela para um forte senso de ""final feliz"" — obrigações cumpridas e um mal derrotado —, possuindo outro tipo de experiência de jogabilidade. Além disso, essa última expansão reforça uma ideia martelada durante tooodo o jogo (que vou citar mais à frente). Alguns ""defeitos"" que senti durante a gameplay foram quanto à dublagem em pt-br (o sentimento é de que foi feita usando IA), a movimentação problemática com o cavalo (em diversos momentos, preferi percorrer 2 mil passos a pé do que ir a cavalo), a dificuldade em conseguir dinheiro (apesar de fazer sentido dentro do contexto in-game, o jogo te deixa refém e aumenta em muito a dificuldade de progressão, porque tudo é muito caro) e a dependência forte das expansões para entregar algo diferente, além do tradicional. Apesar disso, TW3 renovou minhas esperanças para a nova expansão anunciada para 2027 e para o The Witcher 4. É um trabalho tão bem feito e bem construído que coloca uma régua alta para os próximos RPGs fantásticos de mundo aberto. O pensamento com o qual terminei o jogo foi: ""Se a CD fez The Witcher 3 há anos e nessa qualidade, não é 'tão' difícil e tá nas mãos da Warhorse fazer um jogo de Senhor dos Anéis ainda melhor e maior"". Por ser um jogo relativamente longo, o que me prendeu do início ao fim durante essas 140h foi a ideia de que ""os verdadeiros monstros são os humanos (seres) comuns"". Isso é tão marcado no jogo, tão cativante, presente em cada diálogo, nas dinâmicas de sociedade, nos preconceitos entre povos e raças, nas emoções, em tudo. Enfim, a platina vai vir com Songs of the Past ano que vem. Até aqui, que jogaço. Yennefer > Triss? Só o futuro (e o Geralt) dirá!"
144207491,34.71666666666667,True,0,"The Witcher 3 é um daqueles jogos que fogem completamente do comum. A imersão é absurda e, em pouco tempo, você sente que realmente faz parte daquele mundo. O universo é vivo, as missões são memoráveis e até as histórias secundárias conseguem ser melhores do que a campanha principal de muitos jogos. Explorar cada vila, floresta e cidade é uma experiência por si só. É um dos jogos mais incríveis que já joguei e uma obra-prima que todo fã de RPG deveria conhecer."
231238116,14.866666666666667,False,0,"o jogo é horrivel, mecânica totalmente travada, parece que to sempre lento. pessoal fala que é maravilhoso , so pode ser efeito mandela"
114067364,38.5,True,0,"Uma das melhores experiências que já tive na vida, no que diz respeito a jogos, tudo feito com maestria, cada missão cada história contada com riqueza de detalhes, vale cada minuto."
231223061,113.1,True,0,"Comecei jogar pra sapecar a ruiva, e acabei sapecando todas possíveis, jogando 50h seguidas de Gwent e sendo humilhado pelo lobisomem do começo do game. Faria tudo de novo só para ouvir Back On The Path"
231207150,76.16666666666667,True,0,"Um jogo muito bom do inicio ao fim, o que enjoa muito é a questão da jogabilidade extremamente repetitiva e pouco variavel."
114256070,778.0,True,0,"Você pode fazer tudo aquilo que não consegue na vida real, tipo lançar magia e conversar com garotas."
231176195,79.53333333333333,False,3,"Tipico caso em que um jogo envelhece muito mal. Varios bugs, historia arrastada, dialogos interminaveis e cansativos, falta de conexão entra historia principal e missoes secundarias. Excesso de missoes sem sentidos, mapa cheio de coisas repetidas, bussola do jogo que não te leva pro objetivo, dinamica de combate ruim. Eu poderia listar varias outras coisas. Insisti nesse jogo, pois sempre foi muito bem recomendado, mas confesso que foi uma das minhas maiores frustrações."
214847303,264.46666666666664,True,0,"Depois de realmente JOGAR esse jogo, eu tenho certeza que estou falando do MAIOR rpg de todos os tempos. O mundo aberto desse jogo é algo absurdo quando você para pra pensar que ele foi programado em 2015, suas quests secundárias são as melhores que já joguei na vida, seu sistema de subir de nível e muito bom, as armaduras do jogo são algo absurdo de bonito e bem fáceis de se pegar os diagramas, tendo cada escola de bruxo, sua narrativa é excelente se tratando tamto do jogo base quanto das DLC's falando nelas acredito que até hoje é difícil alguma dlc superar ""blood and wine"" , essa expansão é praticamente um jogo novo, valeu cada centavo que gastei no passe. Resumindo, com certeza é um dos jogos que mais faz eu me apaixonar pelo gênero, um dos melhores jogos que já joguei na vida, muito orgulhoso de mim mesmo por ter feito essa platina, e para quem for jogar, aproveite para explorar o mundo... Você não vai se arrepender."
231163605,13.45,True,0,"É um dos melhores RPG já feitos. No início a gameplay é um pouco pesada, mas conforme o tempo passa, as batalhas ficam mais interessantes, no modo normal raras as vezes que vc irá morrer, para quem gosta de um desafio, coloque em um nível acima do normal. Nota 10"
231155838,64.55,True,0,"Jogo excelente! recomendo principalmente para uma primeira experiencia em um PC gamer, entrega bastante em mecânicas e principalmente em historia."
231069031,129.56666666666666,True,0,"O enredo é bom e as quests são excelentes. O jogo tem o combate mais lento e travado que já vi em um RPG, mas configurando corretamente dá para melhorar."
231147061,22.116666666666667,True,0,"Jogo muito top, nem parece ter mais de 10 anos de lançamento."
231132402,183.51666666666668,True,0,"Simplesmente um dos melhores jogos que já joguei na vida! Joguei The Witcher 3 em 2026, mais de 10 anos após o lançamento, e mesmo assim a experiência foi surreal. Para quem ainda tem um pingo de dúvida se vale a pena jogar: pode ir sem medo! E, se possível, já compre as DLCs também. Elas são absurdamente boas, praticamente jogos completos à parte, mas ao mesmo tempo continuam totalmente conectadas à história e ao universo do jogo principal. Eu nunca fui muito fã desse tipo de jogo, mas depois de jogar The Witcher 3, simplesmente me apaixonei. O único problema é quando acaba… você fica órfão de jogo bom, porque hoje em dia é difícil encontrar algo feito com esse nível de qualidade e cuidado kkkkk. Obra-prima. Vale cada minuto!"
231120502,60.96666666666667,True,2,"um dos, se nao o melhor jogo de rpg já feito Mundo aberto fascinante, Missoes secundarias incriveis. Lore boa, Recomendo para qualquer um"
231091112,98.11666666666666,True,0,passei quase um ano pra terminar e valeu mto a pena!!
65065172,2051.05,True,0,"JOGO LIXO DA PORRA... Na verdade... STEAM LIXO DA PORRA. Há um tempo atrás joguei pela conta de um amigo só pra testar. Curti pra caralho, fui lá e comprei essa porra... só a versão base. Como todo mundo fala que as DLCs valem muito a pena, pensei em pedir reembolso pra pegar a Complete Edition. Mas a filha da puta da Steam contou as 30 horas que eu tinha jogado na conta do meu amigo. Resultado: fui burro, a Steam me trollou e agora vou ter que ficar com a versão base mesmo. Aliás... do que eu tô falando? KKKKK Compra o jogo, compra todas as DLCs (inclusive a que tá pra vir) e seja feliz. Só tenha paciência, porque o começo é bem lento. Parando pra pensar, The Witcher 3 é repetitivo pra caramba: conversa com fulano, investiga, mata o monstro, pega o pagamento e repete. Mas o mundo, os personagens e principalmente os diálogos são tão bons que você esquece completamente que tá fazendo leva e traz. Melhores momentos: A missão do bêbado em Oxenfurt é, sem dúvida, a melhor do jogo. Geralt bêbado é comédia pura. ""Onde os Gatos e Lobos Brincam"" tem um dos finais mais emocionantes. ""Pegue o Júnior"" também é foda. Dependendo da ordem que você faz as quests, você cai nas arenas dele e tem que lutar contra um monte de gente, urso e monstros. E pra fechar com chave de ouro: numa das missões de Punhos de Fúria você sai no soco com um troll de pedra. Sim, um troll de pedra. Fica um tempão só dando murro na cara daquela desgraça. Aí eu lembro daquela trend dos ""100 homens contra 1 gorila"". Teve um cara que respondeu ""Geralt"" e ainda zoaram a ideia. Meu fi... essa galera deve estar pensando no Geralt da série de TV ou dos livros, porque o do jogo é outro nível. O Geralt de The Witcher 3 já matou dragões, basiliscos, gigantes, lutou com urso, trocou soco com troll de pedra e destruiu um monte de criatura que pisaria num gorila sem nem suar. Se for o Geralt dos jogos... eu sinto muito pelo gorila. KKKKK"
231066148,104.4,True,0,"ainda nem zerei o jogo e estou com quase 60 horas de gameplay, o enredo, mapa e missões deixam a pessoa inspirada a explorar mais e mais em busca do que o jogo tem a oferecer por completo, definitivamente um dos melhores jogos que já tive o prazer de apreciar em vida, sempre terá um lugar no meu coração."
23295245,1910.5,True,0,"Análise – The Witcher 3 Este foi o jogo que mais zerei até hoje. Tenho mais de 700 horas registradas na Steam e ainda não me canso de jogá-lo. O mapa é enorme e há uma quantidade impressionante de conteúdo para explorar. Além das missões, você pode passar horas jogando Gwent, montando sua build, forjando equipamentos e explorando cada canto do mundo. Mesmo tendo sido lançado em 2015, os gráficos continuam excelentes e ainda impressionam. Muitos jogos de mundo aberto sofrem com missões secundárias repetitivas e sem graça, mas esse não é o caso de The Witcher 3. Em vários momentos, você acaba deixando a campanha principal de lado para fazer as missões secundárias, que são extremamente bem escritas e recompensam o jogador com dinheiro, experiência e equipamentos. Apesar de todas as qualidades, o jogo não é perfeito. O principal ponto negativo é o controle do cavalo, Roach, cuja física é bastante problemática. Também faz falta uma física mais elaborada para a água e animações mais realistas nesse aspecto pois e inexiste, ja que caso o Roach caia na agua o cavalo simplesmente ira desaparecer. Outro problema está em alguns elementos do combate. Se o jogador não tiver uma boa build, além de armas e armaduras de qualidade, será necessário acertar vários golpes para derrotar determinados inimigos. Ao mesmo tempo, NPCs comuns, usando espadas simples, conseguem matar outros personagens com apenas um golpe. Isso passa a impressão de que o sistema de progressão em estilo RPG se aplica apenas ao Geralt, enquanto os demais personagens seguem regras completamente diferentes, o que acaba prejudicando a imersão. Também vale destacar a moralidade do Geralt. Diferentemente de jogos como Skyrim, onde o jogador tem liberdade para atacar praticamente qualquer personagem e agir como quiser, The Witcher 3 mantém Geralt dentro da personalidade estabelecida nos livros. Isso pode desagradar quem prefere uma experiência de mundo aberto mais livre. Felizmente, no PC, esse aspecto pode ser parcialmente modificado com mods. No geral, The Witcher 3 é um jogo que possui alguns defeitos, mas suas qualidades superam esses problemas com muita folga. É, na minha opinião, um dos melhores RPGs de ação já feitos e um título que continua sendo referência no gênero, mesmo muitos anos após seu lançamento."
231052813,12.85,False,1,"Minha opinião sincera: The Witcher 3 tem uma história foda, mas a jogabilidade é horrível Deixando claro logo de início: eu não zerei o jogo e nem tô perto disso. Joguei cerca de 12 horas, ainda tô no começo e decidi desistir porque a experiência tá sendo só estresse e frustração. Reconheço o valor do título, a fama que ele tem e a história incrível que todo mundo elogia, mas para o meu gosto, a jogabilidade simplesmente não dá. Uma péssima porta de entrada para RPGs: Pra quem não tá acostumado com o gênero ou não tem paciência pra burocracia, o jogo é uma barreira gigante. Ele te joga no meio das coisas, não explica direito o que fazer e acumula dificuldades de forma chata em vez de ser intuitivo. Movimentação e expressões travadas: A movimentação do Geralt e dos personagens parece dura, pesada e datada. As expressões faciais são engessadas, o que quebra a imersão. Caos visual e menus horríveis: A interface é poluída demais. Os menus de inventário são uma merda de navegar e a poluição de ícones no mapa é um caos visual que mais confunde do que guia. Combate e mecânicas irritantes: O combate é truncado. Ter a espada quebrada no meio de uma luta e ficar travado tentando usar poder torna o ritmo extremamente cansativo e sem graça. Conclusão: Não preciso zerar pra saber que o estilo de jogo não é pra mim. O universo pode ser rico, mas a jogabilidade é horrível pro que eu busco em um videogame. Torço pra que no The Witcher 4 eles arrumem essa movimentação travada, os menus confusos e essa burocracia do caralho. Se mantiverem a mesma estrutura, vai ser outra bomba. Tentei dar mais de uma chance, mas não vale o meu tempo nem a minha paz."
231034589,243.63333333333333,True,0,"A direção de arte, história, personagem, trilha sonora e visuais são realmente incríveis. Mas os programadores programaram isso que nem o * deles. CDProjekt RED, né? Não dá para alternar entre controles e teclado e mouse da maneira satisfatória e o modo controle é HORRÍVEL, te obrigando a usar os L3/R3 constantemente, o que causa drifs terríveis. A movimentação é horrível e o combate é travado, embora tenha builds interessantes neste último caso. Eu recomendo o jogo se você AMA RPGs, The Witcher e jogos de mundo aberto. Senão, fique longe."
46670091,108.53333333333333,True,2,"The Wicher 3 conta a continuação da história de Geralt De Rivia o caçador de p00tas cabra macho frequentador de estabelecimentos voltados a entretenimento com damas da noite, secundariamente faz uns bicos cumprindo missões e ajudando os amigos, para que?= para pagar as raparigas, e eu falei dos os gráficos? então são lindos até nisso que tu ta pensando´´Wow Nice Graphics``´´Ohh year, ohh my gosh`` (também tem dublagem mas eu deixarei você saber como é pessoalmente) HEHEHEHEHEHEHEH, não é equivocado dizer que o bruxo não perdoa ninguém(se eu falar demais vai ter spoiler, mas nunca tente um romance a 3 dentro do jogo, você vai ter um trauma kkk). Fora /dentro disso ahhh É UM JOGO 10/10 GOTY"
231022622,6.0,True,0,"infelizmente meu pc no momento é uma bomba e não roda essa obra de arte direito kkkkkkkkk porém o pouco tempo que joguei foi o suficiente para eu me apaixonar por esse jogo, dito isso: JOGAÇO! recomendo muito."
115216354,6.233333333333333,True,0,"Ótimo jogo, irei recomeça-lo quando lançar a nova DLC songs of the past no ano que vem."
230990966,106.78333333333333,True,0,"Foi o jogo mais legal que ja joguei, gosto de fantasia medieval e a historia é riquissima"
213443948,42.28333333333333,True,0,"Jogo perfeito, entra fácil em uma lista de melhores jogos para se zerar, a historia dele é perfeita e te prende ate o fim, no começo mt gente pode dropar do game, mais não faça isso, mesmo que pareça chato ou demorado, vale cada segundo dentro desse jogo. Minha experiencia nele até o momento foi ótima, tirando a parte de eu ter jogado ele meio rushado, focando mais nas missões principais, com isso ainda peguei o final ruim kk. Com toda certeza vou rejogar muitas vezes. Jogasso da prr, RECOMENDO DMSS!!!!"
100567014,261.3666666666667,True,1,"Amazing work puting so much content on a card game, loved it."
230916649,220.41666666666666,True,2,"Depois de 200 horas de jogo, cheguei a conclusão que esse é de fato, um dos melhores jogos que já joguei em toda a minha vida, mas entendo que não vai agradar todo mundo. O jogo é repleto de diálogos e cutscenes, e isso até poderia ser um ponto negativo se não fosse a imersão de The Witcher, toda vez que abro o jogo é como se de fato fosse transportado para dentro dele, os devs fizeram um trabalho praticamente perfeito na diversidade de locais, e como cada um deles possui as próprias características, vegetação, música, tipo de solo, monstros, conflitos locais, arquitetura, enfim, MUITA coisa que faz com que tu consiga diferenciar lugar de lugar, e ficar cada vez mais propenso a querer explorar. Essa imersão é o que me faz querer ouvir cada diálogo, cada cutscene, entender o que de fato está acontecendo naquele local, analisar as diferentes possibilidades, enfim é muito conteúdo para um jogo que frequentemente está custando R$19,00 em promoções. A ÚNICA coisa que não me agrada tanto, porém entretanto é compreensível pela data em que o game saiu, é o combate, realmente não tem muito desafio, bate, desvia, bate, desvia, usa poderzinho, bate, desvia, enfim, realmente ficou muito datado, mas não deixem de ter essa experiência por isso, vale muito a pena."
230907626,35.35,True,0,"Muito bom bastante açao, porém a história as vezes é um pouco arrastada mas isso é um bom jogo"
229554672,95.38333333333334,True,0,"meu terceiro jogo favorito, demorei para engajar nele de vdd. comecei pelo playstation mas dai comprei um pc e voltei a jogar por aq msm, estou com 54 hrs de jogo ate agr, mas ele tem conteudo la pra mais de 300 ou ate 700 hrs. JOGUEM, RECOMENDO DMS"
220289565,208.95,True,0,"Geralt de Rívia é famoso porque conseguiu algo raro: é um protagonista extremamente complexo, mas também extremamente humano. Em uma indústria cheia de heróis destinados a salvar o mundo, ele é um homem que, na maior parte do tempo, só quer sobreviver, cumprir seu trabalho e proteger as poucas pessoas que ama. O que o torna tão marcante é justamente o contraste entre sua aparência e sua personalidade. Ele é um bruxo geneticamente modificado, de cabelos brancos, olhos felinos e reputação de não sentir emoções. No entanto, suas ações mostram exatamente o contrário: ele cria laços profundos com Ciri, mantém uma relação intensa com Yennefer, é leal a amigos como Dandelion, Vesemir e Regis e frequentemente arrisca a própria vida por desconhecidos, mesmo quando isso não lhe traz benefício. Outro fator é sua ambiguidade moral. Geralt evita tomar partido em guerras e costuma repetir que prefere permanecer neutro. Porém, o mundo de The Witcher constantemente o obriga a escolher entre dois caminhos igualmente dolorosos. Quase nunca existe uma opção claramente ""boa"". Esse tipo de narrativa faz com que o jogador reflita sobre as consequências das próprias decisões. Além disso, Geralt foge do arquétipo do herói infalível. Ele perde pessoas importantes, falha, sofre, é enganado e vive com o peso das escolhas que fez. Isso faz com que pareça uma pessoa real, não apenas um avatar do jogador. Sua fama também vem da consistência. Diferentemente de muitos protagonistas, Geralt não foi criado apenas para um jogo. Sua história começou nos livros de Andrzej Sapkowski, foi expandida pelos três jogos da CD Projekt RED e manteve uma personalidade coerente durante décadas. Essa continuidade deu ao personagem uma profundidade rara nos videogames. Outro ponto importante é que Geralt não é definido apenas por sua força. Embora seja um dos bruxos mais habilidosos, ele vence principalmente por inteligência, experiência e preparação. Estudar monstros, preparar poções, aplicar o óleo correto e usar o sinal adequado fazem parte da identidade do personagem. Isso reforça a ideia de que ele é um profissional, não um super-herói. Por fim, seu desfecho em Blood and Wine é um dos motivos pelos quais ele é tão lembrado. Depois de uma vida inteira marcada por guerras, perdas e sacrifícios, Geralt finalmente encontra um lar em Corvo Bianco. Em vez de morrer como tantos protagonistas, ele conquista algo que parecia impossível: paz. A última cena, em que olha para a câmera e sorri, é amplamente interpretada como uma despedida tanto do personagem quanto da CD Projekt RED aos jogadores. É por essa combinação de profundidade, humanidade, escrita consistente e um encerramento memorável que Geralt está entre os maiores protagonistas da história dos videogames, isso se não for o maior."
230874324,70.3,True,0,"jogo fantástico, Historia muito boa até pra quem não leu o livro vai entender. recomendo pegar as DLCs q vale muito apena"
230868487,50.483333333333334,True,0,"Um baita jogo, vc joga e nem sente o tempo passar tbm não sente o jogo ficar repetitivo, apesar de ter varias missões parecidas cada uma conta com sua própria mecânica de certa forma, tornando o jogo bem divertido ate o pos game Recomendo demais."
230867093,57.0,True,0,"história muito envolvente e viciante, da vontade de fazer todas as missões secundárias."
230864294,175.36666666666667,True,1,"simplesmente meu jogo fav, amo a ambientação e a historia, os personagens são bem construídos e me fizeram se apaixonar por eles, principalmente a Yen <3 Ate as sidequest das mais simples são boas, eu consigo passar uma cota montando uma build, pq tem muito recurso pra se explorar dentro do jogo. tw3 sempre entra em promo e vale super a pena, inclusive as dlcs (na blood and wine você tem ate casa!!). Eu ja conhecia a historia, mas mesmo se não conhecesse não ficaria perdida, porém indico pelo menos dar uma lida em algum resumo sobre o mundo de the witcher, alguns personagens tem historias passadas com o geralt que não é explicada no tw3. Agora é aguardar ansiosamente por TW4 e pela Ciri <3"
230856854,130.25,True,0,"Simplismente perfeito, o jeito em que a exploração é satisfatoria e leve nesse jogo é muito boa, vc ta indo de repente um dragão com o nivel ?? aparece e te obriga a sair correndo é fantastica, ai vc faz todos os contratos explora o mapa e lemnbra que tem modo historia."
230834896,73.51666666666667,True,5,"eu comprei ele na promoção por 12$, eu fazia questão de pedir reembolso e comprar ele de novo no valor normal. Muito Bom o jogo"
230832747,20.733333333333334,True,0,"Completamente imersivo! Tive a oportunidade de jogar apenas em 2026, no entanto, em que pese ser um jogo da geração passada, é uma referência para qualquer experiência de mundo aberto."
230808844,143.08333333333334,True,2,"Depois de 140 horas almoçando e jantando The Witcher 3 cheguei ao fim e estou em abstinência querendo mais, ainda bem que vão trazer outra expansão em 2027 e que ela seja tão boa quanto a Blood and Wine, agora so me resta esperar ansioso pela expansão e The Wicther 4 !!"
230790747,104.45,True,0,"Muito bommmmmmmmm, super divertido, historia muito boa e otimo modo de jogo"
230787153,60.18333333333333,True,0,"o jogo dispensa comentarios, simplesmente o melhor rpg da decada do seu lançamento, influencia marcada ate mesmo nos lançamentos atuais."
149027480,348.8,False,0,"Prós: O jogo oferece uma boa quantidade de escolhas significativas, como decidir quem será sua parceira romântica, diferentes finais para a Ciri e diversas quests finais variadas. A parte de investigação é muito bem feita e divertida. O mundo reage às suas decisões e muda conforme você joga as DLCs, inclusive alterando a palheta de cores. Foram uns dos primeiros jogos dublados e com ray tracing por mais que antagonicas as decisoes do personagem a personalidade do gerald continua a mesma, incrivel um game fazer isso ainda mais de RPG onde voce tem diversas opcoes de dialogo para explorar. Contras: Perdi uma linha de diálogo específica e acabei não explorando um local importante, porque o jogo é bastante linear nas missões e escolhi seguir exatamente o que os personagens sugeriam e acabei perdendo outras missões possíveis. Não gosto de ter que jogar Gwent (é extremamente chato), já que comprei o jogo para viver a aventura e não para um minigame de cartas. Há cutscenes excessivamente desnecessárias o tempo todo com NPCS com muito spacing, mirar com a besta é péssimo, nadar é uma merda, sistema de fast travel exige muita caminhada irritante, inventário sempre fica cheio mesmo no maior nivel, cavalo é burro e sempre da spawn atras de voce e nunca fica perto, câmera e o lock-on são ruins se tiverem muitos inimigos ou com um boss pois o lock in nao sai do boss o combate exige muita paciência para zerar no marcha da morte (mais dificil). O antagonista principal aparece pouquíssimas vezes (só duas, basicamente) e o final é broxante ja que ele é uma esponja de dano. A árvore de habilidades é praticamente inútil você desbloqueia alguns golpes e upgrades de % de magia e pote, os mesmos slots do lvl 15 do início ficam com você até o fim do jogo base. São mais de 300 missões, muitas delas repetitivas pra krl, e o jogo só vale realmente a pena com as historias da DLCs inclusas. Por fim, perdi um save com mais de 320 horas devido a corrupção, o que foi extremamente frustrante. Você desbloqueia quatro armaduras de bruxo importantes que se adaptam às suas necessidades conforme vc joga e upa o personagem, infelizmente so te 4 que importam no game INTEIRO com a mesma variedade de dublagem tbm pq parece q só tem 4 vozes o game todo. As DLCS que salvam o game e as conquistas pra quem quiser platinar, Gaunter O'Dimm é, de longe, um dos melhores personagens de todo The Witcher 3 e o melhor vilão da franquia. Ronald da teclab ( membro representante da galax no brasil) com uma 4080 de 10 mil reais nao conseguiu rodar o game com raytracing a mais de 60 fps, esse game e filhadaputamente pesado e igualmente bonito porem crasha toda hora e tem muita propaganda woke como aborto feminismo ETC."
230770411,73.93333333333334,True,0,"Jogo top demais, muitas coisas para fazer e um mapa gigante para explorar, recomendo."
195559381,308.2,True,1,"Fui obrigado a pagar imposto, perseguido pela receita federal ate aqui."
230710217,42.583333333333336,True,0,"É um ótimo jogo, porém você vai precisar se dedicar para ficar 100% imerso nesse mundo, tipo um RDRD2, se você não consegue por estar jogando no pc, e não no console, acho que não vale a pena comprar, ai você pode baixar ele por outros métodos para testar e ver se é pra você"
230708132,24.4,True,0,Caso vocês queiram perder a conciencia da própria existência recomendo mt.
230697142,65.28333333333333,True,0,"um jogo que demanda muito tempo. Você só aproveita as horas de gameplay. Recomendo muito este jogo. Mas separe um tempo para ele e faça tudo curta cada momento, escolhas e batalhas."
230695800,88.85,True,0,"quase 90 horas de jogo e eu finalmente acabei tudo, o jogo base e as dlcs, não fiz 100%, é claro, mas fiz tudo q achei no caminho, e valeu cada segundo, apenas jogue, sem se preocupar com nada, só curtir esse universo maravilhoso e tudo q ele tem pra oferecer."
230691796,206.16666666666666,True,0,"Por muito tempo esse jogo foi meu favorito, o universo dele é apaixonante, os personagens cativantes e a história incrível. Para mim o diferencial desse jogo são as side quests dele, cada missão parece que foi feita para ser uma história principal, cada contrato que você cumpre te deixa mais imerso no papel de ser um bruxo. As DLCs valem muito a pena, são tão boas quanto o jogo principal, se não melhores até, não sou muito de avaliar DLCs, mas essas definitivamente valem a pena, ambas elas. Considerações a quem não sabe sobre o jogo: Eu sou um jogador que quando tocou nesse game a 1°vez, confesso que não gostava de RPGs, mas ele abriu minha mente e hoje em dia meu top 3 jogos da vida tem 2 RPGs kkkk. Os controles dele não envelheceram tão bem, na época inclusive afastou muitas pessoas, mas vai por mim que ele é o suficiente, se você passar pela barreira do combate desse jogo, irá aproveitar uma obra-prima."
230661737,88.06666666666666,True,0,"1x jogando depois de 10 anos de lançamento. E o jogo é excelente, muito dinâmico, divertido, e te prende sempre querendo jogar mais, seja fazendo as missões principais, ou cavalgando pelo mundo aberto nas secundarias e apreciando a paisagem. Tem 1 coisa q me incomodou, que é a parte de navegação com o barco, cara como é maçante andar pelo mapa de barco, indo de ponto de interrogação para o outro. Andar a cavalo é 10x melhor, além de você esta passando pelos NPC é ouvi algumas frases icônicas kkkk (A do cara falando: ""Socorro, me salve, estou morrendo de pobreza!"")"
230633593,66.15,True,0,"Zerei alguns anos atrás por console. Voltei a jogar no PC em antecipação para a nova expansão e não me decepcionei nenhum pouco, uma obra prima do RPG e dos games"
230627547,93.91666666666667,True,0,"Jogo top, muita coisa pra fazer, missões principais, secundarias e o principal historia que te prende."
230625679,140.51666666666668,True,0,"Excelente. Para quem não tem pressa de terminar logo e gosta de jogos imersivos! Bem otimizado, poucos bugs (que necessitam recarregar algum save no máximo), mas em geral sem falhas, muito bem feito."
195318768,132.31666666666666,True,0,"Ter ânimo para superar o início lento foi uma das melhores coisas que eu já fiz. JOGAÇO. A gameplay demora um pouco para encaixar, mas depois que você se acostuma, ela se torna muito boa. O combate é divertido, explorar o mundo é extremamente satisfatório e a quantidade de detalhes faz o mapa parecer realmente vivo. As missões são variadas e muito bem escritas. A campanha principal é excelente e os personagens são um dos maiores pontos fortes do jogo. Graficamente é absurdo, a direção de arte é 10/10. O mundo de The Witcher 3 é lindo, cheio de lugares interessantes para descobrir e uma atmosfera única. Enfim... se tornou um dos meus jogos favoritos."
230612644,346.8,True,0,"Diria de forma bem simples, perfeito. Mesmo nos pontos menos legais ainda continua sendo um jogo fenomenal. Os personagens são muito envolventes, carismáticos e vibrantes. Adoro ficar perambulando pelo mapa fazendo algumas caças aleatórias e voltar para a main quest, vai fluindo, acontecendo. Fazendo as coisas no meu tempo, sem pressa so aproveitando os detalhes das escolhas, dos momentos, de cada quest, de cada história. E colecionar os equipamentos é uma jornada quase a parte, enriquecer o carinha das runas é uma realidade triste -_-. Para mim, é um dos poucos jogos que senti uma vontade imensa em voltar a jogar o newgame+, e descobri quest que tinham sido adicionadas posteriormente. Um jogo maravilhoso simples assim 10/10"
163846854,160.3,True,0,"10/10 Acredite em mim quando eu digo que existe um motivo pra esse jogo ser tão popular e tão bem falado. E esse motivo é mais do que justificado na jornada de The witcher 3. Muito provavelmente o jogo mais espetacular que eu já joguei, pelo menos até agora. Um jogo de 2015 que não envelheceu nada e segue sendo muito, mas muito melhor do que outros RPGs de ação que tentaram beber da mesma fonte de TW3 (o God of war de 2018 é um bom exemplo). A mecânica de alquimia me pareceu muito chata e confusa no ínicio, mas depois que se pega o jeito ela vira um dos pontos mais inovadores e divertidos, principalmente depois que você desbloqueia a mutação que vem na DLC. E por falar nos conteúdos adicionais, te garanto que eles valem MUITO a pena, ambos trazem histórias maravilhosas; a Blood and Wine adiciona uma quantidade imensa de coisas novas, e a Hearts of Stone vem com uma história incrível e emocionante. Obviamente, nem tudo é perfeito, e por mais que esse jogo tenha se aproximado muito da perfeição, eu não pude deixar de notar alguns pontos bem superficiais que me incomodaram. O primeiro deles é o ritmo do ato final do jogo, que me pareceu muito apressado em alguns pontos que eu sinto que deveriam ter um pouco mais de calma. Algumas missões secundárias sofrem com esse andamento mais corrido no final do jogo, e uma missão em específico sofre muito com isso. Por fim, só ressalto que eu amo a dublagem desse jogo, mesmo ela tendo seus problemas bem evidentes. O preço assusta bastante, eu sei. Principalmente por ser um jogo de mais de 10 anos atrás. Mas se tem um jogo de 2015 que vale essa grana toda, é esse aqui."
230591919,134.31666666666666,True,0,Um dos melhores de todos os tempos e o melhor de sua época !!!
230577840,79.46666666666667,True,0,"entrou pro top 3 melhores jogos que eu já joguei. caso for jogar nunca se esqueça, sempre crie um save antes de cada missão da historia, as vezes você não pode ficar muito contente com suas escolhas então é sempre bom ter como voltar atrás."
230577617,89.26666666666667,True,0,"Conteudo Proibido. Isso não é um jogo, é uma Obra Prima. Só perde pra RED DEAD REDEMPTION 2"
230571284,0.11666666666666667,True,0,jogo otimo mais e muito pesado mas não quero dizer na idade mas sim de giga
230570082,306.98333333333335,True,0,"""Lobos dormem noite a dentro Morcegos voam ao relento Uma alma perdida que dorme jamais Com medo de bruxas e sombras fatais"" O ano era 2019, bem depois do lançamento e eu fui me arriscar em RPG, na época não gostava do gênero e não tinha jogado nada parecido, e fiz a aposta de jogar esse jogo, sei que ele é um RPG de ação antes que venham dizer que não é um RPG completo, mas foi a porta para mim nesse universo, é muito difícil descrever oque esse jogo significou para mim, porque foi mágico, uma trajetória onde você vê e aprende de tudo e mais um pouco, não existem escolhas ""perfeitas"" apenas o ""mal menor"" tudo tem consequência seja para um ou para outro, a espada de aço é para humanos, e a espada de prata para os monstros, mas será que realmente tem diferença ? além disso esse jogo ensina uma lição forte sobre o valor da família e o amor, partir da primeira sessão não joguei mais nada, completamente submerso nesse universo, foi meu top 1 durante anos, e sempre estará entre meus jogos favoritos, obrigado pela jornada lobo branco! Nós veremos em breve!"
111328528,330.93333333333334,True,11,"Viciante, sem sombra de dúvidas. De início, *The Witcher* pode aparentar ser maçante ou, melhor, causar estranheza àqueles que não conhecem os games anteriores. Portanto, é preciso ter paciência – eu, por exemplo, demorei bastante a gozar do jogo (jogava 1 h por dia). A história base é longa e desenvolvida; aparenta ter sido engendrada de modo a manter-se não repetitiva. Geograficamente, o mundo é bem construído, pensado nos pormenores de cada região. Há tanta coisa no mapa que, quando o visualizei, pensei comigo mesmo: ""Não vou explorar tudo."" (A respeito disso, lembrei da ""Estalagem dos Sete Gatos"" e de ""Skellige"", localidades que admiro. Na Estalagem dos Sete Gatos, vez ou outra fico bebendo aguardente, caçando ou ouvindo os NPCs amaldiçoarem a vida. Em Skellige, gosto do atraente cenário: grandes montanhas, mar vasto e cavernas.) No mais, os personagens são adoráveis e inesquecíveis. Lembro-me do estado de catarse em que fiquei quando vi Ciri; a imagem dela, aos meus olhos, assemelhava-se a uma pintura a óleo. Já Geralt, o Carniceiro de Blaviken, esteticamente é perfeito: cabelo cinza, cicatrizes notáveis na face e caráter neutro (que homem!). É claro, não tem como não lembrar da linda e misteriosa Yennefer, a feiticeira que cheira a lilás e groselha. Vagamente a conheço; talvez as obras escritas pelo autor polonês Andrzej Sapkowski abordem algo sobre ela. Destaco também Triss Merigold, a raposa cautelosa de Novigrad, personagem lindíssima e inteligente. Sem dúvida há bastante espécie de monstro no game. Indico folhear o bestiário para inteirar-se deles. O bestiário descreve a especificidade de cada criatura e os adornos necessários para matá-la. Na primeira zerada tive preguiça de fazer isso; por consequência, não aproveitei o mecanismo de alquimia por completo. Ademais, recomendo a dificuldade Marcha da Morte, porque, nela, torna-se obrigatório lidar com poções, runas e outras bugigangas referentes ao combate. Além do mais, nessa dificuldade, é possível obter a conquista ""Seguiu o Caminho"", o que evita zerar o game duas vezes. Gostei, também, do minigame ""Gwent"" (jogo de cartas parecido, na minha opinião, com *Yu-Gi-Oh!*). O minigame é demasiado viciante. Tanto que grande parte da minha jogatina foi envolta na coleta de cartas. Para ser sincero, coletá-las é chato – por Zeus! – são tantas. (Atenção. Minha análise não está concluída . Mas... veja bem! Acima escrevi motivos notórios para estimulá-lo a comprar *The Witcher 3*.)"
230552702,82.5,True,0,"perfeito, incrivel e maravilhoso, já platinei no playstation, xbox e agora estou indo pra platina na steam"
230544424,101.18333333333334,True,0,"Conheci a franquia por esse game e me forcei a jogar o 2 que é bom e o 1 que é horrível mas ainda valeu pela jornada, depois ouvi os Audiobooks que inspiraram o game e foi muito bom, se você curte fantasia medieval vá fundo apenas evite a serie da netflix que é uma merda."
230536377,93.21666666666667,True,0,"Todo mundo é gostoso nesse jogo o gerald, ciri, yenefer e se reparar bem até o dudu"
230530764,151.3,True,0,"É um ótimo RPG, a história é um grande diferencial da série The Witcher, porém com um desfecho corrido demais talvez, e o efeito de pós-game do mundo de The Witcher que deveria ser algo bem pensado, dado as dlcs ofertadas, foi algo que deixou muito a desejar. Dito isso, a experiência no geral foi bem divertida."
230509798,56.25,True,0,"MUITO BOM , HISTORIA EXELENTE , SO QUE ZEREI O JOGO SEM COMPLETAR AS MISSOES SEGUNDARIAS , AI PERDI A VONTADE DE FAZERLAS POIS JA ZEREI O JOGO , CONFESSO QUE PERDI O INTERRESE"
230508601,40.583333333333336,True,0,"Você está indo pra uma missão quando dá de frente com um padre, você fala com ele, ele te dá uma missão, e pouco tempo depois você descobre que o padre não só tava comprando de um traficante, como decidiu matar o cara. Absolute cinema!"
230504709,434.6166666666667,True,0,"Simplesmente excelente em tudo! Jogo envelheceu como vinho. Não tive bugs em 434hrs de gameplay, a história é envolvente (não tem a real necessidade de jogar os outros para compreender, mas é bom). Os gráficos são um show a parte, recomendo até baixar um mod de texturas em HD pra deixar ele mais belo, porém o jogo base já surpreende. A dublagem é bem divertida, momentos engraçados sem tirar a seriedade da obra. No Steam Deck ele é excelente, gasta um pouco de bateria mas não precisa reduzir gráfico pra jogar tranquilo, eu não senti nenhum problema quando re joguei no console, foi feito pra ser jogado assim, acho que o único ponto seria o tamanho do hud que em alguns momentos acaba sendo um pouco pequeno e você vai precisar aumentar, tirando isso é baixar e jogar ;)"
120645280,312.25,True,1,"Simplesmente para mim a obra de arte dos jogos, eu tenho direito a minha própria opinião e segundo ela, é o melhor jogo de todos os tempos. Eu tenho até flashbacks de quando joguei pela primeira vez e cada escolha diferente era pensada duas vezes antes de ser escolhida, eu estudando um jogo dentro de outro jogo que é o gwent, zerando pela terceira vez e platinando. As builds diferenciadas, a aerondight, a pá do cuidador, gaunter o'dim, as dlcs simplesmente incríveis que poderiam até ter sido lançadas como outro jogo devido o desenvolvimento delas A dificuldade mais difícil que é a marcha da morte, depois de um tempo se torna até fácil, mas depende muito de você, se você tá fazendo uma build decente. História simplesmente magnífica, tanto do jogo base e as dlcs 1000/1000 Jogabilidade/combate alguns não gostam, eu amo demais Observação: O carpeado (cavalo do geralt) é meio bugado sim, mas comigo não foi um problema, era até engraçado as vezes Dica: tome cuidado com altura no jogo, não é atoa que o geralt tem apelido de pernas de vidro. Os personagens mais importantes são muito bem trabalhados Direção de arte e trilha sonora é sensacional 1000/1000 Eu sempre vou tratar esse jogo com carinho porquê conheci ele num momento da minha vida que eu tinha perdido a vontade de jogar e ele trouxe essa vontade de volta. Obrigado, Andrzej Sapkowski Obrigado, CD Projekt Red"
230495241,12.283333333333333,True,0,"bom di mais, mt legal enxer a porrada nos outros"
230489215,5.166666666666667,True,0,"jogo bom, roda no ultra no meu pc batata historia boa e dublado 10/10"
230482123,26.25,True,0,Obra prima!!! Rejogando de verdade depois de 11 anos. Quero aproveitar cada minuto nesse mundo tão bem construído.
230450483,26.783333333333335,True,0,"Jogo bom pra caramba, mapa imenso, rico em detalhes. Compensa dms"
78784555,348.6166666666667,True,1,"Depois de anos o jogo continua BRABO em tudo, platinei 2 vezes no PS4 e vou fazer o mesmo aqui na Steam também. Atualização: Novembro de 2020 platinei pela terceira vez. Nova atualização: Julho de 2026 estou rejogando. É o Bruxo, não tem jeito..."
230427861,9.266666666666667,True,0,"Na minha conta diz que eu tenho 9h de jogo, mas na real eu nem cheguei a jogar 20 minutos sequer desse jogo. A verdade é que eu tinha um computador que não tinha capacidade de rodar esse jogo, mas sempre sonhei em jogar. Não tenho nenhum conhecimento sobre a história do game, do que se trata a trama, mas sempre foi um sonho jogar, tanto pelo que falam, tanto por achar bonito visualmente falando. Essa semana meu PC chega, vou imergir nesse game e assim que terminar edito minha atualização. Quanto ao tempo que vou demorar pra fazer isso eu não sei, gosto de apreciar os jogos, gosto de ler, de entender. Divinity, Warframe, Stardew, Skyrim são jogos que demorei muitas horas pra zerar e depois ir parar as opcionais, skyrim nem se fala pois tenho 250h e ainda não zerei, estou consumindo o jogo ainda... Com esse imagino que vai ser igual. Enfim, enquanto esse jogo não se tornar saudade essa análise (que não é análise) ficará assim e logo quando sentir saudade eu a atualizo."
230422128,125.81666666666666,True,0,"jogo alem do seu tempo, me deu um mix de sensações de felicidade euforia. nota 10/10 se tivesse Lançado hoje era got, recomendo para todas as pessoas"
230401137,214.88333333333333,True,3,"O jogo é muito bom, com certeza um dos meus jogos favoritos. Se for comprar, compre com as DLCs, pois elas valem muito a pena."
197424728,167.93333333333334,True,0,"Simplesmente o 2º melhor jogo que eu joguei em toda a minha vida, cara, TW3 é aquele tipo de RPG de ação tão épico que te faz ficar várias horas jogando e explorar cada canto do mapa, ele tem as missões secundária tão boas de história e gameplay que até te faz esquecer de seguir a história da campanha, enfim, joguem pois mesmo esse jogo tendo mais de 10 anos ele envelheceu como vinho. PÓS-PLATINA: sinceramente uma das platinas mais gostosas que eu ja fiz de todos os jogos que eu ja joguei, dei uma chance para o Gwente e mesmo assim não curto de jogar baralho mas valeu a experiência. Esse jogo é incrivel no seu mundo e nos minimos detelhes! PS: Espero que a minha batata gamer rode a nova expansão no futuro."
230378444,75.98333333333333,True,0,"bom to com 32 horas apenas de jogo to fazendo tudo do game, to na parte do barão ainda kk lv 13 a historia e boa demais o combate nem ce fala praticamente tudo do game e gostosinho de jogar PURO CINEMA"
230350873,2.216666666666667,True,1,Obrigada Deus por dar a humanidade a habilidade de crias histórias incríveis. Jogasso
229079383,49.45,True,0,"Eu aluguei esse game em 2015 e depois comprei no final do mesmo ano,de PS4( o jogo já era lindo no console msm todo capado e com resolução baixa e os loadings gigantes),sofri pra derrotar o grifo no começo do jogo pq fui correndo só fazendo as missoes principais pq tinha q devolver o jogo logo. Até 2017 eu ainda tava jogando e descobrindo coisa nova e depois ainda comprei as 2 EXPANSÕES do jogo tbm q deram mais algumas horas somadas ao jogo base q já passava de centenas de horas jogadas. Eu acredito que agora jogando denovo depois de anos,ainda não vi tudo no jogo e vou descobrir coisa nova. Um dos melhores RPGS de ação custo beneficio da história. Dublagem e legendas pt-br,suporte a controle(dualsense5 funciona mesmo sem o ds4windows),otimização boa. O jogo crashou varias vezes,estou tentando ver tutoriais pra corrigir mas n sei se corrigiu de vez,jogo de 10 anos atrás dando esse tipo de problema é sacanagem. É um tipo de jogo q eu deveria ter esperado pra jogar a versão de PC primeiro. Que venha a nova expansão."
230331278,43.083333333333336,True,1,"que jogo bom, me arrependo de não ter jogado antes. ter compatibilidade de jogar a mesma conta no pc e console é god DEMAIS ""Duas espadas, uma de prata, uma de ferro, uma para criaturas e outra para homens. Ambos são para monstros."""
229448992,186.31666666666666,True,0,"Perfeito dms, só acho que deveriam colocar a opção de nudez masculina pq mostram ate a xrc da yen mas a peeroca do geralt n pode? que isso???? tem q sexualizar homem tbm!!!!!!!!!!!. JOGASSO RECOMENDO PRA K7"
230314522,69.88333333333334,True,0,Jogo do caralho! Muitas missões secundarias que são melhor do a história principal de muito jogo
186416149,618.0833333333334,True,0,Um dos melhores games já feitos. 2050 mulheres mijando na boca do Geraldão!
230301640,60.25,True,0,"mto bom, missões que prende bastante o jogador, até mesmo as secundarias são missões boas"
230301599,1.0833333333333333,False,0,"Will have to leave a negative review here, putting a launcher that is there only as advertising for the company other games. And unnecessary extra step. This shouldn't be allowed on steam."
230296105,27.15,True,0,"Jogo extremamente divertido desde os primeiros minutos, que seguem prendendo o jogador numa intrincada cadeia de acontecimentos."
230256202,93.7,True,0,"tirando a dubladora da ciri que dependendo da cena parece que ela não estava com vontade nenhuma de trabalhar, esse jogo é fantástico uma verdadeira obra prima, o jogo vai te proporcionar diversos momentos e diálogos divertidos, as missões que te fazem questionar o seu próprio código moral são as melhores do jogo, virou facilmente meu jogo favorito slk."
230249923,4.266666666666667,True,0,VOCE E UM BRUXO COM ESPADA oque mais vc quer 10/10
230246948,11.3,True,0,"Melhor rpg. A dublagem hilária, história incrível, principalmente as DLCs"
29906811,107.63333333333334,True,0,"Edit: Não é chato, é muito legal, um dos melhores jogos que já joguei, mas só atualizei a review agora kkkkkk Antigo: Meio chato!!!"
230243464,27.566666666666666,True,0,"Se você quer um universo maduro, personagens inesquecíveis, gráficos que envelheceram como vinho (especialmente com a atualização Next-Gen) e uma jornada épica que vai te prender por mais de 100 horas, compre sem pensar duas vezes."
230243437,83.86666666666666,False,0,"Que jogo ruim alem de ser tão bugado q os personagens desaparecem do nada a dublagem muda no meio dos dialogos alem de o jogo ter algum bug q não reconhece o meu gatilho direito então eu não posso nem sair do tutorial, não recomendo"
230240160,102.48333333333333,True,0,"O jogo é atemporal. O gráfico é bom, os diálogos divertidos e inteligentes, a jogabilidade é fácil e intuitiva. Esse jogo é perfeito."
230228621,140.38333333333333,True,0,"☐ Paint.exe ☐ Pode dar convulsão de olhar demais pra isso ☐ Ruim ☐ Decente ☐ Bom ☑ Maravilhoso ☐ Melhor que a vida real ☐ Era melhor ter ido ver o filme do Pelé ☐ Mais ou menos ☐ Decente ☐ Boa ☑ Muito boa ☐ Excelente ☐ Vicia mais que cocaína ☐ Jogue sem som ☐ Dá pra escutar ☐ Os caras capricharam no áudio ☑ Baixe as músicas para escutar no ônibus ☐ Coloque as músicas no seu casamento ☐ Espermatozóides ☐ Crianças ☐ Jovens ☑ Adultos ☐ Idosos ☐ Cadáveres ☐ Veja se você consegue executar o Paint ☐ Batata ☑ Torradeira ☐ Quebra Galho ☐ Decente ☐ PC considerado gamer, equivalente à um vídeogame de nova geração ☐ PC da NASA ☐ É só assistir ao jogo ☐ Zerei com uma guitarra ☐ Aperte X ☐ Fácil ☐ Fácil de aprender / Difícil de dominar ☑ Requer uso significativo do cérebro ☐ Difícil ☐ Dark Souls ☐ Que história? ☐ Meia boca ☐ Melhor com DLC ☐ Bom ☐ Perfeita ☑ Fantástica ☐ 10/10 ☐ Vai mudar sua vida ☐ Você acaba antes de sair do menu ☐ O suficiente para cantar ""Faroeste Caboclo"" ☐ O equivalente a sequência de ""Senhor dos Anéis"" completa ☐ Skyrim da vida ☑ Você precisará de uma segunda vida ☐ De graça até injeção na testa! ☐ Melhor você queimar o seu dinheiro ☐ Não recomendo ☐ Se você tiver um dinheiro sobrando ☐ Apenas se estiver na promoção ☑ Vale cada centavo ☐ Nunca ouvi falar ☑ Pequenos bugs, nada que te atrapalhe ☐ O suficiente para te fazer dar Rage Quit ☐ SKYRIM ---{ ? / 10 }--- ☐ 0 ☐ 1 ☐ 2 ☐ 3 ☐ 4 ☐ 5 ☐ 6 ☐ 7 ☑ 8 ☐ 9 ☐ 10 --Zerei o jogo uma vez e eu estou rejogando, jogo muito foda--"
230228448,164.63333333333333,True,0,"Muito bom, tem magia, sangue, peitos, espada, bruxos, caçadores, peitos, muita luta, história incrível, peitos, cavalo, mundo aberto muito lindo, peitos, monstros, família, missões, rpg muito bom, peitos, meu jogo favorito."
230227111,214.18333333333334,True,0,"um dos melhores jogos já feitos, até pra quem não é fã desse estilo de jogo, tem que dar uma chance"
230186593,429.21666666666664,True,0,"que jogo maravilhoso, me fez lembrar o sentimento que eu tinha quando jogava no ps2 matrix, que venha dlc do geraldão!!"
230158443,547.0833333333334,True,1,"Não pude jogar por muito mais tempo, ainda descobrindo muitas coisas; porém até agora estou gostando muito, boa história, enredo, jogabilidade e gráficos (embora tenha jogado com GTX 780 e atualmente com uma GTX 750ti). Vou continuar a jogar mais sem dúvidas."
67904238,235.26666666666668,True,0,"Com 235 horas de jogo, posso dizer sem medo: The Witcher 3 é um dos melhores RPGs já feitos. O mundo é enorme, bonito e cheio de histórias que fazem você querer explorar cada canto. Até as missões secundárias têm um nível de qualidade que muitos jogos gostariam de alcançar na campanha principal. É muito raro encontrar um RPG onde praticamente toda missão parece ter sido feita com tanto cuidado. Mas, para mim, o maior destaque são as DLCs. Hearts of Stone e Blood and Wine não parecem simples expansões; parecem jogos completos. Hearts of Stone, em especial, entrega uma das melhores histórias que já vi em um videogame. Gaunter O'Dimm é facilmente um dos vilões mais memoráveis que já encontrei, e Olgierd von Everec é um personagem incrivelmente bem escrito. A forma como a expansão desenvolve os dois é simplesmente fantástica, e até hoje penso nessa história de vez em quando. Blood and Wine também merece todos os elogios possíveis. Toussaint é linda, cheia de personalidade e um encerramento perfeito para a jornada de Geralt. Saber que ainda teremos um novo conteúdo para o jogo tantos anos depois só mostra o carinho que a CD Projekt RED continua tendo por essa obra. The Witcher 3 é um daqueles raros jogos que terminam e deixam um vazio, porque você sabe que viveu uma aventura difícil de esquecer. Um verdadeiro clássico do gênero RPG."
230144623,43.833333333333336,True,0,"muito bom o jogo, missões segundarias muito boas, história principal sem palavras, jogabilidade boa com ótimos combates. parabéns aos desenvolvedores."
230129609,375.05,True,0,"O jogo é excelente. Mapa lindo, gigante, rico em detalhes. A história é envolvente e tem milhares de opções de resultados nas escolhas do jogador. O ponto negativo é a curva de aprendizado, muitos jogadores demoram a se adaptar a mecânica e alguns terminam o jogo sem domina-la. Pra mim é 10/10"
230127033,27.233333333333334,True,0,Um dos melhores jogos que já tive o prazer de jogar
230100110,31.15,True,1,"The Witcher 3 o melhor jogo de toda a Franquia e sem duvidas um dos melhores RPG mundo aberto história do jogo é incrivel, suas batalhas são épicas seu estilo de combate é muito bom Super RECOMENDOOO!!!"
230079504,31.583333333333332,True,0,"bom demais! sempre deixei de lado e não colocava fé, mas o jogo é simplesmente incrivel!"
230078068,20.416666666666668,True,0,game incrivel com muita diversidade de builds e uma historia interativa com escolhas que mudam o final
230075758,101.58333333333333,True,0,O jogo é ótimo. Vale cada centavo. Nunca joguei tanto um jogo quanto esse. Zerei varias vezes o play agora no pc.
230073151,126.91666666666667,True,1,Um dos poucos jogos que me fez ficar totalmente imerso até o final.
230047872,234.61666666666667,True,0,O jogo que tem a melhor historia e evolução de personagem
230043964,262.48333333333335,True,0,"A melhor experiência narrativa que já joguei. Quem quiser mecânica milimetrada, que vá jogar Souls. História completa, divertida, tensa e emocionante. GOTY."
230032953,82.93333333333334,True,0,"Eu tenho um certo apego emocional a esse jogo, pois foi o primeiro jogo que comprei para o meu primeiro console há alguns anos atrás. Agora devido a uma promoção resolvi comprar para o meu PC. Para mim, esse é um dos melhores jogos já feito na história dos games. Devido a sua história, gráficos, contextos, desenrolar, mobs e outros fatores. Esse jogo simplesmente te faz jogar e não te deixa sair mais... A primeira vez que joguei no console lembro de falar: ""Eu não vou ficar fazendo missão de baralho"" atualmente tem dias que eu entro no game apenas para jogar Gwent... Depois de platinar o jogo na PSN eu fui atrás de toda história, li livros, depois consumi a série. O universo é fantástico. Recomendo The Witcher 3 sem medo para qualquer pessoa. Parafraseando do Dandelion: ""Dê uma moeda ao seu Bruxo.."""
230030654,51.88333333333333,True,0,"jogo muito bom, historia maravilhosa e mundo aberto bom para explorar e fazer oq quiser recomendo comprar"
230029276,93.85,True,0,"Não tem oque falar, é o bruxo! Quem ta em duvida só compre e jogue."
230028784,59.233333333333334,True,1,"Bom jogo, história boa, boa jogabilidade. Vale a pena se pegar em promoção."
230025889,11.633333333333333,True,1,"Tenho cerca de 10 horas de jogo em The Witcher 3: Wild Hunt, então ainda estou no começo da jornada, mas já posso dizer que a história me pegou de um jeito que poucos jogos conseguiram. O que mais gostei até agora foi a narrativa. O mundo é muito bem construído, os personagens parecem ter peso e personalidade, e cada missão passa a sensação de fazer parte de algo maior. Mesmo as missões secundárias conseguem ser interessantes, com diálogos bons e escolhas que fazem o jogador prestar atenção no que está acontecendo. Também gostei bastante da ambientação. O jogo tem uma atmosfera muito forte, com cenários bonitos, trilha sonora marcante e um universo que dá vontade de explorar com calma. Como ponto negativo, achei que no início o jogo pode parecer um pouco lento e cheio de sistemas para entender, principalmente combate, inventário, poções e equipamentos. Para quem está começando, pode levar um tempo até se acostumar totalmente. Mesmo assim, recomendo muito The Witcher 3: Wild Hunt, especialmente para quem gosta de RPGs com boa história, personagens marcantes e um mundo rico em detalhes. Mesmo com poucas horas jogadas, já senti que é uma experiência diferente e muito acima da média."
230021973,73.06666666666666,True,0,"O jogo é maravilhoso, a imersão dele é surreal. Existem muitas coisas para se fazer, sem contar que algumas missões secundárias parecem ser da história principal de tão boas."
229999931,88.28333333333333,True,0,"Jogo incrível, existem poucos jogos que conseguiram prender a minha atenção assim, eu simplesmente não conseguia parar de jogar, universo maravilhoso e a historia e muito envolvente recomendo muito."
229996913,138.33333333333334,True,0,"Oque falar sobre um jogo tão incrivel com uma história marcante, com escolhas que mudam totalmente a história, e olha que eu nunca gostei de RPG porém esse estilo de RPG me conquistou e muito, um jogo que realmente da prazer de entrar para jogar todos os dias e não só seguir a lori principal mais sim fazer tudo, caçar tesouros, missão secundárias detonar os cara no gwent kkkkk e tudo mais no começo eu tava perdido de tanta coisa a se fazer mais ao passar dos dias fui entendendo que o segredo e não ter pressa, ler todos os livros e cartas para ficar imerso ao game, parabéns de coração esse foi um dos melhores jogos que joguei em minha vida, e olha que é muito dificio eu passar mais de 5 horas em algum jogo nesse eu bati o recorde joguei quase 10 horas seguidas kkkkk parabéns parabéns, parabéns super recomendo não fique com medo de comprar esses jogo nem as DLC vocês vão amar."
229995609,67.5,False,1,"Queria muito gostar desse jogo porque todo mundo trata como se fosse a obra-prima definitiva dos RPGs, mas pra mim simplesmente não desceu. A história até tem momentos muito bons, só que o ritmo é extremamente lento. Parece que toda missão vira uma sequência de seguir pegadas, usar os sentidos do bruxo, conversar com meia dúzia de NPCs e repetir tudo de novo. Depois de várias horas, começou a ficar cansativo. O combate também nunca clicou pra mim. Não achei ruim, mas é repetitivo e não evolui tanto quanto eu esperava. Os sinais e poções são legais no começo, só que depois a sensação é de estar fazendo a mesma coisa contra inimigos diferentes. O mundo é bonito e os personagens são bem escritos, isso eu reconheço. O problema é que entre um momento realmente marcante e outro tem muito conteúdo que só serve pra aumentar o tempo de jogo. Em vez de me deixar curioso pra continuar, várias vezes eu jogava mais por obrigação do que por vontade. Entendo perfeitamente quem coloca esse jogo no topo da lista de melhores de todos os tempos, mas comigo não funcionou. Achei a experiência muito arrastada e, no fim, terminei mais pela fama do jogo do que pela diversão... Vou negativar a minha análise pelo fato de eu não ter curtido o jogo em geral, mas pelo preço dele, recomendo muito que comprem, principalmente se estiver em promoção!!! Não rolou pra mim, mas talvez role pra vocês, valeu galera!!"
229988319,56.516666666666666,True,1,"10/10, especialmente as feitiçeiras e a cena em cima do pônei"
229984738,21.816666666666666,True,0,"Simplesmente uma obra de arte! A história é envolvente e muito bem construída, enquanto a jogabilidade é razoável, com alguns pontos a melhorar. no entanto a profundidade e qualidade da narrativa compensam amplamente qualquer pequena falha na jogabilidade, tornado a experiência geral extremamente satisfatória."
229981794,69.51666666666667,True,0,"nao zerei, nem sei o que estou fazendo, meu primeiro jogo como gamer, cheguei nivel 10 so explorando, dito isso, JOGUEM"
229980468,386.1333333333333,True,0,"10/10 - The Witcher 3 não é apenas um rpg comum, é uma obra prima!"
229970135,132.11666666666667,True,0,Eu esqueço que o mundo existe quando estou jogando essa obra de arte!
229967351,88.96666666666667,True,1,"10/10 – Uma obra-prima que ficou ainda melhor com o tempo. Joguei The Witcher 3 quando era criança e, naquela época, eu já achava o jogo incrível. Gostava das batalhas, dos monstros, da liberdade de explorar o mapa e, principalmente, do humor seco do Geralt. Mas, ao voltar a jogar anos depois, percebi o quanto eu havia deixado passar. Hoje consigo prestar atenção nos diálogos, nos dilemas morais, nas consequências das escolhas e na forma como cada missão, até mesmo as secundárias, parece ter sido feita com carinho. É impressionante como praticamente toda missão conta uma história interessante. Você começa achando que vai resolver um problema simples e, de repente, está envolvido em uma trama cheia de plot twists e etc. O mundo é vivo. Cada vila, cidade e personagem parece existir independentemente da presença do jogador. Não existem heróis perfeitos nem vilões completamente maus, tudo é muito mais cinza, e isso faz com que cada decisão tenha peso. Geralt é um protagonista fantástico, a trilha sonora é impecável, a ambientação continua linda mesmo tantos anos depois, e a exploração nunca fica cansativa. É um daqueles jogos em que você sai para cumprir uma missão e acaba passando horas descobrindo histórias que nem imaginava encontrar. Rejogar The Witcher 3 me fez perceber que algumas obras ficam melhores conforme nós amadurecemos. Eu achei que estava voltando para reviver a nostalgia, mas acabei encontrando um jogo ainda melhor do que eu lembrava. Pouquíssimos jogos conseguem envelhecer tão bem. Se você gosta de RPG, narrativa e personagens memoráveis, este é simplesmente obrigatório. Recomendado? Sem pensar duas vezes."
229497167,18.1,True,0,"Simplesmente um dos melhores RPG que eu joguei na vida! História incrivel, side quests interessantes e gameplay boa! Pelas minhas horas jogadas da pra se dizer que eu não terminei o game, mas eu terminei graças ao sistema de cross save da CD que salvou a minha jogatina, já tinha mais de 60 horas de gameplay jogando pelo Xbox e pude continuar minha gameplay graças a esse sistema, obrigado CD! kkkk SÓ JOGUEM TW3!"
229925653,20.2,True,0,"the witcher 3, jogo com mais de 10 anos sendo muito bonito graficamente, mapa gigante e historia forte e imersivo."
229910904,121.58333333333333,True,0,"Posso estar exagerando, mas esse é o melhor jogo que já joguei disparado!"
229908127,143.26666666666668,True,0,"Após a platina e consumir todo conteúdo possível do game posso dizer com clareza, QUE JOGO MEUS AMIGOS!! Imersão sem igual, você vai fazer uma missão, decide ir fazendo alguns contratos e sinais de interrogação do mapa, quando ver passou 5 horas e você não fez a missão porque ficou fazendo um monte de missão secundária kkkkk, o jogo mais imersivo que já joguei na vida. Dublagem por mais que tenha repetições nas vozes é fenomenal, os gráficos sem igual para época que foi feito o update, coloquei alguns mods de melhorar de textura para deixar ainda melhor, sem dúvidas um dos melhores jogos que já joguei na minha vida. Só comprem, vale cada centavo."
229026591,328.43333333333334,True,0,"Após platina, posso dizer com propriedade sobre The Witcher 3: Simplesmente um dos melhores jogos que eu já tive a oportunidade de jogar! Os gráficos são lindos, a narrativa é excelente, os personagens são carismáticos, a construção do jogo, da primeira missão até o ""pós"" foi realizada de um jeito que conquista o jogador de forma que ele só quer continuar consumindo o jogo e tudo aquilo que ele possui a sua disposição. Sem sombra de dúvidas, The Witcher 3 merece todo esse carinho e respeito que os fãs e outras franquias tem por ele."
229882217,48.1,True,2,"Com certeza um dos melhores jogos já feitos e que já tive o prazer de jogar! Além de tudo, extremamente bem otimizado, prende a atenção e gráficos lindos! Se quer um jogo que vai te prender e viciar a longo prazo, pode adquirir sem medo!"
229867589,91.78333333333333,True,0,"Só joga, eu não acredito que você ainda não jogou essa delicia"
229863684,387.25,True,0,"The Witcher 3 não é só um jogo, é uma experiência. A história consegue prender do começo ao fim, mas o que mais me marcou foram os personagens. Cada um tem personalidade, motivações e defeitos, o que faz o mundo parecer vivo. As escolhas realmente têm peso, e muitas vezes não existe uma resposta certa, apenas consequências diferentes. O mundo aberto é um dos melhores que já vi. Explorar cada região sempre recompensa o jogador com uma missão interessante, uma história inesperada ou um detalhe que mostra o cuidado que tiveram na criação do universo. Até as missões secundárias conseguem ser melhores do que a campanha principal de muitos outros jogos. A trilha sonora combina perfeitamente com cada momento, os diálogos são muito bem escritos e o Geralt é um protagonista que foge do clichê do herói perfeito. Ele é experiente, cansado do mundo, mas ainda segue seus próprios princípios. O combate pode parecer um pouco travado no começo e os gráficos já mostram a idade em alguns detalhes, mas isso não diminui a qualidade da experiência. É um daqueles jogos que ficam na memória muito depois dos créditos finais. Para mim, The Witcher 3 é uma obra que mostra como um jogo pode contar uma história madura sem depender apenas de ação ou grafico."
229815212,196.63333333333333,True,0,"Consegui este jogo na promoção steam com o super desconto de 90% e meus amigos, em coisa de duas semanas todo meu tempo livre foi tomado por essa maravilha."
229806753,5.416666666666667,True,0,"tenho mais de 1000h desse jogo no xbox, simplismente SENSASIONAL..."
35214402,1954.9833333333333,True,0,EU NÃO CONSIGO PARAR DE JOGAR !!! É BOM DEMAIS !!! INSTALEM O MOD ETERNAL HUNT E O MOD ONLINE / MULTIPLAYER.
229794134,32.083333333333336,True,7,"Olha, eu nem sabia que gostava de RPG, mas quando joguei The Witcher 3... Eu não cheguei a zerar ainda, ate porque o jogo é MUUUUUUUUUUUUUUITO longo, simplesmente o melhor jogo que já joguei, dublagem impecável, missões secundárias que fazem você achar que são principais de tão imersivas e absurdas que são e um mundo enorme para se aventurar. O jogo em promoções se encontra em média por 12,99R$ e cara, eu pagaria o preço cheio nele FACILMENTE, se você busca um jogo imersivo, longo (e longo mesmo porque passa de 50h fácil pra zerar), com mapa enorme, preço acessível e MUITO mais, cara, apenas compre. 10/10 - Melhor jogo já feito na história."
229785744,47.13333333333333,True,0,"fazia tempo que não ficava preso a um jogo, mas the witcher me encantou cada vez mais a medida que ia progredindo na historia. Espero anciosamente pelo proximo jogo (apesar de não ter zerado esse kkkk)"
74573640,1421.25,True,0,eu preciso descrever essa obra prima? Olhe meu perfil e tire suas próprias conclusões.
229778589,54.0,True,0,"muito bom, o mundo aberto e a historia é extremamente envolvente"
196788416,44.7,True,0,"Eu tentei jogar The Witcher 3 duas vezes, e dropei logo no começo das duas tentativas, mas na terceira tentativa, passei do início ( que é bem lento ), e gostei bastante do jogo. Seus diálogos, criaturas, mundo vivo, minigame, a história, a relação entre Gerald e Ciri, tudo é muito bem feito, e vale muito a pena jogar."
229733318,136.26666666666668,True,0,"Melhor jogo já feito, Red2 é um lixo, chupa AnalZoka"
229731400,34.483333333333334,True,0,"Demorei muito para comprar porque achava que era parecido com Skyrim e nao gosto de Skyrim. O jogo e excelente, matar monstros com espada e ainda ver a mulherada."
229723364,98.05,True,0,As histórias são maravilhosas. Só isso já vale o jogo.
229720934,56.55,True,0,"simplesmente um dos melhores rpgs de mundo aberto ja feitos, q venha TW4..."
138877325,308.46666666666664,True,0,Lançamento: 07/04/2015 Finalizado: 07/05/2019 Tempo: 308.5 horas no total Nota: ⭐ (Especial) Dificuldade: B (Médio) Condição para zerar: Termine a história
229704492,314.23333333333335,True,0,"O primeiro jogo que eu joguei quando eu comprei um pc minimamente descente pela primeira vez, e ainda sim joguei a historia dele umas 5 verzes de tão bom que ele é, combate muito gostoso, magias muito legal e a narrativa é fenomenal, apenas jogue se nunca jogou. 10/10"
229180125,2.8666666666666667,False,1,Eu: tem pao de hoje? Padeiro: só do ano passado... Minha reação: 😡 Reação do padeiro: 😂 Jogo mais superestimado da historia: the witcher 3
229685504,218.1,True,48,"a expectativa de vida no meu país é de 73 anos e levando em conta que eu tenho 23, espero que nesses próximos 50 anos da minha passagem na Terra eu consiga jogar e encontrar algum game tão bom quanto The Witcher 3: Wild Hunt e poder reviver esse sentimento de descobrir algo tão bom assim de novo."
229666186,61.483333333333334,True,1,"Um jogo extremamente épico, um RPG completo com todos os tipos de criaturas de um mundo de fantasia medieval, indo muito além do esperado na verdade. Side quests interessantes, referências de tempos históricos, um jogo maravilhoso e extremamente longo. Jogabilidade bem feita, sistemas de build bem legal. Recomendo bastante."
229650937,119.03333333333333,True,0,"um dos melhores jogos da história dos games, obra prima, podem jogar que não vão se arrepender nunca."
229647045,284.0,True,0,"Minha Psicologa me mostrou que eu acho esse jogo bom por conta da projeção que tenho nele. Um bruxão bombado, lindo e poderoso, que sai por suas aventuras pelo mundo todo, enquanto come todo mundo... Logo, partiu para 300h"
229625899,53.333333333333336,True,0,"magia, feiticeiras, peitos, monstros de outro mundo, o diabo na DLC e unicórnio empalado, tudo que um bruxo aprecia, jogão. 10/10."
146004486,54.7,True,0,"JOGÃO. É um jogo medieval de RPG super interessante, o mundo e os personagens são bem intrigantes, a dublagem é FENOMENAL (que dizer... As vezes, na real esquece, quis dizer que a localização em português do jogo é bem divertida), o visual é bom até hoje e o jogo te dá muita liberdade para fazer o que quiser, oque sinceramente é um dos melhores pontos para um jogo RPG na minha visão. A historia é sensacional e quero muito ver o que eles vão fazer em The Witcher 4 com a Ciri, tenho fé que vai ser bom"
137611566,120.8,True,0,"Eu pretendo refazer essa análise ao finalizar esse jogo, mas o que eu posso dizer é que The Witcher está sendo O MELHOR jogo em todos os aspectos que eu já joguei na minha vida. Eu tinha comprado, porém dropei e resolvi dar uma segunda chance, e já se passaram mais de 80 horas de jogo, e minha vontade de jogar só vai aumentando. Já me perdi várias vezes do meu objeto, pois, aonde quer que você ande no mapa, sempre tem algo novo que passou despercebido, e essa sensação de vida e de constante mudança é o que faz The Witcher ser um dos melhores mundos dos games. É até um pecado esse jogo custar apenas 12 reais em uma promoção e entregar mais de 100 horas fáceis de conteúdo BOM. Pode comprar com a certeza de abrir mão da sua vida social por esse jogo."
229613280,11.633333333333333,True,0,"jogo legal, com uma história que se desenrola lentamente, ótimo jogo para pegar durante promoções, só achei que a história é muito demorada e enrolada, além de seu sistema de combate que é difícil demais. Nota: 7/10"
217396299,118.55,True,0,Espetaculo de jogo Nao eh a toa que foi GOTY
229571345,186.3,True,0,quase 150 horas de jogo e sinto que ainda tem muita coisa para explorar no mesmo...
216506917,179.46666666666667,True,0,"Esse jogo é magnífico. Um dos melhores jogos que eu já joguei, se não, o melhor. Mesmo depois de 10 anos, esse jogo é, com toda certeza, um dos melhores jogos do mundo. Com um mundo aberto incrível, missões em todo o mapa, é sensacional. Eu recomendo"
229549129,156.35,True,1,"Personagens Marcantes: A construção de personagens é impecável. O Geralt é um protagonista espetacular, e a dinâmica dele com a Ciri, Yennefer, Triss e até com os coadjuvantes (como o Barão Sangrento) faz você se apegar de verdade a cada um deles. Ninguém é puramente bom ou mau; todos têm camadas. O Peso das Minhas Ações: Esse é o ponto mais forte do jogo. Cada escolha que fiz cobrou o seu preço mais tarde. Não existe ""escolha certa"" ou ""fácil"" Trilha Sonora Divina: A música desse jogo é um absurdo de tão boa. Desde a calmaria melancólica explorando Skellige até a adrenalina pura dos combates com os vocais eslavos marcantes. A trilha sonora dita o tom da jornada perfeitamente e gruda na cabeça de um jeito maravilhoso. 10/10"
229542170,316.7,True,0,"MELHOR JOGO QUE JOGUEI NA MINHA VIDA, E SIM, JÁ JOGUEI RDR 2 E SKYRIM, MAS NADA SE COMPARA A ESSE"
229505865,90.45,True,0,Jogo para ser lembrado para o resto da vida. Estou jogando pela segunda vez após anos e estou curtindo tanto quando a primeira vez! Bora Bruxão!!!
229466620,56.38333333333333,True,0,"The Witcher 3: Wild Hunt – Antes de jogar, eu já imaginava que este jogo era bom, mas depois ficou mais claro que é excelente! Foi o primeiro The Witcher que joguei, e foi uma surpresa descobrir que o jogo é dublado; isso ajuda bastante na imersão. Possui boa jogabilidade, trilha sonora marcante e uma história envolvente. As horas vão passando, e não dá vontade de parar de jogar. Enfim, uma obra de arte. E ainda cito o preço de apenas 13 reais; se todo jogo custasse esse valor..."
229461229,13.833333333333334,True,0,fiquei recioso de comprar e aqui estou eu mega satisfeito pensa num jogo foda é esse 11 horas de game e quase não avancei na historia principal direito pensa numas missoes secundarias boas tem tbm fora o grafico rodo num ryzen 5600 gt e o grafico fica legal sem travar o jogo é simplismente muito BOM apenas compre
229453548,225.85,True,2,"Este aqui só compra, vale qualquer preço e na promoção recomendo muito mais ainda. O mundo aberto é enorme, bonito e cheio de vida. Sempre existe algo interessante para descobrir, seja uma missão escondida, um contrato de bruxo, uma caverna para explorar ou simplesmente uma paisagem incrível para apreciar. A trilha sonora também merece destaque e combina perfeitamente com a atmosfera do jogo. Como pontos negativos, o combate pode parecer um pouco travado no início, principalmente para quem está começando, e a movimentação nem sempre responde da forma que você espera. Alguns elementos da interface também poderiam ser mais intuitivos, e a jogabilidade do cavalo às vezes acaba sendo um pouco inconsistente. Este jogo para mim é um dos melhores jogos quem gosta de RPG, ação, história. Recomendo demais."
160348160,323.18333333333334,True,86,A única parte ruim desse jogo é que jamais o jogarei pela primeira vez novamente
229425064,22.683333333333334,True,0,"Você ignora o apocalipse e o sequestro da sua filha pra jogar cartas com camponeses, enquanto pilota o Carpeado, um cavalo psicopata que brota em cima de telhados. 10/10."
229406807,772.7166666666667,True,0,"THE WITCHER 3 É UM RPG GIGANTESCO... MAS NEM TUDO ME PRENDEU COMO EU ESPERAVA The Witcher 3 é um daqueles jogos que eu ouvi elogios durante anos. Praticamente toda lista de melhores RPGs colocava ele entre os primeiros lugares. Então fui jogar esperando uma experiência inesquecível. E encontrei um jogo que faz muitas coisas muito bem... Mas que também tem vários aspectos que não funcionaram tanto para mim. A maior qualidade dele, sem dúvida, é a construção do mundo. Tudo parece muito vivo. As cidades têm personalidade, os NPCs passam a sensação de realmente fazer parte daquele universo e cada região possui sua própria identidade. É um mapa que convida você a explorar sem precisar ficar jogando recompensa na sua cara o tempo inteiro. As missões secundárias também merecem reconhecimento. Em vez de servir apenas para aumentar a duração da campanha, muitas delas contam histórias interessantes, apresentam personagens marcantes e, às vezes, acabam sendo mais envolventes do que algumas partes da missão principal. Foi uma surpresa muito boa. Geralt também funciona como protagonista. Ele tem personalidade, boas falas e consegue carregar boa parte da aventura sozinho. As escolhas durante os diálogos passam uma sensação interessante de consequência, mesmo que nem todas mudem drasticamente o rumo da história. Visualmente, o jogo continua bonito. Principalmente considerando a época em que foi lançado. As florestas, as cidades e as montanhas ainda conseguem criar paisagens muito bonitas, e a trilha sonora ajuda bastante a fortalecer toda essa atmosfera. Agora... O combate nunca conseguiu me conquistar de verdade. Ele funciona. Mas depois de muitas horas, senti que as batalhas começaram a ficar parecidas demais. As esquivas, os ataques e o uso dos sinais acabam entrando em uma rotina que, para mim, perdeu parte do impacto conforme a campanha avançava. O ritmo também é bastante lento. Existem momentos em que a história prende bastante. Mas também existem trechos longos em que eu só queria que o jogo fosse mais direto. Outro detalhe que me incomodou foi a movimentação. Em alguns momentos, controlar o Geralt parece um pouco pesado, principalmente durante a exploração ou em espaços menores. Também achei que alguns sistemas poderiam ser mais intuitivos. Inventário, alquimia e gerenciamento de equipamentos demoram um pouco para ficar naturais. Nada disso estraga a experiência. Mas também não ajudou a tornar a jornada mais dinâmica. No fim das contas, The Witcher 3 é um RPG competente, com um mundo muito bem construído, ótimas missões secundárias e uma ambientação excelente. Só que, para mim, alguns aspectos da gameplay acabaram impedindo que a experiência fosse tão marcante quanto eu imaginava. Ainda assim, é um jogo que vale a pena conhecer, principalmente para quem gosta de explorar mundos ricos em história e personagens."
145154956,66.73333333333333,True,0,"Obra-prima. Tudo já foi dito em outras resenhas, então só digo isso: comprem! Vale muito a pena se você busca um mundo rico em histórias e detalhes"
229386441,52.15,True,0,um dos melhores jogos da historia personagens carismaticos e otima construção de mundo
29597886,207.48333333333332,True,0,"Com certeza uns dos melhores jogos que eu já joguei na vida. The Witcher 3 tem um ótimo enredo, gráficos espetaculares e jogabilidade dinâmica. Vale muito a pena gastar R$ 79,99 neste jogo. 10/10"
229374877,195.0,True,0,"Um divisor de águas para a indústria de video games. Estabeleceu um novo padrão de qualidade para qualquer jogo de mundo aberto que veio depois dele. Uma palavra que resumiria esse padrão de qualidade é densidade. Densidade de conteúdo, de interações com o mundo, de personagens, de missões (principal e secundárias). E, certamente, estabeleceu a CRPR como uma gigante da indústria, mesmo com o lançamento problemático do Cyberpunk, que foi mais uma questão de pressão de acionistas do que incapacidade de desenvolvimento. ABSOLUTE VIDEOGAME!"
229372630,74.96666666666667,True,0,Excelente a história do jogo a mitologia tudo isso achei interessante.
229372047,179.58333333333334,True,0,Ótimo Jogo! Para quem curte um RPG de mundo aberto! Um dos melhores! Com toda certeza!
229370294,198.16666666666666,True,0,"Jogo sensacional, quase 200 horas de gameplay e zerei o jogo e dlcs, trilha sonora incrivel, grafico bom, com alguns mods o jogo fica ainda melhor"
229365425,95.01666666666667,True,0,"Este sim meus amigos e um jogo fino muito bom de verdade eu ja joguei ele no PS4 e agora estou jogando no Computador esse jogo e simplesmente uma obra de arte uma campanha grande, muitas missões secundarias e um mapa gigantesco pra se explorar e sem duvidas um dos melhores jogos que ja joguei Nota 1000/1000"
229318342,10.866666666666667,True,0,"Melhor RPG já feito na história, em minha própria opinião, side quests maravilhosamente imersivas, mundo vivo, NPC's extremamente paus nos cus, Anão pelado lutando, Vampiro que não brilha no sol, dá pra cornar os cara (chupa stardew valley), dá pra pegar altas gostosas, combate divertido com muitas possibilidades, Geraldo muito zika seloco. Tomara que aquele cu de ferro aguente."
229287922,5.883333333333334,True,0,Nunca gostei de jogos de temática RPG mas esse ai me surpreendeu demais.
229239277,10.883333333333333,True,0,"Jogo é bom, só tem umas missão meio duvidosas e desnecessaria para encher linguiça."
229217844,233.95,True,0,"Quando joguei pela primeira vez não entendi nada da história zerei e nem liguei pro gwent,e fiquei muito tempo sem jogar até resolver comprar toda a trilogia,dlcs até a trilha sonora,e cara è outra coisa vc jogar e entender as escolhas que vc esta fazendo já que agora vc entende a historia e os personagens,o jogo è lindo è maravilhoso andar no mapa procurando os equipamentos e os contratos de bruxos até o gwent eu comecei a adorar,saia procurando personagens nas vilas pra jogar cartas tinha até uma estratégia com as cartas Reinos do Norte,uma coisa que gostei bastante tbem foi a trilha sonora que toca no mapa de skeling è muito reconfortante,ficava só andando no mapa ouvindo a música,e como se não bastasse o jogo mavilhoso que è a CD Project Red ainda manda duas dlcs de histórias maravilhosas,e tá vindo mais uma aí hein è pra bater palmas de pé pra CD Project Red👏🏿👏🏿👏🏿👏🏿"
229205207,44.93333333333333,True,0,"GOTY de 2015, excelente história, mecânica sensacional e está num preço bom, pois virá o 4! Não pense, compre!"
214501463,216.75,True,3,"The Witcher 3 é uma obra de arte dentro do mundo RPG, medieval e de fantasia, zerando pela segunda vez e platinando, me fez amar ainda mais o jogo, ficar ainda mais imersivo com tudo e todos, cada missão, principal ou secundária, cada descoberta, cada carta escrita que aprofunda ainda mais a história que é extremamente rica, alinhada a uma excelente ambientação desse mundo caótico, mas com faíscas de esperanças através do Geralt e das pessoas que ainda ajudam uns aos outros. Eu amo quando eu sinto vontade de fazer tantas outras coisas além da história principal, e aqui você tem essa opção por muitas e muitas e muitas horas. A trilha sonora encaixa em todos os momentos, e se torna uma parceira durante a sua jornada. A dublagem dos principais personagens é maravilhosa, e de muitos outros também, rendendo momentos divertidos, mas peca ainda sim em repetir muito a mesma voz, ou ela claramente não encaixar. Movimentação não é ruim, mas também não é o melhor que poderia ser, mas mesmo assim rende boas batalhas (menos o Carpeado, é horrível usar ele). Existem diversos pontos de interesse pelo mapa, muitos serão apenas um tesouro qualquer, até certo ponto, é uma pena pois as vezes você está esperando algo a mais e recebe algo simples. Já não bastando um jogo extremamente completo, temos duas DLC's que enriquecem ainda mais, principalmente a Blood and Wine, que é sensacional e praticamente um jogo a parte. Definitivamente é uma experiência que se deve passar, se você ama jogos, e também dar uma chance pro primeiro e segundo jogo, que fazem a trilogia ser ainda melhor, todos eles tem o coração e alma de The Witcher, e esse é um universo incrível. CD Project fez um trabalho muito bom em criar pequenas histórias que enriquecem mais a narrativa como um todo, e algumas podem até ser melhores que muitos jogos completos."
229182768,67.78333333333333,True,0,"leshen fdp, toda vez que tenho chance de matar eu mato"
229182282,56.983333333333334,True,0,Mesmo depois de anos de lançamento o jogo surpreende e te anima com cada missão e contrato
229165576,27.833333333333332,True,0,"Jogo muito bom, história totalmente cativante e além de que mesmo sendo gigante os mapas para exploração não se torna nem um pouco maçante"
229118103,6.116666666666666,True,0,"jogo bom dms slk, toda a estetica e a vibe passam um relaxamento, vc se envolve com o jogo, promissor a se tornar um dos meus favoritos, se vc esta em duvida, apenas compre e veja que foi um dos dinheiros mais bem gastos q vc gastou"
229117936,60.78333333333333,True,0,"Jogo excelente, com muito conteúdo pra explorar, é tudo tão rico em detalhes que da vontade de fazer tudo ao mesmo tempo. Só tenha cuidado com isso, se você for um jogador que se perde no que fazer em jogos com muito conteúdo, foque na história principal e faça alguma missão secundária quando precisar upar pra avançar na história principal ou quando quiser só explorar mesmo."
229111391,63.43333333333333,True,0,"eu nao consigo dar save no jogo por causa que eu nao tenho mais espaço no armazenamento socorrrrooooooooooooo. 79999816353 Chave pix para quem pode me ajudar a comprar um SSD novo, so falta R$290,00. Me ajudem por favorrrrrrrrrrr"
229105962,30.85,False,1,"ó jogo é bem feito, mas porra... eu to a 24 horas jogando e pra falar a verdade, eu nao joguei 30 minutos... as 23 horas e 30 minutos restantes foi só assistindo novelinha e escolhendo dialogos. que porra de gameplay é essa? novela mexicana hentai 3d com cenas estratégias de bagaceirisse e gore... para véi, que conceito idiota"
229105125,50.21666666666667,True,3,"me senti culpado por pagar apenas 13 reais, apenas compre, jogo perfeito."
229103805,4.3,True,0,"Excelente jogo, passará horas e horas jogando, nem verá tempo passar"
37914660,241.05,True,0,"Esse jogo é bom pra caralh*! Adaptaram muito bem o universo criado pelo Andrzej Sapkowki nos livros <3 Tanto a história principal quanto as secundárias são muito bem desenvolvidas. A trilha sonora é MARAVILHOSA! As interações com os personagens são ótimas, a gente consegue criar alguma ligação com eles. As escolhas que temos que fazer são excelentes, tudo se liga muito bem lá na frente. O universo criado no jogo é muito bom, tanto que hora ou outra entro no jogo só pra andar um pouco por ae e dar uma balançada nos corpos enforcados kkkkk Enfim, não vou escrever mais nada, apenas assistam esse maravilhoso vídeo do canal Nautilus: 10/10"
229089646,144.73333333333332,True,1,"esse jogo estará sempre em meu coração, uma experiência única. De inicio eu não gostei do jogo, pois achei as mecânicas cagadas pra caramba, desde andar no cavalo, até o combate ser meio xoxo, eu passei metade do jogo na primeira vez que eu joguei sem usar o cavalo pq ele era bugadão batia em nada, se enroscava em qualquer coisa e eu achava difícil de controlar. Mas decidi insistir e continuar a jogando e com o tempo eu fui me apaixonando pelo mundo em si que é bem feito é aquele tipo de jogo onde vc sente que o universo interage com vc mesmo, fora as historias do mundo, e como cada personagem é bem escrito fizeram de the witcher 3 ser meu jogo favorito."
229088434,161.21666666666667,True,0,"Como um jogo lançado anos atrás pode ser ainda tão bom e não deixar o jogador sem sentir falta de nada?? MARAVILHOSO do jogo base as DLCS, a experiência é única, recomendo DEMAIS."
220790327,185.16666666666666,True,0,"LENDA , um dos melhores jogos que joguei, com experiência extraordinárias ,que combina perfeitamente com seu mundo aberto !!!"
229075324,140.21666666666667,True,0,"Simplesmente fenomenal esse jogo. A história te prende do início ao fim, tem humor, drama, romance, porradaria, de tudo um pouco. Primeira vez que joguei um jogo da franquia e já estou ansioso para o próximo."
229051960,82.7,True,0,"Não é atoa que é considerado por muitos o melhor game de todos os tempos... Muito bom vale cada centavo, personagens fodas, dublagem boa, trilha sonora foda pra krl... Enfim o game é foda. (Só em algumas missões que ele poderia ajudar mais em como concluir)"
229024693,137.98333333333332,True,1,TAO BOM QUANTO É FAMOSO e os mods so ajudam sao faceis de instalar pra um leigo como eur
229021774,201.43333333333334,True,1,"The Witcher 3: Wild Hunt é, sem sombra de dúvidas, o jogo da minha vida e o melhor RPG já feito. Como uma fã completamente fascinada por esse universo que já leu e releu a box de livros inúmeras vezes e orgulhosamente conquistou a platina, posso afirmar que esse jogo envelheceu perfeitamente, igual o lendário vinho Sangreal de Toussaint, direto da mesa da Duquesa Anna Henrietta. A liberdade que ele te dá para explorar e jogar é surreal, e a jogabilidade é uma delícia do início ao fim. As missões são espetaculares e os diálogos são verdadeiras pérolas que rendem ótimas risadas e momentos inesquecíveis. O jogo te joga constantemente no conceito do ""mal menor"", te forçando a fazer escolhas pesadas (mesmo que algumas opções de diálogo não mudem o rumo das coisas, a imersão continua lá em cima). Caçar monstros é incrivelmente divertido, e o bestiário é riquíssimo, cheio de informações e curiosidades que expandem o mundo. Para um jogo onde o romance não é o foco principal, a profundidade das relações é absurda. E, claro, a atmosfera é impecável: a música da Priscila arrepia a espinha toda vez que toca, não importa o idioma que você esteja jogando. É tudo perfeito. Se você quer um RPG perfeito, marcante e emocionante, esse jogo é um 10/10 obrigatório e eterno!"
229017861,38.3,True,0,"A única coisa que eu acho ruim é que na missão assuntos de família, no final dela tu vai ter que fazer outra missão principal, MAS O JOGO É MUITO BOM RECOMENDO JOGUE MUITO E NÃO PARE DE JOGAR 😃"
229005800,56.233333333333334,True,0,"História principal excelente, missões secundárias que muitas vezes são tão boas quanto a campanha, personagens memoráveis e um mundo aberto muito vivo. Suas escolhas realmente têm impacto nos acontecimentos e nos finais. Apesar de o combate não ser o ponto mais forte para todos, a narrativa, a ambientação e a qualidade da escrita fazem dele um jogo extremamente marcante. goty"
229002430,91.65,True,0,"platinei no PS, vim platinar aqui e ainda to atrás das malditas cartas de gwent"
228999835,138.55,True,1,"O mundo aberto desse jogo é incrível, Velen parece sufocante e devastada pela guerra, Novigrad é viva e perigosa, Skellige transmite liberdade e tradição, e depois Toussaint chega como um conto de fadas que esconde seus próprios horrores. Cada região tem personalidade e muito carinho envolvido. As missões secundárias são o grande diferencial. Em muitos jogos elas servem apenas para preencher tempo de gameplay, mas em The Witcher 3, várias delas são tão memoráveis quanto a campanha principal. Histórias como a do Barão Sanguinário, são a prova do quão único esse jogo é."
228986483,4.233333333333333,True,0,"Mesmo estando em 2026 esse game continua sensacional, um dos melhores games ja feitos."
169789733,249.95,True,2,"O que dizer de The Witcher 3? É simplesmente o jogo da minha vida, o melhor jogo já feito, uma verdadeira obra de arte. Já zerei o jogo duas vezes em outras plataformas e comprei a Edição Completa novamente aqui na Steam. Obs.: Foi o primeiro jogo que me despertou o interesse de correr atrás das conquistas para fazer 100%."
228948443,99.58333333333333,True,0,Unico ponto negativo é q só na DLC que os cara colocaram a melhor escolha romantica pro geraldão q deveria ser no jogo base pra eu nao ter escolhido a chata da Yen kkkkkkkkkkkjkkk
164767759,558.9666666666667,True,0,"The Witcher 3 não é só o meu jogo favorito. É uma experiência que me fez sentir parte daquele mundo, me emocionou, me fez refletir sobre minhas escolhas e me deu centenas de horas de diversão. É um daqueles raros jogos que, quando os créditos sobem, deixam um vazio e uma vontade enorme de começar tudo de novo."
228922723,50.75,True,0,"Um dos melhores jogos de RPG. Achava que não ia gostar, mas ele me surpreendeu!"
224625407,34.7,True,0,"simplesmente o jogo da minha vida, ganha muitos pontos comigo pq eu pago pau pra jogo com história boa, mas o jeito como você interage com os personagens, de como fica o mundo ao final do game, as missões secundárias são desnecessariamente bem trabalhadas. a project se puxou demais pra fazer o game por completo. muitos reclamam da demora do começo do jogo, particularmente eu não senti toda essa demora (talvez seja por eu ter gostado muito). vale muito apena dar uma chance pra esse jogo, muitas vezes está em promoção por preço de coca (vale apena abrir mão da tua bebida do dia)"
228915326,67.11666666666666,True,0,O que falar desse jogo né... zerei duas vezes e tive que jogar novamente pra fazer as expansões que nunca tinha feito... é um jogo maravilhoso. RPGzão (g)old!
228883379,131.93333333333334,True,0,"jogo bom, vc se conecta bastante com a história dos livros the witcher, é bem imersivo, gameplay ok, não é fodasticamente foda, mas é divertida, gosto de criar porções de bruxo"
228843815,154.35,True,0,"The Witcher é um jogo que consegue te fazer muito feliz por muito tempo, ele é enorme e cheio de conteúdo que, ao menos eu, não achei nada enjoativo. As dlcs são perfeitas, principalmente a blood and wine que adiciona um novo capítulo inteiro ao jogo que consegue te tirar facilmente umas 30 horas a mais. É maravilhoso e se você ainda não jogou eu fortemente recomendo que o faça, não tem como se arrepender"
228835233,23.983333333333334,False,0,"Este jogo era bem legal quando era no começo, tinha açoes, bastante contexto e sem fuga de roteiro mas quando vc esta no meio indo para o final, ESTE JOGO FICA UMA PORCARIA DE TAO RUIM NAO TEM AÇÃO, APENAS CONVERSAS E MUITA KUTSCENE E MUITA KUTSCENE. OU SEJA GALERINHA DO BEM NAO COMPREM ESTA MERDA PARECE QUE CLIPBAIT. E LITERALMENTE TEM 6 HORAS DE KUTSCNE"
228710094,41.46666666666667,True,1,"ótimo jogo, historia te prende do inicio ao fim, zerei hoje dia 25/6/2026, com 30 horas de jogo que historia incrível, foi o melhor final"
228820737,93.41666666666667,True,0,"mto bom, a versão sem a melhoria gráfica já era simplesmente incrível de bonita, com a melhoria então..... mto linda msm. recomendo mto o game, vc se acostuma c a movimentação meio bucha, o combate ate que fica bem legal e viciante dps que vc upa o personagens e consegue boas armas, mto bom."
228817080,175.01666666666668,True,0,"Esse é o melhor jogo que joguei em minha vida! Todo ano revisito essa obra prima. Primeiro contato com o W3 foi em 2017 no console (zerei o jogo base) mas já tinha jogado o The Witcher 2 em meados de 2014 tbm no console, comprei a coleção dos W1 ao W3 na Steam em 2020 mas fui voltar a jogar em 2023 após adquirir as duas DLCs em uma promoção. Parece que por eu estar mais velho eu entendi mais a trama, e zerando as duas DLCs a sensação foi que definitivamente The Witcher 3 é meu jogo favorito, mesmo após jogar muitos outros jogos aclamados por ai. Andar por Toussaint é relaxante, trilha sonora perfeita, os combates não me incomodam em nada (critica de algumas pessoas), não sou de platinar (minhas conquistas em The Witcher 3 são basicamente ganhas sem nenhuma pretensão) sou jogador casual mas tento curtir ao maximo esse game. Ansioso para a nova DLC e para The Witcher 4"
228800141,151.01666666666668,True,0,"Se você sonha em ser um homem sarado, bonito e poderoso que sai por aí vivendo aventuras, derrotando bandidos e monstros pelo caminho e, ocasionalmente, se envolvendo com Feiticeiras Fogosas, então, esse é O jogo pra você. Só certifique-se de montar uma playlist para escutar enquanto estiver viajando a cavalo, tipo, sério. Eu amo o Carpeado, mas, ás vezes eu queria que ele se transformasse em uma moto."
228790529,330.96666666666664,True,1,"Jogar The Witcher 3 é como sair para comprar pão e voltar 4 meses depois com uma coleção de armaduras, 300 cartas de Gwent, três romances complicados e um trauma emocional causado por uma missão secundária."
228759737,51.333333333333336,True,5,"""""Joga The Witcher 3, um dos melhores jogos que existem"""" Sempre ouvi isso, e agora que zerei após 51 horas de gameplay posso falar, JOGÃO. De fato o jogo é muito rico e com batalhas boas, história incrível e personagens também, valeu apena jogar esse jogo mesmo."
228757921,171.76666666666668,True,0,"muito bom, uma delicinha, um dos melhores ou talvez o melhor RPG que eu já joguei, não existe uma unica missão nessa porra que seja chata, mesmo quando o objetivo envolve guiar uma cabra num percurso de 50m. como se isso não bastasse, tem as dlcs, elas são cinema, passei umas 30 horas babando pra toussaint na blood and wine, e umas centenas de minutos só admirando o casamento do hearts of stone, o jogo é bonito, mas muito bonito mesmo, é até estranho pensar que faz mais de 10 anos desde seu lançamento, jogão."
228754548,25.833333333333332,True,0,"Um bruxo que mete a porrada em geral e ainda ganha o coração das morena no meio do caminho, muito brabo."
228737383,352.35,True,1,"É um jogo longo, tem que ter tempo pra jogar, mas é facilmente um DOS 5 MELHORES jogos modo história QUE JÁ JOGUEI. Todas as missões são boas, mesmo as missões secundárias tem uma narrativa com início meio e fim, que te engaja e te deixa interessado mesmo que a missão demore, FORA QUE, durante as missões, principalmente as missões principais, você deve fazer escolhas que impactam diretamente no futuro da história do game, e normalmente a escolha certa não é a óbvia, ou até mesmo não há escolha certa e você acaba optando pelo mal menor, que é relativo dependendo da sua opinião. Um grande exemplo é em uma das missões secundárias com uma amiga feiticeira de Geralt (protagonista), que se você acabar fazendo escolhas erradas de diálogo, você acaba entrando em um luta com ela e é obrigado a matá-la. Os mapas são bem vastos e cada um tem culturas e ambientações diferentes que você percebe ao avançar na história, como por exemplo Velen, que é uma região devastada pela guerra, ou Skellige que são ilhas fortemente enraizadas na tradição nórdica. O jogo tem 5 mapas mundo aberto exploráveis com muito conteúdo (6 se você tiver The Witcher 3: Complete Edition). Se você gostar do jogo base, compre as 2 DLC's que você não vai se arrepender, arrisco dizer que as duas são até melhores que o jogo base, tanto é que a CD Projekt RED (desenvolvedora do game) classifica elas como expansão, diferente de uma DLC comum. A trilha sonora é impecável, músicas que grudam na sua cabeça e que mudam dependendo da região ou da missão que você está, concedendo mais imersão durante a jogatina. A dublagem também é boa, mas deixa a desejar na direção de dublagem, em alguns casos por exemplo, os NPC's falam em uma entonação de voz e logo na próxima frase falam em outro... mas sobre os dubladores envolvidos, não tenho do que reclamar, trabalho excelente, principalmente do dublador do Geralt. E como menção honrosa, devo falar sobre o melhor minigame que já vi nos jogos: Gwent. Um jogo de cartas viciante que parece chato no início, mas depois que aprende a jogar você não quer mais parar, quer ir atrás de todas as cartas pra por no seu deck e derrotar todos os oponentes possíveis, acho que pelo menos umas 50 horas da minha gameplay foi jogando gwent kkkkkkkkk Enfim, o jogo me prendeu tanto que acumulei mais de 350 horas de gameplay, joguei a história 2x e acabei por platinar o game. Estou ansioso pro lançamento de The Witcher IV (paguei 32,99 na versão Complete Edition, preço barato pela qualidade que o jogo entrega) GOAT"
228729542,68.66666666666667,True,0,"23 horas e nem 10% do jogo, mas ainda sim cheio de entretenimento e conteúdo, jogue sem pressa e sem esperar terminar rápido, demora mais de 60 horas com certeza"
228725335,11.0,True,0,"𝗩𝗔𝗠𝗢𝗦, 𝗖𝗔𝗥𝗣𝗘𝗔𝗗𝗢!!! Dito isso, pare de perder tempo lendo as avaliações e compre logo essa obra-prima."
228724286,89.53333333333333,True,0,"its a very good game, for those who like de medieval aesthetics its a certain opportunity"
228722836,104.03333333333333,True,0,"to gostando bastante do game, so nao curti muito a parte com a montaria kk"
228717661,5.233333333333333,True,1,"Jogo com graficos absurdos e uma historia que envolve você, joguei pouco até o momento mas ja me prendi ao jogo, recomendo para quem gosta de uma boa historia e bons graficos"
219343165,122.05,True,0,"História e Narrativa Narrativa Superior: O jogo é excelente e envelheceu como vinho. Mesmo em 2026, a história e a forma como a narrativa conduz o jogador são absurdamente superiores a muitos lançamentos atuais. Riqueza nos Detalhes (Lore): O cuidado da desenvolvedora com o enredo está presente até na exploração casual. Encontrar itens pelo mapa através dos sentidos de bruxo e ler tomos revela micro-histórias imersivas, como a tragédia do bruxo que morreu no local onde estão os diagramas da armadura de Lobo Grão-Mestre. Gameplay e Mecânicas Customização e Builds: O jogo brilha para quem foca no lado RPG. A árvore de habilidades oferece uma enorme liberdade, permitindo combinar técnicas e armas para criar builds únicas que mudam completamente a dinâmica do combate. Ritmo Atual: A jogabilidade em si pode parecer um pouco datada hoje em dia para os padrões mais modernos, mas é um detalhe menor que de forma alguma estraga a experiência geral. Progressão e Exploração: O mundo recompensa a curiosidade pura. É perfeitamente possível encontrar equipamentos de alto nível (como os da expansão Blood and Wine) apenas explorando o mapa de forma orgânica, antes mesmo de falar com os mercadores específicos. Fator Replay: É um título que garante centenas de horas de conteúdo de altíssima qualidade e que merece demais ser rejogado. Gráficos, Desempenho e Plataformas Versatilidade e Performance: A experiência de rejogar varia muito bem entre propostas diferentes: Modo Portátil (Rog Ally): Excelente para avançar em missões secundárias e focar no grind/farm de materiais de forma prática. Modo Ultrapotente (Acer Predator Helios 16 AI): Jogar com os gráficos no Ultra, em resolução Quad HD e espelhado na TV, eleva o visual do jogo a outro nível, tornando a experiência visualmente incrível e extremamente imersiva."
228707355,62.36666666666667,True,1,"bom dmais, graficos lindos, a unica coisa q me incomodou foi bloquear ataques, diferente do the wicher 2 tem um delay insano"
228687132,142.75,True,0,"simplesmente um dos melhores jogos ja feitos, uma experiencia inexplicável, cada hora nesse jogo é especial. Minha parte favorita foi Skellinger, a trilha sonora e simplesmente incrível, os cenários lindos, as missões secundarias são muito interessantes, os contratos de bruxos são extremamente divertidos de se fazer, a historia principal tambem é absurda de boa, mas eu recomendo quando vc chegar em uma região do mapa procure fazer todas as secundarias e contratos de bruxo antes de fazer as missões da historias principais, vale mt a pena. sobre as dlc eu tbm recomendo fortemente comprar as expansões, ate o momento que fiz essa analise tem duas que é a heart of stone e blood wine, as duas são bem completas, com uma historia muito boa e fechadinha."
228680129,32.71666666666667,True,0,"Geraldão é pressão, maior fazedor de contratos de bruxo, historia principal é pra depois, a ciri que espere. O veio aqui precisa ganhar os cruzeiros matando montros e vendendo recursos."
228679363,146.83333333333334,True,0,"Montei meu pc recentemente, joguei re4 remake, god of war e rrd2, mas the witcher 3, apesar de se um jogo de 2016, bate de frente com esses jogos mais recentes(na minha opinião), completei recentemente a historia principal com 90h de gameplay(olha que eu Rushei, grande erro)"
228501784,14.116666666666667,True,0,"Um dos melhores RPGs já feitos Antes de tudo, vale mencionar que grande parte da minha experiência com The Witcher 3 foi adquirida ao longo dos anos em diferentes plataformas e voltei ao pc pra rejogar esta obra prima. Portanto, as horas registradas na Steam não representam necessariamente todo o tempo que já investi no jogo. Dito isso... The Witcher 3: Wild Hunt é uma obra-prima que mostra até onde um RPG pode chegar quando combina narrativa de qualidade, personagens memoráveis e um mundo vivo. Desde os primeiros minutos, o jogo te prende com sua atmosfera sombria, escolhas difíceis e histórias que vão muito além do clássico bem contra o mal. Geralt de Rívia é um protagonista excepcional, e acompanhar sua busca por Ciri é uma jornada cheia de emoção, perigos e momentos inesquecíveis. O grande destaque, porém, está nas missões secundárias. Muitas delas possuem uma qualidade tão alta que poderiam facilmente ser a história principal de outros jogos. O mundo aberto é gigantesco, rico em detalhes e recompensador para quem gosta de explorar. Cada vila, floresta, pântano e cidade parece ter sua própria história para contar. Além disso, as criaturas são inspiradas em lendas e folclores, tornando cada caçada única e interessante. O sistema de combate, alquimia e evolução do personagem oferece várias formas de jogar, permitindo que cada jogador adapte Geralt ao seu próprio estilo. Somado a isso, as expansões Hearts of Stone e Blood and Wine estão entre os melhores conteúdos adicionais já lançados para um videogame. The Witcher 3 não é apenas um excelente RPG; é uma experiência que permanece na memória muito tempo depois dos créditos finais. Um jogo que estabelece um padrão de qualidade difícil de alcançar e que merece todo o reconhecimento que recebeu. ""Evil is evil. Lesser, greater, middling... makes no difference."" Uma aventura inesquecível para qualquer fã de fantasia, exploração e boas histórias."
228660190,39.483333333333334,True,0,"Quase 15 horas de jogo e ainda estou bem no começo, jogo é simplesmente incrível, faz você querer completar todas as sidequests sem ficar obrigatoriamente na missão principal, ele te faz ter um vínculo com os personagens, mesmo sendo ""antigo"" ainda continua sendo goat, ele envelheceu como vinho"
228654012,119.21666666666667,True,0,"Este jogo mesmo sendo de 2015 continua sendo uma obra prima nos dias atuais, e estou com muito hype para a sua futura dlc"
228620423,137.28333333333333,True,0,"Obra prima! Tudo que você espera num RPG. Simplesmente perfeito. Não consigo achar palavras para descrever. Apenas, Obrigado CD Projekt Red"
228617903,181.81666666666666,True,0,"Jogo muito imersivo e gráficos extremamente bonitos, para um jogo de 2015, adorei a experiência, recomendo DEMAIS."
228608724,92.46666666666667,True,0,"Um jogo espetacular, a DLC Blood and Wine ainda o faz se tornar mais grandioso que é. Com certeza entra em dos melhores jogos que já joguei na vida. A gameplay ainda em 2026 segue boa, travada na movimentação do cavalo e em alguns aspectos do combate, mas segue muito boa ainda."
228607202,1.5166666666666666,True,0,"Jogão, uma pena que não joguei antes. To jogando esperando lançar o 4."
228607146,63.25,True,0,"Acho que todos sabem da historia e o quanto ela é importante e definiu uma geração, além de educar inúmeros jogadores ao longo dos anos em como atos afetam seu futuro."
228258299,82.26666666666667,True,13,"+80 horas de jogo e ainda não zerei, não porque seja longo demais, mas porque o mundo é tão incrível que vivo fazendo missões secundárias. Os gráficos são lindos até hoje e a história prende do início ao fim. As DLCs são praticamente obrigatórias: excelentes, desafiadoras e com qualidade comparável à campanha principal. Um dos meus jogos favoritos de todos os tempos. Ansioso pela sequência! ⭐⭐⭐⭐⭐"
228605926,15.9,True,1,Objetivo->estava atras de minha filha adotiva Impedimento->fui a um rio para pegar cascara para atrair um grifo e me deparei com uma velha me pedindo ajuda para resgatar a frigideira dela 👍 nota 10/10
228605135,37.8,True,0,"Esse é um daqueles jogos que no começo talvez não te prenda, comigo foi assim, muitas vezes tentei gostar, mas acabava desistindo por achar o jogo difícil de entender, mas decidi tentar novamente, e meus amigos... Este jogo me despertou um sentimento que não sentia há tempos: anseio de jogar um jogo pela história, anseio de querer zerá-lo simplesmente pq vc gosta do jogo. Maravilhoso, me arrependo de não ter realmente jogado antes."
228603316,145.16666666666666,True,2,"Essa é uma análise inicial, mas até o momento eu diria que o jogo é muito bom. O simples fato de ter tradução já ajuda bastante. É um pouco humilhante ser ameaçado, xingado e tratado como lixo por um bando de caipiras em português? Sim. Mas também é muito melhor do que tentar acompanhar legenda enquanto três pessoas falam ao mesmo tempo e você precisa ler o início, o meio e adivinhar o final da frase. na parte inicial no quarto posso dizer que tentei, eu tentei... As missões são muito divertidas, mas existe um problema sério: aquele velho que nos acompanha é um vagabundo profissional. Já fiz umas oito missões, resolvi problema de aldeão, carreguei saco, bati em gente, apanhei de gente e o cidadão continua sem trabalhar. Se esforço desse experiência, ele ainda estaria no nível 1. Outra coisa que me preocupa é que eu já não sei se sou herói ou vilão. Em uma missão estou ajudando a comunidade, na outra estou invadindo a casa de alguém e pegando tudo que não está pregado no chão. Já bati em criança, roubei dinheiro de fazendeiro, entrei em propriedade alheia sem autorização e saqueei metade da região. Honestamente, acho que estou a duas missões de virar o problema que fui contratado para resolver. Mesmo assim, estou adorando a experiência. A ambientação é ótima, as missões conseguem me prender e a história tem sido interessante de acompanhar. Até agora é um daqueles jogos que me faz querer continuar jogando só para descobrir qual será a próxima decisão questionável que o roteiro vai me convencer a tomar. Por enquanto, nota 10/10. Se continuar nesse ritmo, talvez eu termine a campanha como herói do reino ou como o criminoso mais eficiente da região."
228601403,50.083333333333336,True,0,"Esse é o game perfeito pra quem gosta de RPG, game obrigatorio para todos, boas historias, decisões importantes,combate unico"
228598609,233.96666666666667,True,0,"Minha expectativa para esse jogo estava nas alturas, e ele ainda conseguiu superá-las em muito! Toda a ambientação é perfeita, as histórias secundárias são até mais fascinantes que a principal, e o jogo não cansa de surpreender. Foi um dos melhores jogos que já joguei na vida, e realmente a DLC Blood and Wine é tão imensa que parece um jogo à parte."
228597301,3.1166666666666667,True,0,"o jogo em si é muito bom, mas é para jogadores com tempo e paciencia por ser um pouco lento kkkkkk"
228577571,8.95,True,0,simplesmente um dos melhores rpg historia 10/10 gameplay 1000/10 gráfico 10/10 dlcs 100/10
228565026,59.416666666666664,True,1,esse virou meu segundo jogo favorito tem tudo q eu gosto um mundo aberto bom um mapa bom o progresso de personagem muito bom esse game e perfeito
228562057,4.966666666666667,True,0,"jogo foda pra caralho, quase perfeito, pra mim, so não e perfeito porque meu pc não roda ele tão bem,mas não muda o fato de que o jogo e perfeito"
228538002,206.45,True,0,"Viciante a historia, fora exploração que n acaba mais. amei game"
228518813,3.2666666666666666,False,0,só tem dialogo e o que mais tem ainda é tudo mal feito
228470852,114.53333333333333,True,0,infelizmente comecei pelo 3 game mais o meu conselho e fazer do 1 ao 3 para melhorar sobre a historia do jogo porque quem gosta de RPG esse jogo e um dos melhores da para fazer muita coisa no jogo mesmo ele tendo anos de lançamento eu aconselho que jogue com calma .
228463779,67.55,True,0,"Simplesmente o melhor da franquia; Uma melhora significativa em relação ao segundo, agora com 4 mapas enormes de mundo aberto pra você explorar. Leve em consideração que eu não fiz tudo no jogo, mesmo com essas 67 horas, falta bastante coisa na verdade, e tudo por uns 30 conto em promoção. Absolutamente um must-play"
228461790,337.48333333333335,True,0,Uma obra-prima indescritível que qualquer indivíduo q se preze deveria jogar.
228450180,127.5,True,0,"The witcher 3 e uma experiencia sem palavras para descreve-la, possuindo uma historia comovente e extremamente bem feita este jogo consegue te passar uma verdadeira experencia em um mundo de fantasia onde tudo e vivo, desde de seus npcs ate os minimos detalhes.10/10"
228448691,8.033333333333333,True,0,"Muito bom um dos melhores rpgs que ja joguei,recomendo isso pra todo mundo que puder jogar.literalmentem meu jogo fav no momento"
228442793,110.45,True,0,"Com 100 horas de jogo posso falar sobre ele agora kkkk, cara para mim um jogo de mais de 10 anos? ainda sendo um dos maiores jogos de todos os tempos, tem muito conteúdo papo de horas e horas de jogo ee com essa nova dlc, dlc não EXPANSÃO esperando mais umas 30-45h de jogo kkk, eu não fiz tudo do jogo tem muito ainda do jogo base e das suas expansões ja fiz a historia principal, mas digo o jogo completo em promo vale uns 30 reais, VALE CADA CENTAVO."
225921629,145.46666666666667,True,0,"Depois de jogar, entendi o porquê dizem que não é surpresa sempre ver The Witcher 3 nas listas de melhores jogos da história todas as vezes"
228419925,149.68333333333334,True,0,"Tá chovendo, tá garoando, o imperador Emhyr molhou a cama hoje de manhã."
228393043,105.38333333333334,True,0,"Depois de mais de 1000 horas jogadas no PS4, decidi comprar The Witcher 3 novamente no PC para experimentar esse universo mais uma vez — agora na versão de nova geração, com melhorias gráficas, conteúdos bônus e a possibilidade de usar mods. E sinceramente? Não me arrependo nem um pouco. The Witcher 3 foi, para mim, o melhor jogo da sua geração. É um daqueles títulos que demoraram muito tempo para serem superados e que, mesmo tantos anos depois, ainda mantém características únicas. A forma como ele constrói seu mundo, suas escolhas, seus personagens e suas histórias continua sendo algo especial. A campanha principal é extremamente envolvente, mas o que realmente faz o jogo se destacar é a qualidade absurda das histórias secundárias. Muitas missões paralelas têm mais profundidade, emoção e impacto do que campanhas inteiras de outros jogos. O mundo parece vivo, cheio de detalhes, problemas, consequências e personagens que realmente dão vontade de conhecer. Mesmo com tantas horas de conteúdo já lançadas, The Witcher 3 ainda continua relevante, principalmente com a nova expansão prometida para 2027. Voltar para esse jogo no PC, com gráficos melhores e mods, reforça o quanto ele ainda é uma experiência obrigatória para qualquer fã de RPG. A jogabilidade talvez seja o ponto que mais afasta novos jogadores, especialmente quem espera um combate mais moderno ou fluido. Mas, se você conseguir passar por essa barreira inicial, vai encontrar um dos jogos mais completos, marcantes e bem escritos já feitos. Para quem nunca jogou, vale muito a pena dar uma chance. E para quem já conhece a franquia há mais tempo, sempre existe um bom motivo para voltar a caça."
228370751,157.96666666666667,True,1,"Muito bom. com as DLCs ainda, é tipo outro jogo."
228368256,47.28333333333333,True,0,"muitoooooo bom msm recomendo dmss mesmo sendo antigo, e outra recomendo nao pular as cenas por mais chato que parece tem uma q vc ate se emociona em"
228355187,2.2333333333333334,False,0,"vamos ao review: joguei como voce pediu , pelo menos 1 hora ( joguei 2 e meia até mais que esperado ) joguei todo começo , fiz umas 3 sidequest's OPCIONAL. matei o griffo , fui pro castelo, vi o pai da ceci, fiz a barba e tomei banho. pontos positivos: historia/lore/conversa boa, bem narrativa , apesar de levemente confusa. personagens maneiro, principalmente o geralt, mt chad. mundo aberto com boas sides quest, e boas recompensas. varios sistemas de upgrade, estilo de jogo de up. pontos negativos : combate uma merda trava de camera uma merda e quem reclama do CAVALO do elden ring e que nunca jogo the witcher 3. e também, mucho texto pra um jogo. bonus: o cavalo tem estamina kkkkkkkkkkkkkkkkkkk vsf qe podre."
228352002,123.66666666666667,True,0,A verdade tem que ser dita o jogo é very gudi
228351937,248.46666666666667,True,0,"Delicia de jogo, Gráficos, história e jogabilidade. perdi vários dias da minha vida jogando isso, valeu a pena!"
228346222,207.93333333333334,True,0,"Jogo extremamente perfeito, não tem como descrever a história é TOP, o mundo é vasto e as duas expansões são absurdamente fod@s. só joguem essa obra de arte!"
228307228,171.2,True,0,Simplesmente o melhor jogo de RPG que poderia existir!!! Mesmo há 10 anos atras nenhum conseguiu chegar nem perto do Geraldão
228299773,146.11666666666667,True,2,Jogo há anos e ainda não sei escolher entre Triss e Yennefer. Recomendo.
228294962,71.51666666666667,True,0,"Um dos melhores jogos que já joguei na vida, sem dúvidas essa foi a história mais imersiva que eu já vi até hoje"
228289903,138.56666666666666,True,0,"Jogasso da porra. Tem leitura pra caralho, mas vale a pena pela LORE. Até missão secundária tem LORE, vei. Dito isso, absolute cinema. (Sim, estou atrasado pra krl, mas o pc gamer veio tarde)"
214515257,58.3,True,6,"Sempre tentei jogar mas sempre que eu começava eu ficava desanimado e desistia, mas quando finalmente consegui jogar eu terminei o jogo e as duas DLCs me divertindo muito, o jogo tem muito conteudo e todas missões secundarias são boas, nao sao qualquer coisa só pra ter mais conteudo. Agora que terminei, parece que falta um pedaço do meu coração, eu quero mais, eu quero mais de The Witcher, com certeza está no top 5 dos melhores jogos que já joguei."
228278901,79.55,True,0,"O melhor jogo que já joguei, apenas isso meus caros."
228238662,90.6,True,0,"Simplesmente um dos melhores jogos que já joguei, ótimas mecânicas, gráficos incríveis, enfim, joguem e digam por vocês mesmo e tirem suas próprias conclusões."
228230019,146.65,True,0,Pro seu amor foi bye bye Na sua buceta foi pau
228227669,78.33333333333333,True,0,cara unica coisa ruim foi perder meu salve ja concluirda barao sangnario
216058962,148.01666666666668,True,0,"Apesar de ter alguns uns bugs bem chatos (como a música de fundo desaparecendo ou o jogo crashando aleatoriamente), ainda assim, é um baita RPG que você deve sim jogar. Dica: não ative o Nvidia Hairworks, ele causa a maior parte dos crashes do jogo, principalmente ao carregar seu save. E se o seu áudio sumir, teleportar de um mapa para outro resolveu esse problema no meu jogo."
196277899,248.46666666666667,True,0,"The Witcher 3: Wild Hunt é o melhor jogo de RPG que já joguei, graças ao seu mundo aberto vasto e detalhado, repleto de regiões únicas com histórias próprias. A exploração é sempre gratificante, e até as missões secundárias são bem desenvolvidas e cheias de escolhas morais complexas. O combate, embora não seja o mais técnico, é funcional, divertido e melhora conforme se dominam os sinais e poções. A trilha sonora é marcante, contribuindo para a imersão nos momentos épicos e emocionais. Mas o jogo tem suas falhas, como a dublagem irregular em português que varia de qualidade em alguns momentos do jogo e a presença de bugs comuns em mundos abertos, que as vezes exigem reinício do jogo. Mesmo com esses problemas, The Witcher 3 se destaca pela profundidade do seu enredo, universo riquíssimo e protagonista marcante, consolidando se como uma obra prima dos RPGs. Se você gosta do Genero RPG, recomendo bastante mesmo. Mas se você não gosta deste genero, dê uma chance que você vai descobrir como este jogo fez alguém como eu, que não curte tanto, amar esta obra. Nota (9/10)"
228209127,120.2,True,0,e chatinho no começo mas depois a historia fica muito boa e imersiva
99539458,1150.25,True,2,"Refazer essa análise, depois de rejogar e rejogar todos os 3 jogos e ler os livros, posso dizer que The Witcher atualmente é a obra da minha vida, os jogos e os livros tem provavelmente um dos universos mais vivos e interessantes de fantasia. A CD Projekt Red fez um trabalho tão foda com esse jogo, não é só uma adaptação bem feita, é uma extensão completa e perfeita do conteúdo original, fora que, é um jogo maravilhoso por si só, o mundo aberto sem igual, com consequências reais, o mundo reage a você e ao que você faz. Isso tudo sem falar dos personagens e da estrela desse jogo: Geralt de Rivia, que, pra mim, é o personagem mais bem escrito que eu já vi, amo todas as nuâncias dele e como ele lida com o mundo e reage às situações dele. É o tipo de jogo que exala carinho e mostra como os desenvolvedores, roteiristas e diretores são apaixonados no que fazem e na obra original, tratando tudo com extremo respeito e amor."
227373505,490.5833333333333,True,0,"⭐⭐⭐⭐⭐ Obra-prima dos RPGs The Witcher 3: Wild Hunt é, sem dúvida, um dos melhores RPGs já criados. A jornada de Geralt de Rívia oferece uma combinação quase perfeita entre narrativa, exploração, combate e desenvolvimento de personagens. O mundo aberto é gigantesco, vivo e repleto de atividades interessantes. Diferente de muitos jogos do gênero, até mesmo as missões secundárias possuem histórias bem escritas, personagens memoráveis e escolhas que realmente fazem o jogador refletir sobre suas decisões. A ambientação é fantástica, com cenários impressionantes, trilha sonora marcante e uma atmosfera medieval sombria que prende a atenção do início ao fim. A exploração é extremamente recompensadora, sempre existindo algo novo para descobrir em cada canto do mapa. O sistema de combate é divertido e estratégico, exigindo o uso correto de espadas, sinais, poções e óleos para enfrentar monstros e inimigos cada vez mais desafiadores. Além disso, a progressão do personagem permite criar diferentes estilos de jogo. Outro destaque são as expansões Hearts of Stone e Blood and Wine, que possuem qualidade comparável — ou até superior — a muitos jogos completos disponíveis no mercado. Mesmo anos após seu lançamento, The Witcher 3 continua sendo uma referência para a indústria dos videogames. Uma aventura emocionante, repleta de personagens inesquecíveis, escolhas impactantes e momentos épicos. Recomendado para qualquer fã de RPG, fantasia medieval e histórias bem contadas. Uma verdadeira obra-prima. 🐺⚔️🍷 Minha nota: 10/10."
228132695,140.93333333333334,True,0,"Tirando alguns bugs que as vezes ocorrem, 10/10 por um game de 2015. OBS: Não ignore as missões secundárias e contratos de Bruxo, vc vai perder 100 horas nisso.., mas vale a pena"
228130227,168.06666666666666,True,0,"O que dizer deste Best Seller dos games, há mais de 10 anos lançado envelhecendo como um bom vinho.... Geralt de Rívia, o protagonista de uma saga envolvente com uma história marcante e surpreendente... Após 168 Horas de game play cheguei no final da Lore, e iniciei as campanhas da DLCs. realmente para quem gosta de uma boa aventura e história, vem com tudo... Gráficos irados Moderno, um paradoxo para o seu tempo. e com uma Dublagem PTBR, perfeita! Esperando a próximos cápitulos!"
228127099,244.88333333333333,True,0,"Um dos melhores jogos de todos os tempos, mesmo após 10 anos do seu lançamento ainda volto para rejogar esta obra prima"
228124156,311.96666666666664,True,0,Um dos melhores jogos que ja joguei em minha vida.
228112326,219.33333333333334,True,0,"Simplesmente o jogo com uma das experiências mais imersivas que já joguei. The Witcher 3: Wild Hunt tem um espaço muito significativo para mim, já joguei em diversas plataformas, muitos inícios e términos de jornadas, escolhas alternativas e consequências a cada gameplay. O jogo faz com que você se apegue intimamente aos seus personagens, tornando tudo profundamente divertido. O que dizer também sobre o enredo? História principal única com DLCs que agregam e são tão impactantes quanto a campanha central de Geralt e Ciri. O mapa é colossal, com muitos pontos para serem explorados e assim rendendo umas boas horas a mais de gameplay. E apesar de alguns acharem atualmente o estilo de batalha do jogo um tanto travado, ainda assim deem uma chance para TW3, não vão se arrepender."
228062771,113.5,True,0,"Jogo excelente, narrativa imersiva e decisões que realmente impactam na jogatina, gráficos lindos, combate dinâmico e fácil de usar, diversas builds possíveis de montar para combate e as missões secundárias são tão cativantes e interessantes quanto as principais. É um daqueles jogos que você joga e se arrepende de não ter jogado antes. 10/10."
228025119,90.36666666666666,True,0,"Como explicar um jogo que 11 anos atrás já era muito bom, e hoje o jogo continua na mesma prateleira. A história do jogo base é incrível, toda a investigação pra encontrar a Ciri é conduzida de uma maneira incrível, todos os personagens que você topa são memoráveis. Amei todas as caçadas a monstros, com certeza foi uma das coisas mais divertidas que fiz no jogo e além disso tudo as side quests são um jogo a parte, a CD fez um trabalho magnifico. O combate do jogo é okay, acho que quando ele foi lançado era o que dava pra fazer na época. Amo esse jogo e ele continua tão bom pra mim quanto era quando joguei a primeira vez."
228008905,190.71666666666667,True,0,"JÁ ZEREI VARIAS VEZES, VOU DE NOVOOOO. Jogo muito bom e diversificado! ESPERO VER MAIS DO QUE ISSO NO The Witcher 4!"
228005494,242.1,True,0,"Jogão! Não tem muito o que dizer, o jogo é maravilhoso, daqueles que você fica horas e horas sem ver o tempo passar. A dublagem em português poderia ser mais caprichada, mas torna o jogo mais engraçado. O áudio original deixa mais sério. Então dependendo do seu humor, a dublagem pode influenciar em como você encara a história. Recomendadíssimo pra quem gosta de mundo aberto e liberdade nas escolhas, pois elas VÃO interferir no desenrolar da narrativa."
227992386,127.55,True,0,"Meu jogo favorito, talvez só perdendo para o god 2, mas muito bom! Recomendo cada detalhe, além de ser engraçado"
227967599,89.08333333333333,True,0,"Jogo maravilhoso! Do tipo que faz você desconfiar até da lixeira, com medo de deixar de olhar e deixar algo passar. Rejogaria tranquilamente"
227902085,184.48333333333332,True,0,"jogo incrivelmente maravilhoso, com uma excelente historia e personagens marcantes, mesmo após anos de lançamento continua sendo o melhor jogo da categoria, recomendo demais."
227872393,112.95,True,0,"Desde sempre quis jogar esse jogo. Nunca tive um computador próprio para isso, eventualmente consegui jogar em outros PC's. Foi a melhor experiencia com games que tive, a história é muito boa e suas escolhas importam (o que torna tudo melhor). Esse é meu jogo preferido da vida. Quando eu tiver a oportunidade, vou jogar o jogo para obter todas as conquistas. Não ligaria de ter que jogá-lo inúmeras vezes, muito pelo contrário. O MELHOR JOGO JÁ CRIADO."
227834329,258.21666666666664,True,0,"a historia principal perde facilmente para historias secundarias, não que isso seja ruim até por que o jogo é bom em tudo"
227833379,151.9,True,0,"Cara provavelmente ninguem vai ler de tantos elogios. MAS PESSOAL DE PRODUCAO , DESEMHO E COMO TODOS SETORES ESSENCIAS COMO NUCLEO UM DOS JOGOS MAIS TOPS QUE JOGUEI MANO ..........E O BOM QUASE IIINFINIIITOOOO KKKKKKKKK MUITO BOM"
227791790,2.6,True,1,Melhor jogo que joguei na minha vida. Deveria ter jogado essa obra prima antes. Incrivel cada minuto nessa obra de arte
227761551,200.58333333333334,True,1,"The Witcher 3 não é apenas um jogo, é uma aula de como criar um mundo vivo. Cada escolha tem consequências reais, as missões secundárias são melhores que a campanha principal de muitos jogos, e os personagens parecem pessoas de verdade. Anos depois do lançamento, continua sendo uma referência em narrativa, construção de mundo e RPG. Uma obra-prima que envelheceu melhor do que a maioria dos lançamentos atuais."
227755830,103.58333333333333,True,0,"The Witcher 3: Wild Hunt é, sem exagero, um dos melhores RPGs já criados. O jogo entrega uma história envolvente do início ao fim, com personagens marcantes, escolhas que realmente impactam o mundo e missões secundárias que muitas vezes são tão boas quanto a campanha principal. O mundo aberto é gigantesco, vivo e cheio de detalhes, incentivando a exploração a cada nova região descoberta. A ambientação é impressionante, a trilha sonora é memorável e os gráficos continuam belíssimos mesmo anos após o lançamento. Geralt é um protagonista carismático, e acompanhar sua jornada em busca de Ciri é uma experiência emocionante e inesquecível. Além disso, as expansões Hearts of Stone e Blood and Wine são exemplos de conteúdo adicional feito com excelência, oferecendo dezenas de horas de aventura de altíssima qualidade. Poucos jogos conseguem combinar narrativa, exploração, combate e construção de mundo de forma tão brilhante. Se você gosta de RPGs, este é um título obrigatório. Mesmo após centenas de horas, ainda há algo novo para descobrir. Nota: 10/10. Uma experiência que todo jogador deveria viver pelo menos uma vez. 🐺⚔️🍷"
227747701,224.61666666666667,True,0,"The Witcher 3 foi o jogo que me fez amar RPGs. Até hoje continua sendo um dos melhores jogos que já joguei e um dos poucos que consegui terminar várias vezes sem perder o interesse. O que mais me impressiona é a qualidade da escrita. Os personagens são extremamente bem desenvolvidos, incluindo muitos que inicialmente parecem secundários. Geralt, Ciri, Yennefer, Triss e Dandelion são memoráveis, mas o jogo vai além e consegue fazer até personagens menores parecerem importantes para o mundo. A ambientação é simplesmente fantástica. Velen é sombria e opressiva, Novigrad é uma das cidades mais vivas que já vi em um RPG, e Skellige continua sendo uma das regiões mais marcantes dos videogames para mim. A trilha sonora é tão boa que basta ouvir algumas músicas para sentir vontade de voltar a jogar. As expansões merecem um elogio à parte. Hearts of Stone entrega uma história mais sombria, emocional e cheia de escolhas difíceis. Blood and Wine é praticamente um jogo novo, com uma atmosfera completamente diferente, uma região belíssima e personagens excelentes. Ambas estão entre as melhores expansões já feitas para um videogame. Poucos jogos conseguem reunir história, personagens, ambientação, trilha sonora e construção de mundo em um nível tão alto. Um clássico absoluto e um dos melhores RPGs já criados."
227727835,470.71666666666664,True,0,"Top 5 melhores jogos da minha vida, só queria ser o geraldão mais uma vez"
227688290,241.15,True,0,"Esse jogo é incrivel, um dos melhores jogos de mundo aberto, hitória ótima, musicas, graficos, ambiente e etc.. as quests são munto boas e as side quests melhores ainda. Apesar disso o jogo possui sim pontos negativos, a dificuldade da gameplay não acompanha o desenvolvimento do jogador, o jogo rapidamente se torna muito facil, mesmo na dificuldade mais dificil ""Marcha da Morte"" o jogo é muito facil. alguns boses são interessantes e divertidos mas nada muito incrivel, você pode vencer todos os boses apenas dando ataque rapido, dando cambalhota e usando o Quen e repetir isso até o boss morrer."
227686002,58.833333333333336,True,0,"Um RPG de mundo aberto que não se torna maçante devido ao fato da jogabilidade ser simples e divertida, quanto mais você anda por este mundo mais quer explorar, mais criaturas quer conhecer e derrotar, mais poções e elixires criar. Um jogo repleto de possibilidades pra quem gosta daquela experiência próxima a de um MMORPG sem o lado negativo dos jogos do gênero"
215727223,140.63333333333333,True,1,"Dica: joguei witcher 1 e 2 antes, pois terá um peso INCRÍVELMENTE maior para a narrativa, personagens e etc, principalmente para as duas DLCs depois de zerar o jogo. Jogão <3. Obrigado CD."
227635924,50.05,True,0,"Bruxinhas salientes, monstros sinistros, a pá do cuidador é roubada de mais"
227620784,170.28333333333333,True,0,"Este é simplesmente um dos melhores jogos que já joguei, a ambientação e o mundo de The Witcher 3 são uma das melhores coisas do jogo, as suas escolhas que fazem realmente diferença na sua gameplay, Geralt sendo um excelente protagonista muito carismático e os personagens secundários também, tudo é incrível, os diálogos com a dublagem que não é das melhores mas é engraçado e tem seu charme, 10/10. É um jogo que eu não canso de jogar sempre com algo novo para fazer. Perdi as contas de quantas vezes passei mais tempo jogando Gwent e fazendo as quests secundárias ao invés das quests principais. É definitivamente um jogo que vale a pena jogar e rejogar."
227618775,81.91666666666667,True,6,"O Universo desse jogo é muito bem construído. Graficamente é lindo, ainda mais com essa nova versão. Sobre o combate tem um pessoal que acha meio travado mas por mim eu gostei, não vi nenhum problema, libera o "" espira "" e vrau. Narrativa simples e cativante, tem uma encheção de linguiça em certa parte mas é mínima. Pontos negativos quase nenhum, mas pqp, controlar cavalo nesse jogo é uma desgraceira e tem partes que a dublagem pt-br quebra totalmente o clima da cena kk. Sobre o Ritmo do jogo, pode parecer meio lento no começo mas insista, vai valer a pena na frente. 10/10"
227591877,17.283333333333335,True,1,"JOGO FODASTICO, quase gozei pra dentro com esses graficos. AMOOOOOOO THE WITCHEEEER III"
227581951,70.03333333333333,True,0,"Incrivel, zerei o game e to pensando em direto platinar tambem muito bom simplesmente incrivel a imersao do game"
227538736,377.8333333333333,True,0,"Após anos que comprei a trilogia dos jogos da série The Witcher, eu finalmente zerei o terceiro jogo (e suas DLCs), anos e anos jogando, parando e resetando para lembrar a história do zero, mas dessa vez eu finalmente consegui! E como não sou de fazer review profissional, eu vou ser mais direto: jogabilidade às vezes me deu raiva, o Geralt às vezes não batia para o lado certo, andar com o Carpeado principalmente nas ilhas Skellige é horroroso e a dublagem brasileira, apesar de muito boa mesmo, com piadas localizadas para o nosso lindo país, tem algumas partes, principalmente nas mais emocionais, que não sei se posso recomendar usar ela kkkkkkk. Mas tirando esses pontos negativos, o jogo é muito bom mesmo, a história do jogo base é muito boa, e das DLCs eles melhoraram e muito! Cada escolha feita no jogo tem seu peso e, no final de contas, é um jogo com personagens muito carismáticos e uma história bem cheia e gostosa de se ver e acompanhar. Eu recomendo e muito jogar esse jogo para quem gosta de RPG de mundo aberto e quem gosta do universo do The Witcher."
57991832,386.75,True,0,"Esse jogo é uma obra de arte. histórias, ambientação, músicas... tudo muito bom. Para todos os lugares tem algo a se fazer, até as missões secundarias são únicas e com uma história profunda. O jogo é vivo e cheio de conteúdo. Jogo muito bom para quem busca história e exploração. As dlcs não são obrigatórias para ter uma boa experiência, mas elas valem a pena e adicionam bastante conteúdo."
227488471,78.06666666666666,True,0,É simplesmente o 01 dos games! Uma obra prima dos games. Esse jogo deve ser obrigação virar pelo menos uma vez por ano. OBRA DE ARTE!!!!
227465553,594.9,True,1,"Simplesmente a Melhor Trilogia que eu já Joguei. O Primeiro é 9/10, o Segundo é 8/10 e o Terceiro é 10/10."
227463999,170.58333333333334,True,0,"jogo muito bom, minha experiência inicial esta sendo um pouco frustrante, tem umas coisas que está me irritando mas nada grave ou que eu não vá me adaptar, dá pra ver que é um mundo muito rico e cheio de coisas pra fazer"
227456195,82.65,True,0,Nota: 10/10 Efeito colateral: você nunca mais vai confiar em “missão secundária simples” em outros jogos.
227452393,102.56666666666666,True,0,A pior parte desse jogo é que eu nunca mais vou poder ter a experiência de jogar ele pela primeira vez.
227423366,358.23333333333335,True,0,Carpeado atravessa um mar inteiro mas não consegue atravessar uma cerca. Melhor jogo já feito.
227377702,108.93333333333334,True,0,"Jogo bom pra crlh, principalmente para quem gosta de história, escolhas e mundo aberto. O jogo tem muitas missões interessantes, e várias delas parecem tão bem feitas quanto a história principal. As escolhas que você faz realmente importam e podem mudar o rumo de algumas situações. O mundo é grande, bonito e cheio de lugares para explorar, monstros para enfrentar e personagens marcantes. O Geralt também é um protagonista muito bom, com um jeito sério, mas ao mesmo tempo carismático. No começo, a jogabilidade pode parecer um pouco confusa, principalmente por causa dos menus e sistemas do jogo. Mas depois que você se acostuma, a experiência fica muito melhor. Na minha opinião, The Witcher 3 é um dos melhores RPGs já feitos. Vale muito a pena para quem gosta de uma história forte e de passar muitas horas explorando."
227368670,47.733333333333334,True,0,"simplesmente melhor jogo já feito, Geraldão é foda quer cmer geral"
227364120,40.71666666666667,True,0,"Primeira vez no pc, mas não é a primeira vez no jogo. Tendo platinado 2x no playstation e em busca de todas as conquistas na steam. Não tem o que dizer sobre, só uma dos melhores games RPG da década. tem tudo que você precisa e imagina na pele do bruxo Geralt. Jogão!!!"
227355694,134.08333333333334,True,0,"The Witcher 3 é, para mim, a melhor história já feita em um videogame. E não estou falando apenas da campanha principal, mas também das missões secundárias, que são tão bem escritas e desenvolvidas que muitas vezes parecem fazer parte da história principal. Cada personagem tem personalidade, cada escolha tem consequências e cada missão consegue prender sua atenção de um jeito diferente. É impressionante como até as tarefas mais simples possuem uma narrativa envolvente e memorável. O mundo do jogo é vivo, rico em detalhes e cheio de histórias para contar. Você começa uma missão achando que será algo rápido e, de repente, está envolvido em uma trama tão interessante quanto a campanha principal. Poucos jogos conseguem alcançar o nível de escrita, construção de personagens e narrativa que The Witcher 3 apresenta. Para mim, ele continua sendo uma referência quando o assunto é contar uma boa história nos videogames. Simplesmente uma obra-prima. 🐺⚔️🎮"
227348579,20.0,False,1,"Jogo superestimado demais! Jogabilidade e combate péssimos, história fraquíssima, missões repetitivas, interface horrível e elementos de RPG mal feitos. Os NPC são genéricos e com falas repetidas, inimigos broxantes e mundo sem vida (parece que foi feito por uma criança de 9 anos, jogando aleatoriamente elementos gratuitos da Unreal Engine). Boa parte da fama dessa bomba, deve-se ao fato de haver muito conteúdo e piadas adultas forçadas. Não gaste seu precioso tempo e dinheiro com isso aqui! Skyrim de 2011 consegue ser melhor que essa porcaria em todos os quesitos, compre Skirim, baixe mods gráficos e seja feliz!"
227329336,95.58333333333333,True,0,"Um RPG de mundo aberto q ficou pra historia. Entra no game disposto a aprender e a curtir a historia q vc vai amar. O combate é muito bom, tem uma boa variedade de monstros, mundo vivo e muito lindo! Dito isso, único bruxo mais fod4 q o Geralt é o Ronaldinho gaucho. Vamos Carpeadoo!!"
227313459,14.916666666666666,True,0,"Sei que joguei por pouco tempo, mas que bagulho incrível, uma das melhores sensações é você jogar um jogo com uma qualidade absurda como essa, parabéns aos desenvolvedores"
227292348,13.016666666666667,True,0,Jogo Fantástico mal comecei e já estou curtindo muito pretendo jogar por muito tempo
227251162,45.516666666666666,True,0,"Jogo muito bom,vale muito a pena jogar ele.História que te prende do início ao fim sem contar as dlcs que também são excelentes."
168693509,77.15,True,2,deveriam trocar o significado de perfeição no dicionário para o nome desse game
227200926,128.46666666666667,True,0,"Melhor RPG q joguei na vida, historia, jogabilidade, mecânica ( tem seus defeitos ) porém é maravilha. Recomendo sempre."
227191634,240.3,True,1,"Já perdi as contas de quantas vezes zerei, sem dúvidas um dos melhores jogos que ja joguei na vida."
227188343,119.83333333333333,True,0,"Para quem é fã das obras de ""The Witcher"", este jogo é sensacional."
227188054,207.0,True,1,"Jogo excelente, o meu favorito. Ótima história, gráficos, dublagem, tudo! Quem tiver na dúvida, compre. Se vc gosta de histórias medievais que envolvem lutas, magia, monstros, vc não vai se arrepender."
227173708,316.53333333333336,True,0,"The Witcher 3 é simplesmente perfeito! Tenho jogado ele nos últimos 2 anos (o jogo é imenso), e no início desse ano optei por tentar o 100%. Não me arrependi em nenhum momento dessa decisão. Isso aqui é uma obra prima meus amigos."
227173280,443.43333333333334,True,0,"Simplesmente um dos melhores jogos de todos os tempos, quem tiver a oportunidade apenas jogue e veja com seus próprios olhos!"
227168690,31.166666666666668,True,0,"Comprei no ps4, anos depois no xbox one e agora no pc. Um dos melhores jogos que existe"
227163537,5.216666666666667,True,0,"tenho 123 horas no xbox dessa obra prima e é simplesmente o meu jogo favorito, tudo nesse jogo é bom, a imersão, os personagens, parece que o jogo faz vc mergulhar no mundo com uma imersão maravilhosa, a trilha sonora, isso tudo me fez ter uma afeição incrível por esse jogo, dito isso o melhor rpg de todos os tempos."
42684176,967.9833333333333,True,2,"Esse é, na minha opinião, o rpg de maior imersão, senso de propósito, maturidade e beleza de todos os tempos. A única limitação, mas que não é demérito, é que apesar das escolhas serem muito relevantes para o desenrolar final do jogo, você sempre será o personagem GERALT. Ou seja, há pouco espaço para a sua personalidade no jogo. Isso, no entanto, faz com que tenha a trama mais consistente e surpreendente desde os primeiros jogos da franqwuia. Parabéns aos produtores, isso não é um jogo, isso é uma obra de arte!"
227126934,128.01666666666668,True,0,"Jogo muito bom, mesmo antigo tem uma ótima jogabilidade e a historia é o foco o combate não é tão fluido como jogos atuais como crimsom desert."
196497249,85.4,True,0,"Mano, que jogo foda! No começo eu não botei fé quando vi, mas aí pensei: 'vamo lá, né... vai que né'. E cara, que jogo foda! Recomendo MUITO MESMO!"
227114469,46.916666666666664,True,14,"Simplesmente não tenho palavras para descrever o carinho que tenho por esse jogo, sem dúvidas é o meu favorito de todos os tempos. O jogo atualmente já tem mais de 10 anos de lançamento e continua me surpreendendo, cada vez que jogo novamente descubro algo novo e tenho um pequeno vislumbre da minha primeira jogatina. Eu poderia dizer que gosto do jogo pelos personagens e lore cativantes, pelo belo mundo aberto, pela trilha sonora, pelo GWENT ou pela exploração recompensadora. Mas a verdade é que acompanhar o bruxão nas suas aventuras e sentir o peso de cada escolha me conectou com o jogo como nunca antes havia acontecido. Sei que existem muitas críticas sobre a mecânica de combate, nado, etc. Mas eu não poderia de forma alguma deixar de recomendar essa pérola e, mesmo que minimamente, poder influenciar alguém a ter uma experiência com essa obra prima.🐺❤️"
227112852,40.96666666666667,True,0,"The Witcher 3: Wild Hunt é uma obra-prima de RPG não conheço nenhum jogo que tenha o mundo aberto tão bonito e imersivo. Sua narrativa cheia de escolhas morais e suas consequências prende você por horas. Os personagens são escritos com profundidade Geralt, Ciri, Yennefer e Triss são figuras memoráveis que transcendem o meio. O mundo aberto é extraordinariamente vivo, com cada região possuindo identidade cultural, visual e sonora própria. As missões secundárias rivalizam com histórias de jogos inteiros em qualidade narrativa e impacto emocional. O sistema de combate, aliado à preparação estratégica com óleos e sinais, oferece uma experiência satisfatória e recompensadora. (Nunca esqueci da primeira vez que cumpri a missão O Demônio do Poço como era o método de investigação e como foi bom resolver o caso."
227101212,185.76666666666668,True,0,"esse jogo é o meu favorito , recomendo a todos, ele é clássico dos clássicos de toda temporada."
227059555,105.51666666666667,True,0,"Os NPCs tem vida. Cada um mostra uma pequena parte daquele mundo que gira e está em constante modificação. Simplesmente, compre e jogue logo. É uma das maiores obras de arte de todos os tempos criados pela humanidade."
227051623,408.4,True,0,"SINCERAMENTE ? DEPOIS DE ANOS UM JOGO QUE EU ZEREI, INFELIZMENTE NÃO 100%, MAS SE FORAM 408 HORAS DE JOGO. BOM PRA K4R4LH0, JOGASSO. SE VOCÊ TEM FAMILIA, NÃO JOGUE, SEJA UM PAI PRESENTE."
227010229,115.88333333333334,True,0,"Sem dúvidas o melhor jogo da franquia, tanto em questão de história como melhoria considerável da jogabilidade!"
227002879,98.76666666666667,True,0,Melhor jogo que eu já joguei na minha e meu top 1
226970376,476.6666666666667,True,0,"Recomendo. The Witcher 3 é um daqueles jogos raros que conseguem prender você não apenas pela história principal, mas por tudo o que existe ao redor dela. Entrei esperando um RPG de mundo aberto e encontrei um mundo cheio de personagens memoráveis, decisões difíceis e missões secundárias que muitas vezes são tão boas quanto a campanha principal. A jornada de Geralt é envolvente do início ao fim, e o jogo faz um excelente trabalho em mostrar que nem toda escolha tem uma resposta certa. Suas decisões têm peso, e isso torna a experiência muito mais imersiva. O combate pode parecer um pouco datado para quem está acostumado com títulos mais recentes, mas a qualidade da narrativa, da ambientação e da construção do mundo compensa facilmente esse detalhe. É o tipo de jogo que faz você sair do caminho principal apenas para seguir uma missão aleatória e acabar vivendo uma das melhores histórias da sua campanha. As expansões merecem uma menção especial. Hearts of Stone e Blood and Wine não são apenas conteúdos extras; são experiências que ampliam e enriquecem tudo o que o jogo já faz bem. Mesmo mais de uma década após o lançamento, The Witcher 3 continua sendo uma referência quando o assunto é RPG de mundo aberto. Se você gosta de boas histórias e personagens bem escritos, dificilmente vai se arrepender. Vim pela caça aos monstros. Fiquei pelas histórias."
226969960,76.71666666666667,True,0,"Jogo bom da poha, um dos melhores jogos que joguei na vida, nunca enjoa rejogar, com mods fica melhor ainda."
226949137,11.083333333333334,True,0,o mundo aberto é o melhor da história dos games
222912172,171.4,True,0,"Review de complecionista. Platinar The Witcher 3: Wild Hunt é uma jornada longa, exigente e ocasionalmente cruel, mas também uma das raras experiências em que o sofrimento dos 100% é constantemente recompensado pela qualidade absurda do que está acontecendo na tela. São facilmente mais de 100 horas entre campanha, contratos, exploração, Gwent e todas as demais atividades que a CD Projekt decidiu despejar em um mundo já gigantesco. E, pela primeira vez em muito tempo, você não sente que o jogo está tentando inflar sua duração artificialmente. Ele simplesmente tem conteúdo suficiente para justificar sua existência. A principal barreira da platina é a dificuldade Marcha da Morte, algumas conquistas perdíveis e a necessidade de prestar atenção em certas decisões ao longo da campanha. Felizmente, o desafio raramente parece injusto. A sensação é mais a de participar de uma longa peregrinação do que enfrentar uma lista de tarefas criada por um gerente de produtividade obcecado por métricas. Como jogo, The Witcher 3 continua sendo uma aula de construção de mundo. Missões secundárias possuem mais personalidade do que campanhas inteiras de muitos RPGs modernos. Personagens memoráveis surgem constantemente, diálogos mantêm a qualidade do início ao fim e até contratos aparentemente simples conseguem se transformar em histórias surpreendentemente complexas. Seus defeitos existem, claro. O combate nunca foi exatamente a parte mais refinada da experiência e algumas mecânicas envelheceram de forma menos graciosa do que o restante da obra. Mas são imperfeições pequenas diante da escala do que o jogo entrega. O mais curioso sobre essa platina é que ela produz um efeito raro. Na maioria dos jogos, quando o último achievement aparece, a reação natural é alívio. Em The Witcher 3, frequentemente é saudade. Depois de mais de uma centena de horas percorrendo estradas enlameadas, caçando monstros, jogando Gwent em horários completamente inadequados e se envolvendo em problemas que claramente não eram da sua conta, aquele mundo começa a parecer estranhamente familiar. Quando tudo termina, fica um vazio difícil de explicar. Poucas platinas conseguem isso. Muitas testam sua paciência. Algumas testam sua habilidade. The Witcher 3, além disso, consegue fazer você sentir falta dela depois. E considerando quantas listas de conquistas parecem ter sido projetadas por indivíduos com uma relação profundamente hostil com a diversão (Ubisoft), isso talvez seja o maior elogio possível."
43934638,241.13333333333333,True,1,"5 Anos de The Witcher 3??? Parece que foi ontem que comprei pela primeira vez... Simplesmente o melhor RPG já feito, o que mais joguei e amo. Ficou muito boa a recriação da música principal!!!! <3 Att: 11 anos de The Witcher 3 e ainda parece que foi ontem que comprei pela primeira vez... De tempos em tempos eu revisito esse mundo e conheço uma parte nova. Obra prima. O jogo te ensina a desacelerar e pensar um pouco."
226917116,160.0,False,0,"Lixeira total, fui querer rejogar esse game atualmente para jogar com uma coleção de mods para dar uma incrementada, vou lá para abrir o jogo e mesmo estando nos requisitos de jogar no Alto (Tabela do Next-Gen Update) eu deixo sem hairworks, sem RT, sem muitos efeitos de tela eu só consigo pegar 40 fps no máximo (Em uma área sem nada) e com MUITOS stutters, mudar para tudo no baixo não muda nada. Desagradável voltar para tentar jogar e ser essa porcaria, perdi até a vontade de botar na versão 1.32."
226914441,173.96666666666667,True,0,Muito topissimo. Geraldão monstro e Ciri divonica. O jogo é mt bom e as dlcs são maravilhosas. Ansioso pra dlc q vai lançar
226905421,108.0,True,0,"tesão de jogo, dlc nova anunciada minha vida ta feita"
226904407,201.16666666666666,True,4,"O melhor jogo que ja joguei na minha vida, atmosfera , historia, personagens, porr jogo unico demais, zerei 3 vezes pirata e comprei o game para zerar de novo,a espera da nova expansao para sentir aquele momento unico novamamente"
226902483,121.81666666666666,True,0,Referência nos jogos RPG de ação. Mitada violenta da CD Projekt
226899357,182.8,True,1,"The Witcher 3 não é apenas um dos melhores RPGs, mas uma das experiências mais completas que os videogames já produziram. O que torna The Witcher 3 especial não é apenas o tamanho do seu mundo ou a quantidade absurda de conteúdo. É a forma como tudo parece ter propósito. Em muitos jogos, missões secundárias existem apenas para aumentar artificialmente o tempo de jogo. Aqui, muitas delas possuem histórias tão bem escritas que poderiam facilmente fazer parte da campanha principal. Em vários momentos me vi mais interessado nos problemas de um aldeão desconhecido do que em salvar o próprio mundo. Geralt de Rívia é um protagonista raro. Ele não é um herói perfeito, nem um escolhido destinado à grandeza. Ele é um homem tentando fazer o que considera certo em um mundo que raramente recompensa boas ações. E é justamente por isso que suas decisões carregam tanto peso. The Witcher 3 entende que o bem e o mal nem sempre são claros, e constantemente coloca o jogador diante de escolhas onde não existe uma resposta correta, apenas consequências. A narrativa principal já é excelente por si só, mas foram as expansões que me fizeram perceber o nível de excelência que a CD Projekt Red alcançou. Hearts of Stone entrega uma das histórias mais brilhantes que já vi em um videogame, explorando desejos, arrependimentos e o preço que pagamos por nossas escolhas. Já Blood and Wine é praticamente um jogo inteiro disfarçado de DLC, oferecendo uma nova região, dezenas de horas de conteúdo e uma despedida digna para um personagem que acompanhamos durante tanto tempo. O mundo é vivo de uma forma difícil de explicar. As guerras deixam marcas visíveis, os monstros possuem histórias próprias e cada região transmite uma identidade única. Velen é deprimente, brutal e melancólica. Novigrad respira corrupção e ambição. Skellige transmite liberdade, aventura e tradição. E Toussaint parece um conto de fadas que esconde suas próprias sombras. Mas o que mais me marcou foi perceber que, mesmo após completar tudo, o jogo nunca pareceu uma obrigação. Cada contrato, cada tesouro escondido, cada ponto de interrogação no mapa carregava a sensação de que uma nova história poderia estar esperando. Poucos jogos conseguem transformar exploração em curiosidade genuína. Claro, existem defeitos. O combate envelheceu em alguns aspectos, a movimentação pode parecer estranha em determinados momentos e nem todas as mecânicas acompanharam a qualidade absurda da narrativa. Mas esses problemas desaparecem diante da grandiosidade da obra como um todo. Completar 100% de The Witcher 3 não me deixou com a sensação de ter terminado uma lista de tarefas. Me deixou com a sensação de estar me despedindo de um mundo que passei centenas de horas conhecendo. E talvez seja essa a maior qualidade do jogo: ele faz você sentir que viveu uma jornada, não apenas que jogou um RPG. Alguns jogos divertem. Alguns impressionam. Pouquíssimos permanecem na memória anos depois de terminados. The Witcher 3 está no meu coração."
226892746,97.08333333333333,True,0,"É um jogo formidável, mais de 30 horas de jogo, sem nenhum arrependimento, me faz só querer aproveita mais esse mundo tão incrível!"
226889522,6.716666666666667,True,0,"Apesar de eu ter poucas horas registradas nesta conta, já passei facilmente das 100 horas em uma conta anterior. E, sinceramente, depois de tudo que vivi neste jogo, fui praticamente obrigado a comprá-lo novamente só para tê-lo na minha biblioteca. A CD Projekt Red merece cada centavo. The Witcher 3 é uma experiência que vai muito além de um simples videogame. A história é fantástica, os personagens são memoráveis, as escolhas realmente importam e até as missões secundárias têm uma qualidade impressionante. Poucos jogos conseguem criar um mundo tão vivo e imersivo. Geralt é um protagonista incrível, e acompanhar sua jornada foi uma das melhores experiências que já tive nos videogames. E quando você acha que o jogo já entregou tudo, chegam as DLCs. Hearts of Stone e Blood and Wine são absurdamente boas, cada uma conseguindo elevar ainda mais o nível de um jogo que já parecia uma obra-prima. Não sou de platinar jogos (pelo menos ainda não kkk), mas posso dizer que aproveitei cada momento dessa jornada. O que mais me marcou foi a sensação ao terminar tudo: fiquei genuinamente triste por ter acabado. Depois de tantas horas naquele mundo, parecia uma despedida. Pouquíssimos jogos conseguem causar esse sentimento. 10/10."
226889101,40.8,True,0,"Simplesmente o melhor jogo já criado, joguem. Só isso que tenho a dizer."
226866112,38.333333333333336,True,0,"Uma das maiores obras criadas para videogame ou qualquer tipo de mídia. Desde a narrativa, a musica, a gameplay, eles acertaram em tudo."
107096292,100.28333333333333,True,0,"Voltando para apreciar essa obra-prima mais uma vez após anunciarem a expansão ""Songs of the Past"". Um jogo que marca e é um título obrigatório para qualquer gamer. Para você que chegou agora e, provavelmente, pelo mesmo motivo, aproveite. Quem me dera ter a chance de voltar no tempo e jogar pela primeira vez..."
126539164,304.3666666666667,True,0,"Caros filhos da puta de bom gosto,Antes de ABOCANHAR o PENIS reluzente da CD Projekt Red, vamos dar uma chupada bem demorada NO PINTO enrugado, peludo e lendário do Andrzej Sapkowski, esse polonês filho da puta de talento. O cara não escreveu fantasia. Ele cagou uma saga suja, cínica e genial. Misturou romance medieval, monstros de outras dimensões, política podre pra caralho e uma colherada bem grauda de sexo selvagem com feiticeiras,bardas e medicas. Ciri, a garota de bunda branca do sangue ancestral, sendo caçada por elfos homossexuais racistas e terroristas, enquanto o próprio pai biológico quer fazer incesto político. Não tem herói. Todo mundo é filho da puta nessa porra. Humanos são invasores ladrões hipócritas, elfos são terroristas arrogantes e o Geralt só quer três coisas na vida: balançar o pinto de ferro, matar monstros e foder molieres(feiticeiras,bardas e medicas de preferencia).Agora a gente pode se ajoelhar de verdade.A CD Projekt Red pegou essa obra-prima suja do Sapkowski, cheirou uma carreira inteira de cocaína pura, bateu uma punheta épica e gritou:“Vou fazer o melhor RPG da porra da história caraio” E entregou The Witcher 3: Wild Hunt, O ápice. O rei. O monumento à sacanagem bem feita no sacanagem verso. O jogo é tão foda que humilha a maioria dos lançamentos atuais. As escolhas importam pra caralho. Você faz merda no começo e o jogo te fode o cu com consequências 70 horas depois. É RPG adulto de verdade.Mas o que realmente faz esse jogo fazer a concorrencia chorar no banho são as histórias secundárias.Porra, as side quests de The Witcher 3 dão de 10 a 0 na história principal da maioria dos jogos atuais.Enquanto a maioria dos jogos modernos tem side quests que parecem “vá matar 10 ratos e volte”, Witcher 3 tem side quests que são contos curtos perfeitos. Cada uma tem começo, meio, fim, reviravolta e ainda te faz refletir sobre a vida. É ridículo como são boas. Muitas vezes são melhores que a história principal de outros AAA.Exploração? Viciante pra porra.Combate? BALANÇA O PINTO DE FERRO E DECAPITA GERAL.MONTARIA?O CAVALO EMPINA TODO TORTO,É O GRAU!.TRILHA SONORA?EU ME SINTO NUMA ORQUESTRA!MOLIERES?Cenas de sexo? EITA BIXO,SALIENCIAS!"
214710801,236.96666666666667,True,0,"UM EXCELENTE JOGO DE MUNDO ABERTO. INCRÍVEL. DLCS TOPS, PARA MIM O MELHOR RPG JA FEITO."
226812576,55.416666666666664,True,0,"eu gostei bnastante, mas um problema que vem afetando um pouco minha gameplay é o fato da ,ovimentação do gerald, ele se move estranho, é dificil de controlar, mas no demais, jogo incrivel, lindo, historia ate agora boa, personagens bem construidos, estou gostando, recomendo"
226777648,266.4166666666667,True,0,"jogasso, da pra mas depois que voce faz todas as missoes sidequest possiveis fica chato .e meu microodas com led apanha pra rodar, mas vale a pena"
226770521,154.65,True,0,EU ADOREI O THE WITHER WILD HUNT 3 A JOGABILIDADE E INCRÍVEL E O GRAFICO E LIDO DE DOER MARAVILHOSO RECOMENDO POS AQUE QUE ADIQURIR VAITER UM ESPRIENCIA MUNTO BOA MESMO
226736166,59.416666666666664,True,0,"ainda não zerei, mas o jogo vale muito a pena, pretendo comprar os pacotes de extensão. o ponto forte do jogo é a imersão, os npc são engraçados, mas um ponto fraco é a locomoção, o cavalo é muito ruim em varios sentidos, e acaba ficando cansativo se vc n tiver na vibe certa pra andar boa parte do mapa"
226734911,64.61666666666666,True,0,Jogo bom da pra jogar por apenas 6 meses sem zerar
226707410,137.81666666666666,True,0,"Sem duvidas o melhor jogo que joguei em toda minha vida, e olha que sou gamer desde os anos 2 mil, podem comprar sem duvidas, comtemplem esta obra prima, que mesmo depois de 11 anos, ainda rende boas jogatinas... E não esqueçam de jogar as DLCs, que são do mesmo nivel do jogo base...."
226674085,64.13333333333334,True,0,"muito bom, mundo vasto, boa historia, jogo perfeito para jogar e se divertir"
226664313,126.85,True,0,"jogo muito rico! Itens diversos, os feitiços, poções, missões, etc. deixam o jogo muito atraente, tanto para os que prestam atenção aos detalhes ou aos aventureiros que preferem a ação. O combate eu acho que deixa um pouco a desejar, mas amo a trilha sonora, os cenários, as histórias, interações. Recomendo muito a todos"
226659259,128.9,True,0,"The Witcher 3 não é só um jogo, é uma experiência absurda do começo ao fim. Pouquíssimos games conseguem criar um mundo tão vivo, detalhado e imersivo quanto esse. Cada cidade, floresta, vila ou pântano parece ter história própria, e até as missões secundárias têm mais profundidade e qualidade narrativa do que campanhas principais de muitos jogos atuais. Geralt é facilmente um dos protagonistas mais bem escritos da indústria, e o jeito como o jogo desenvolve os personagens faz você realmente se importar com cada escolha. E falando nisso: as escolhas aqui importam de verdade. Não existe “certo” ou “errado”, apenas consequências — muitas vezes pesadas e emocionantes. A trilha sonora é simplesmente perfeita. Basta ouvir alguns segundos para entrar completamente no clima do continente. O combate, os contratos de bruxo, os monstros, os diálogos, a ambientação… tudo parece feito com um nível absurdo de carinho e dedicação. E as DLCs? Blood and Wine praticamente é um jogo novo de tão gigantesca e impecável que é. Hearts of Stone entrega uma das melhores histórias já feitas em um RPG. The Witcher 3 é aquele tipo de jogo que deixa vazio quando termina, porque você percebe que viveu algo especial. Uma verdadeira obra-prima da CD Projekt Red e, sem exagero, um dos melhores jogos já criados."
62471474,283.51666666666665,True,0,Esse é um dos melhores jogos de todos os tempos. Acho que só tenho mais horas em Zelda BOTW Fora isso... que jogaço.
58006164,267.1166666666667,True,2,"O melhor simulador de GWENT que existe, melhor até que o próprio GWENT Online!"
117410284,67.83333333333333,True,0,"Depois de mais de 67 horas e zerar a campanha principal, The Witcher 3 virou facilmente um dos RPGs mais imersivos e bem escritos que já joguei. E sabendo que ainda faltam as DLCs, parece que a experiência ainda nem terminou completamente. eu nem fiz elas ainda pois estou explorando o mundo aberto depois de uns meses sem jogar"
226590320,200.6,True,0,Acabei de zerar a campanha principal do jogo. Simplesmente sem palavras foi meu primeiro RPG massivo e mesmo jogando em 2026 posso afirmar com toda certeza que The Witcher 3 Wild Hunt é o meu jogo favorito de todos os tempo e definitivamente recomendo qualquer 1 jogar essa obra prima da CD Project Red independente de ter jogado ou não os outros jogos da série. E pra ser sincero é o tipo de jogo que não reclamaria nem 1 pouco de pagar preço cheio nele
226588740,23.383333333333333,True,0,um dos melhores jogos que ja joguei na minha vida
226587342,910.1166666666667,True,25,"""Se você tá procurando um mundo aberto gigante pra se perder, joga The Witcher 3. O mapa é absurdo de lindo, cheio de vilas, castelos, pântanos e segredos para descobrir. Você joga como um caçador de monstros, então tem que rastrear criaturas, usar magias e espadas. É um dos melhores mundos abertos já feitos."""
226583583,63.05,True,1,"Primeiro jogo que parei pra prestar atenção na história, sensacional. Boa jogabilidade e nada maçante, fiz as principais em alguns dias, indescritível o quanto esse jogo é bom!!!"
52663192,326.95,False,0,"Boa ambientação, enredo e elenco imersivo, a cada minuto você quer continuar mais para saber onde e como a trama acabará da quest atual. Mais legal é quando ele entra em um tipo de ""overdose"" de poções, o rosto fica mais pálido e com veias roxas. Transmitiu realismo mostrando que mesmo com habilidades sobre-humanas ele ainda continua sendo humano. Ruim é o sistema de direção do cavalo, sempre se prende em árvores gerando a morte do personagem ou atraso mesmo. No mais excelente jogo, proporciona aí muitas horas de diversão e aprendizado. Game é bom, mas deixo de recomendar por eles adicionarem modo foto B.os.ta, inútil pra quem não usa/deseja. Aumentou em média 50GB por um serviço irrelevante e está dando lag por causa de estar mau otimizado, mesmos requisitos antes de AC unity, agora está apenas polido e brilhante. PS: ao adicionarem esta versão ""nova geração"" o game ficou pior e agora está dando lag, ao preço de imagem apenas mais nítida, coisa de 5%, quase imperceptível."
70679594,528.5166666666667,True,0,"Na minha opinião isso não é um jogo, é uma obra de arte. O jogo é magnífico em tudo, tem uma história magnífica, que surpreende sem parar, uma trilha sonora maravilhosa, gráficos tão lindos que as vezes eu abro o jogo só pra apreciar o ambiente. Não é um jogo, é uma experiência que muda a sua vida."
226566387,726.7833333333333,True,0,"Um dos melhores jogos que já joguei, fiquei imerso nesse universo. Quando posso rejogo, ansioso pela nova DLC"
226564614,161.91666666666666,True,0,"A história é fantástica, as missões secundárias são tão bem escritas que parecem a campanha principal, e os personagens marcam de verdade. Fora que o Geralt é um baita protagonista. Se você pegar com as DLCs (Hearts of Stone e Blood and Wine), o jogo vira facilmente uma obra-prima."
203838184,220.38333333333333,True,0,"Uma obra-prima! The Witcher 3 tem um universo riquíssimo e imersivo, com uma história incrível cheio de camadas, missões principais e secundárias maravilhosas. Os diálogos são inteligentes e muito engraçados, cada personagem tem uma profundidade e personalidade única. Desde 2015, tem sido um privilégio acompanhar a jornada do Geraldão. E será, para sempre, o jogo da minha vida."
153267220,109.23333333333333,True,0,"jogaço! Mais de 1.000 entre PC e Console, mais nuca enjoando... uma obra-prima, sem precedentes! A experiência fica melhor ainda quando você se tem noção sobre os livros, muitas boas referências é encontrada nesse game, maravilhoso! Nota: 1000000000/10"
226548601,85.28333333333333,True,0,"Um dos, se não, o melhor jogo de toda minha vida. Gerdão Legend!!"
226548004,58.03333333333333,True,0,"Tá maluco se eu recomendo, precisa recomendar uma obra prima dessas e detalhe graficamente hoje 2026 massacra muitos jogos e a otimização na época quando lançou nem se fala."
226547247,168.48333333333332,True,0,"simplesmente fabuloso, os detalhes e a história em cada missão é envolvente"
226546360,204.5,True,0,"Jogo absurdo de bom, seu maior diferencial é sua capacidade de te deixar imerso no mundo de forma natural."
226545191,111.83333333333333,True,0,"Simplesmente sou apaixonado nesse jogo, pra mim tudo aqui é perfeito."
226544665,115.91666666666667,True,0,"Jogar The Witcher 3 anos após o lançamento só prova o quanto este jogo é atemporal. Mesmo com o peso da idade em alguns pequenos aspectos técnicos, a jornada de Geralt de Rívia continua engolindo a maioria dos RPGs modernos com extrema facilidade. O que torna o jogo inesquecível: Narrativa Impecável: Até as missões secundárias mais simples têm roteiros absurdamente bem escritos, com escolhas morais cinzentas que realmente fazem você parar e pensar. Construção de Mundo: Um universo vivo, denso e melancólico. Explorar o Continente — de Velen a Skellige — é uma experiência incrivelmente imersiva. Personagens Marcantes: A dinâmica entre o Geralt, a Ciri e a Yennefer (ou Triss) carrega o jogo com um peso emocional raríssimo de encontrar na indústria. Se você, assim como eu, demorou anos para dar uma chance a este clássico, não espere mais. É um daqueles raros jogos que deixam um ""vazio"" enorme quando terminam. Uma obra-prima obrigatória para qualquer fã de videogames. Nota: 10/10 (E não deixe de jogar as DLCs, Hearts of Stone e Blood and Wine, que conseguem ser tão boas ou até melhores que a campanha principal)."
226521965,152.53333333333333,True,0,"Eu nem tenho palavras para descrever esse jogo. Tudo nessa obra-prima é perfeito, até mesmo os defeitos (isso é, se existirem). Viagem rápida? Sei nem o que é isso. Galopava meu Carpeado pelos campos e estradas, apreciando a beleza da natureza ao redor. Tomada de decisões tão importante que sinto que influenciam até a minha vida fora do jogo. Nunca vi historia tão perfeita como essa. Todo homem e mulher deve jogar essa obra de artes antes de morrer. Nota 10000000000/10000000000."
226442555,141.68333333333334,True,0,Um dos melhores jogos já feitos na história da humanidade.
226413240,305.2,True,0,"simplesmente é o melhor jogo que foi criado até hoje, com os defeitos e tudo mais. É o melhor!"
25174520,117.18333333333334,True,4,"The Witcher 3: Wild Hunt é, sem exagero, um dos jogos da minha vida. O carinho e a paixão que tenho por essa obra são tão grandes que hoje carrego até uma tatuagem em homenagem ao jogo. Tudo em The Witcher 3: Wild Hunt parece especial. A jornada de Geralt, sua relação com Ciri e todo o peso emocional da história ganham ainda mais força quando você conhece o universo além do jogo. Depois de ler os livros, tudo ficou ainda mais rico e significativo para mim. Um dos maiores diferenciais do jogo está em suas missões secundárias. Pouquíssimos jogos conseguem criar side quests tão bem escritas, interessantes e importantes para o mundo e para a narrativa principal. Cada história tem personalidade própria, consequências e personagens memoráveis, algo que torna o universo absurdamente vivo. Mesmo sendo um jogo de 2015, os gráficos continuam lindíssimos até hoje, e as versões mais recentes apenas aprimoraram algo que já era visualmente impressionante. O combate pode parecer um pouco estranho no começo, mas quando você entende o ritmo, ele se torna extremamente satisfatório. Existe algo quase cinematográfico em lutar com Geralt, principalmente nos movimentos mais brutais e elegantes durante as batalhas. E a trilha sonora… simplesmente espetacular. Cavalgar com o Carpeado enquanto as músicas ecoam pelo mapa cria uma atmosfera única, como se bardos estivessem acompanhando sua jornada em tempo real. Acompanhar toda a trajetória de Geralt foi uma experiência inesquecível, tanto na campanha principal quanto nas expansões. Hearts of Stone entrega uma das histórias mais marcantes que já vi em um RPG, enquanto Blood and Wine, em Toussaint, consegue encerrar essa jornada de forma magnífica. Para mim, The Witcher 3: Wild Hunt é, definitivamente, uma das maiores obras-primas já criadas na indústria dos videogames."
29364718,217.05,True,0,"Perfeito, Um dos melhores jogos que ja joguei na vida !"
226373115,221.26666666666668,True,0,"terminei tudo q tinha pra fazer no game, agora estou em abstinencia :( nunca mais teremos um the witcher 3 novamente..."
226356692,202.88333333333333,True,0,a pior missão dele é melhor que quase todos os jogos da ubisoft
216573532,149.95,True,0,esse jogo é o melhor rpg que já joguei na vida. geralt de rivia é o bruxo mais pic# da história.
226345896,20.833333333333332,True,0,"trilha sonora pika, Geralt é o goat, e graficos e mundo muito bonitos So achei que as vezes tem uns bugs meio chatos."
226340599,224.88333333333333,True,0,Um jogo de muitas possibilidades no mundo aberto e com a história muito imersiva. Um dos meus jogos favoritos!
226319601,35.483333333333334,True,0,"Boa jogabilidade, bons gráficos, história legal, muito bom o jogo!!"
226246135,171.78333333333333,True,0,"Se eu pudesse, apagaria minha memória só pra jogar tudo de novo, como se fosse a primeira vez."
226239070,132.9,True,0,Um dos melhores (se não o melhor) jogo e também RPG que já joguei em toda minha vida. O mundo aberto deste jogo deixa a maioria dos jogos no chinelo. Talvez o único para competir seja Red Dead Redempetion 2.
226191471,179.93333333333334,True,10,"Esse jogo é tão bom que me fez chorar por saber que uma obra-prima dessas existe, me arrependo muito de ter enrolado pra jogar ele, vale muito a pena."
226183791,46.61666666666667,True,0,"Nada como admirar Novigrad, estradas de Vellen, navegar em Skellige e uma imensidão em Toussaint. Esse jogo é uma obra-prima!!! Yennefer é o romance canônico, só pra deixar claro e o único caminho a ser feito. Triss é sem sal e perca de tempo."
226174039,609.1333333333333,True,0,"O melhor jogo de todos os tempos. Apesar de ser antigo, os gráficos são melhores do que muito lançamento de 2026."
226168641,205.51666666666668,True,0,"É uma obra prima, um dos melhores jogos que a humanidade já produziu. Depois de mais de 2 anos jogando, terminei a última DLC. O sentimento é de vazio e saudade, mas também de gratidão por ter tido a oportunidade de viver essa aventura durante todo esse tempo. Já é fato que, dentre os RPGS famosos, não tem a melhor mecânica, não tem os melhores combates, não tem o melhor roteiro, não tem a melhor história, não tem o maior universo, e assim por diante, uma sequência de qualidades não perfeitas, mas quasi-melhor-de-todas... Mas há algo de mágico nesse jogo que faz a soma de todas as partes ser muito maior do que o todo. Na união de suas imperfeições ele consegue ser perfeito. Obrigado a todos os trabalhadores que de alguma forma contribuíram na construção desse jogo, vocês deixaram um legado artístico eterno para a raça humana."
226160199,160.5,True,0,"O jogo é realmente BOM, me emocionei em diversas parte especialmente quando envolveu a Ciri e Geralt e sua relação de pai e filha."
226136362,115.66666666666667,True,0,"Muito bom! A história, os personagens e as conquistas e as armaduras. The Witcher 3 eu recomendo sempre para quem gosta de uma história profunda e como a leitura do jogo realmente impacta na sua gameplay sobre cada elemento da narrativa desde o primeiro jogo. Super recomendo!!!"
226131382,79.4,True,0,"Uma das melhores narrativas nos vídeo games, singelo e caprichoso em tudo q se propõe, é um excelente jogo pra quem nunca jogou um RPG e quer entrar no mundo desse gênero, a penas as dublagens de alguns personagens tem a desejar, parece que contrataram pessoas que nunca fizeram isso antes, apesar e o Gerald está muito bom, em fim, o jogo é lindo e muito bom"
226125648,231.18333333333334,True,0,"Nunca tinha dado uma chance a esse jogo por achar que não gostaria, resolvi dar uma chance a ele e agora não consigo parar mais de Jogar kkkkkkkk, bom de mais!"
226115355,69.3,True,0,"Um excelente jogo, com jogabilidade e história muito boa. 10/10"
226113375,104.31666666666666,True,0,"cara incrível um dos jogos rpg que fiquei apaixonado, só é demorado os diálogos mas de resto td bom , jogo de cartas pra mim é o melhor de todos. fácil e divertido"
226113032,103.3,True,0,Jogo bom do caralho!!! Ainda tô bem no inicio mas já dá pra ter um gostinho
226104852,94.8,True,0,"Joguei no lançamento em 2013 se não me engano, estou ouvindo os livros narrados por Mauro Ramos, voltei a jogar agora, e, só confirmei. Isso é a melhor história, os melhores livros e esse o melhor jogo que a humanidade em seus milhares de anos foram capazes de criar. Não tem GTA 11, Red dead II, Zelda, nada disso é capaz de superar nosso Geraldão, nossa Yennefer e Triss, Nossa Ciri e nosso fiel companheiro Yasker(Dandelion). A netflix tentou cagar, mas o sangue antigo dessas outras obras prevalece e nos honra com a Surpresa, ligando os que amam isso tudo sendo a outra coisa a mais que complementa o Destino."
226094620,116.15,True,0,O Jogo é imenso!!!!!! Faça bem suas escolhas ou termine sozinho numa cabana lamentando-se.
116890332,253.15,True,0,"Gosto muito de The Last of Us, mas este jogo é simplesmente extraordinário. Até mesmo uma side quest que começa com a ideia de “vou ver o que esse aldeão quer e ajudar para ganhar XP e dinheiro” acaba se transformando em missões ricamente elaboradas, imersivas e nada repetitivas. Cada detalhe transmite cuidado e profundidade, tornando a experiência única. Por tudo isso, The Witcher 3 merece plenamente o título de um dos melhores jogos já feitos."
226089127,231.63333333333333,True,0,"200h+ de game pra pegar o final sem nada... 9 dias da minha vida pro pior final possível... Consequências das minhas escolhas, acho que nunca fiquei tão triste por um jogo. P.S um dos melhores jogos da minha vida"
226059879,97.93333333333334,True,0,"Pináculo do RPG, até me fez ignorar a porrada de bugs e glitchs que tem. Geraldão de Rívia brabíssimo."
