review_id,author_playtime_forever,voted_up,votes_up,clean_text
231699011,51.71666666666667,True,0,"Jogo muito facil de entender e bem completo, muitas ações disponiveis pra fazer e incrivelmente um grafico bom."
231694361,0.18333333333333332,True,0,"Play decades ago, and was too good already... Now, its a little more complicated, ok , but is better"
231528647,63.5,True,1,"atenção não jogue esse jogo se você tem vida fora do computador você ira perder tudo, isso aqui é um vício."
94729037,1030.7,True,0,"Um excelente jogo para quem gosta de história e estratégia. Além de oferecer uma gameplay tranquila e divertida, ele transmite uma grande sensação de progresso ao ver sua cidade ou império crescer e se fortalecer. O principal problema está na política de DLCs. Na prática, elas acabam sendo quase obrigatórias. Se você quiser ter acesso a mais civilizações e modos de jogo, precisará gastar mais de **R$ 200** apenas em conteúdos adicionais. Considerando o preço cobrado, o custo-benefício deixa bastante a desejar. Fora essa questão, o jogo cumpre muito bem o que promete. É um título envolvente, relaxante e extremamente divertido, especialmente para quem aprecia construir e administrar um grande império ao longo da história."
107033089,427.4166666666667,True,0,"bom d+, comecei no Clash Of Clans e parei aqui, baixei primeiro por terceiros pq na minha mente não valia a pena, mas no fim comprei, obviamente na promo pq qm paga 590 reais nisso é trouxa"
231401131,759.2833333333333,True,0,"Eu tenho mais de 700 horas nesse jogo e não consigo sair dele... Mande ajuda!!! Brincadeira, esse jogo é muito bom."
231122872,311.3666666666667,True,1,"Creio que foi o ápice do Civilization, evoluindo conforme versões anteriores. Com dinâmicas relativamente simples."
131401752,329.6333333333333,True,0,É tão bom que eu ganhei de graça na Epic e recomprei na Steam.
226320046,778.0833333333334,True,0,Its the most amazing and incredible game so far. It's my favorite
98847700,304.0,True,1,"Bom, tenho poucas horas de game porém joguei muito pira**eado, e esse game é realmente incrível, tive certo preconceito mas depois que passei os primeiros turnos percebi que tinha potencial. Contras: DLCs necessárias para completar o game e IA previsível depois de certo tempo. Prós: Maravilhoso, todo o resto :)"
230789839,91.91666666666667,True,0,10 anos pra finalizar 1 partida tirando isso e top
230136865,18.683333333333334,True,0,"Esse jogo é bom demais! Para quem curte estratégia, vale a pena dar uma chance mesmo que você torça o nariz para jogos em turnos. Eu, particularmente, sempre odiei o gênero, meu negócio sempre foi Age of Empires, Warcraft e estratégia em tempo real (RTS). Mas, incrivelmente, esse jogo me fisgou de um jeito que nem eu sei explicar. É bizarramente bem feito."
229906950,72.9,True,1,"""Só mais um turno..."" e de repente são 4 da manhã. Civilization VI é simplesmente brilhante. O sistema de distritos mudou completamente o jogo para melhor, transformando o planejamento das cidades em um quebra-cabeça estratégico viciante. A variedade de líderes, as diferentes formas de vencer e a trilha sonora impecável fazem com que cada partida pareça única. Se você gosta de estratégia profunda e de ver o seu tempo desaparecer magicamente, esse jogo é obrigatório. Vale cada centavo."
229690745,168.56666666666666,True,0,"Um dos melhores jogos de estratégia disponíveis. Depois que você aprende como funciona (e só aprende jogando), não quer mais parar."
229606322,17.233333333333334,True,0,Meu amigo jogou de Ghandi e bombardeou cinco cidades com bombas atômicas. Aprovado.
174482279,48.11666666666667,True,1,"Sid Meier's Civilization VI é o principal jogo de estratégia por turnos do gênero 4X (explorar, expandir, explorar recursos e exterminar), no qual o jogador assume o controle de uma civilização desde a Antiguidade até a Era da Informação. O objetivo é desenvolver sua nação por meio da expansão territorial, do avanço tecnológico e cultural, da diplomacia ou da conquista militar. O jogo oferece diversas formas de alcançar a vitória, como dominação, ciência, cultura, religião, diplomacia e pontuação, proporcionando grande variedade de estratégias. Cada líder possui habilidades únicas que incentivam diferentes estilos de jogo, tornando cada partida uma experiência distinta. Um dos principais diferenciais de Civilization VI é o sistema de distritos, que exige planejamento cuidadoso na construção das cidades e no aproveitamento do terreno. Além disso, a gestão de recursos, as relações diplomáticas com outras civilizações e a adaptação aos acontecimentos ao longo da partida são fatores essenciais para o sucesso. Dessa forma, cada decisão pode influenciar diretamente o desenvolvimento da civilização e determinar o resultado da partida."
229505849,168.0,True,0,"Maneiro, pra quem gosta do estilo de jogo, não tem muito segredo, o problema as vezes é o tempo desprendido para uma partida longa. Campanhas infinitas, mas para os fãs, vale muito a pena."
229423114,340.05,True,0,"Não é tão bom quanto o 5, mas dá pra jogar."
229417889,104.48333333333333,True,0,O jogo te uma complexidade bem grande e uma curva não só de aprendizado mas também de aproveitamento bem considerável. Ele fica mais divertido depois que você consegue entender o que está fazendo
154950798,167.55,True,0,Joguei uma bomba atômica em um aliado para não perder a vitória cientifica 10/10
229103492,57.81666666666667,True,0,"Esse jogo requer um ESFORÇO muito grande se você nunca teve contato com a franquia de Civilization. Eu era um desses, demorei umas 20 horas de jogo pra pegar o jeito, e depois disso não consegui mais parar de jogar durante semanas. Isso começou a afetar até minha qualidade de sono, então recomendo ter cuidado com essa belezinha de jogo."
229100322,1247.7333333333333,True,1,"Este jogo tem uma dinâmica muito divertida e uma grande capacidade de criar cenários atuais para jogar e pensar estrategicamente, embora o modelo de congresso mundial do V seja melhor, este não é tão ruim, e a vitória diplomática é alcançável neste Recomendo pra quem gosta, além de estratégia, mas a criação de scenarios para análise atual, bem interessante"
157712252,376.26666666666665,True,0,"Civilization VI é um daqueles jogos que parecem simples quando você olha de fora, mas quando começa a jogar percebe que o buraco é muito mais embaixo. É um game bastante complexo, cheio de sistemas, decisões, estratégias e momentos em que você vai precisar queimar bastante fosfato para não fazer besteira. Aqui não é só sair criando tropa e mandar todo mundo para cima do inimigo. Longe disso. Diferente de um Age of Empires da vida, Civilization VI trabalha com uma proposta muito mais estratégica e calculada. Você precisa construir sua civilização desde o início, escolher onde fundar cidades, desenvolver tecnologias, cuidar da economia, expandir território, negociar com outros líderes e ainda se preparar para possíveis guerras. O mais interessante é que cada decisão importa. Às vezes uma escolha errada no começo pode te atrapalhar lá na frente. Você decide se vai focar em ciência, cultura, religião, diplomacia ou dominação militar, e cada caminho muda completamente a forma de jogar. Isso deixa o game muito rico, mas também exige paciência de quem está começando. Os combates também são bem mais táticos do que parecem. Não é simplesmente ter mais unidades e pronto. Posicionamento, terreno, tipo de tropa, defesa da cidade e timing fazem muita diferença. Tem batalha que parece xadrez, onde cada movimento precisa ser pensado para não perder uma unidade importante de graça. A parte econômica e logística também pesa bastante. Você precisa administrar recursos, produção, felicidade, comércio, construções, distritos e várias outras coisas ao mesmo tempo. E é aí que Civilization VI brilha para quem gosta de jogo complexo. Ele te dá liberdade para montar sua própria estratégia, mas também cobra caro se você jogar no automático. No geral, Civilization VI é um jogo excelente para quem curte estratégia, cálculo, guerra e gerenciamento. Não é um game para jogar desligado, porque ele exige raciocínio lógico, paciência e planejamento. Mas, se você gosta desse tipo de desafio, é daqueles jogos que fazem horas passarem como se fossem minutos. Recomendo muito para quem gosta de jogos complexos e quer realmente comandar uma civilização do começo ao fim."
172331862,18.8,False,0,"Tentei, mas esse jogo não é para mim. E olha que eu gosto de jogos de estratégia."
228892411,23.866666666666667,False,0,"Ruim, visão de mapa, MUITO DETALHAMENTO para tudo, pouco jogo, muita leitura para entender tudo oq ue pode fazer"
228821066,45.733333333333334,True,0,Eu já acompanho o jogo desde a sua primeira versão. A jogabilidade só melhora a cada versão.
228602029,18.25,True,0,Gostei do jogo vi Youtubes jogando e mas sou noob
228590528,73.61666666666666,False,4,"É um péssimo jogo sem as DLCs. Há melhorias presentes nas DLCs que deveriam estar presentes no jogo base. Você vê outro jogador jogando o jogo e pensa que vai tentar jogar de forma similar e basicamente se depara com situações completamente diferentes. Os acampamentos bárbaros, por exemplo, têm comportamento diferente no jogo base em relação às DLCs. A jogabilidade por cultura é péssima sem DLCs. Deviam repensar a forma como as DLCs impactam o jogo. Em relação ao gráfico, é muito difícil saber qual estrutura você criou em um determinado lugar. No começo, você se lembra. Mas, à medida que o jogo escala, fica complicado visualizar e entender o que cada estrutura é. Eu não vou dizer que fiquei bravo com o jogo simplesmente porque, graças a ele, aprendi a jogar esse gênero. E acabei me deparando com outro título no qual me agradou mais jogar e a maioria dos conhecimentos obtidos aqui eu pude levar para o outro jogo. O Humankind, sim. Gráfico excelente, interface agradável e a jogabilidade sem dúvidas, melhor que o Civilization VI. Eu acho que há espaço para discutir a qualidade do jogo Civilization VI, mas não em relação ao jogo base. Achei a base do Humankind mais agradável."
228453790,15.4,True,0,"Em comparação ao 5 ele é um pouco mais complexo, demorei um pouco pra pegar a manha, mas continua sendo um dos melhores jogos de estratégia de turnos!"
228207688,6.366666666666666,False,0,There's alwaya a bug saying I had a problem with mods and I can't load saved games. Never used any mods.
228202064,11.7,True,2,"Minha primeira experiência com a franquia e adorei o jogo. Não sei se por estar vindo de jogos de tabuleiro de civilização como Voidfall, Scythe e etc eu gostei muito."
227580684,21.083333333333332,True,0,"Depois de ver várias criticas negativas sobre o Civilization VII de 2025, resolvi comprar este que é de 2016 e as avaliações são excelentes, por fim, não me arrependi, jogo viciante, e você sempre está aprendendo algo novo... De fato não é um jogo fácil de jogar, mas conforme você vai aprendendo novas coisas, mas viciante ele fica. Super recomendo 92/100."
227171515,29.5,True,2,"Review pocket Vou falar apenas do que vi. Leve esta review como alguém que não está tão inserido no nicho de jogos de estratégia. Barreira Inicial De início, as incontáveis abstrações numéricas e períodos intermináveis de produção de cada projeto realmente faz você entrar em parafuso. Mas quando começa a entender, esse desenvolvimento próprio é ótimo. O problema é que o tutorial te joga tudo em textos desinteressantes e não mostra ou treina a filosofia da própria estratégia. ""Só mais um turno..."" Quando você estabelece objetivos internos, o ciclo de gameplay te convence que esses objetivos são importantes para o jogo, traz a vontade e paciência para atingi-lo e te recompensa muito bem ao fim de tudo caso tenha aplicado o senso estratégico de maneira efetiva. Ou seja, quando você compra a proposta, esse jogo que te traz """"imersão"""" muito forte. O tempo voa numa partida. Sound Tracks / Effects Ele é muito bom! Todos os sfx são reconhecíveis e as músicas são incrívelmente ótimas. Cada nação tem seus motiffs (baseado em músicas reais aparentemente) que é sempre derivada nos 4 estágios de eras. Ao decorrer dessas 4 eras, a composição vai gradualmente aderindo a mais instrumentos e ficando cada vez mais épica. Isso transmite uma sensação de desenvolvimento ao mesmo tempo que transborda a personalidade de cada império!"
227462072,193.61666666666667,True,0,gostei de tudo no jogo só que infelismente o jogo nessa ultima verção está umpouso bugado na hora de entrar no jogo o jogo sempre detecta um erro nele mesmo e sai do jogo mandando relatar ao desenvolvedor
224642917,80.95,True,0,"Uma diversão sem fim, tanto solo quanto multiplayer, quanto mais você aprende sobre o game, mas você vai querer jogar, mas prepare o bolso, pq uma experiência completa vai exigir as dlcs."
226887367,10.366666666666667,True,4,"Sim, jogo muito bom para jogar com sua namorada, ainda mais quando você e ela estão tentando destruir os Estragos Unidos e a principal ideia é usar uma Bomba atômica, sendo que ela está jogando com o Japão. Só perdoa quem não se garante na vingança"
97448329,173.7,True,0,"Tenho mais de 300 horas na Epic com o Civ VI (Comprei na Steam depois daquela promoção incrível da versão completa). Muito bom para quem quer se introduzir no mundo de jogos de estratégia. Eu mesmo nunca havia jogado nada desse tipo antes e amei o jogo. Ele é simples, intuitivo, sóbrio, bonito e divertido. Ele tem um único problema: O jogo base. O jogo base parece uma demo perto da experiência que ele proporciona com as DLC's. As DLC's - principalmente a Gathering Storm - oferecem MUITO mais possibilidades em relação ao jogo. Sem elas, a experiência muda completamente, até porque elas adicionam nações bem apelonas no game. Meu conselho: COMPREM! MAS COMPREM A VERSÃO COMPLETA! Caso não: você vai estar pagando por uma demo."
226532329,42.8,True,3,eu gosto desse jogo mas tem alguns pontos que me incomoda por exemplo 500 turnos e coisas desse tipo se fosse 100 livre sei la como um minecraft e vc joga infinitamente expandindo o mundo inteiro eu acharia bem mais interessante ou jogar sem ninguem te atacar enquanto vc expande infinitamente
226450370,41.96666666666667,True,0,joguei umas 6 horas seguidas sem nem ver o tempo passar
226437652,157.63333333333333,True,0,"jogo bom, pior parte é o som da intro estourado atrapalhando meu spotify, tirando isso 9/10"
226267660,262.01666666666665,True,4,"É um bom jogo, dá pra se divertir por um bom tempo. Acho que uma das coisas que mais incomoda no final das contas é a IA do jogo. Os NPC's ficam bravos porque seu exército é pequeno (????), porque você não tem frotas navais o suficiente e até porque tem poucos territórios. As negociações com os NPC's também são bem meia boca e o conselho das nações também poderia ser muito melhor. Tem coisa que está no jogo só pra dizer que existe, mas que na prática a execução é péssima. De todo modo, é um bom jogo, tanto para jogar sozinho quanto para jogar com os amigos."
225987323,36.166666666666664,True,1,"Bom jogo. Demora um pouco para entender o jogo e fica meio vago saber como vencer a partida, mas as mecânicas são bem bacaninhas"
150988479,349.75,True,0,"Muito bom, nunca curti jogos de turno, mas esse me cativou. Pra quem ta afim de comprar um jogo da franquia, recomendo esse e o V ( Sinto que esse é mais completo). Fujam do Civ VII, lançou tem mais de 1 ano e continua uma porcaria."
225935215,37.7,True,0,na espera do lançamento da dlc com o maior líder da história
225815863,57.65,True,0,"O melhor da franquia. O fim de jogo é cansativo, mas vale a pena"
225809092,363.55,True,0,Dá pra jogar pra sempre se não tiver mais nada pra fazer.
225701087,27.483333333333334,True,0,jogo de turno muito bom para jogar com outras pessoas no mesmo console.
225694623,126.25,True,0,"adorei o jogo, principalmente pela parte de poder cometer genocídio"
225675342,12.5,True,0,"bah o jogo é muito bom, mas os conteúdos adicionais fazem um pouco de falta."
225649313,20.633333333333333,True,1,"Gostei, mas os turnos são bem demorados. Um jogo ""rápido"" demora bastante para acabar."
225433003,65.85,True,6,"Entrei em um servidor público comandando um Japão cercado por inimigos. Todas as nações estavam em guerra contra nós. Sob uma nova liderança, intermediei a paz, cessei os conflitos e reconstruí a estabilidade do império. O Japão voltou a ser glorioso, como o sol erguido em sua própria bandeira."
225379859,49.93333333333333,True,0,- Produza seu tacape - Ataque bárbaros - Perca seus guerreiros - Afunde um grande império 10/10
225150172,69.6,True,0,aguarde uma promoção com as expansões pra jogar. A experiência do jogo salta de um solido 8 pra um 10. E vc ainda pode brigar com seus amigos porque criaram cidade perto um do outro.
225125926,251.71666666666667,True,1,"O jogo tem um grafico meio cartunizado que desagradou muita gente e uma nova mecanica de distritos que traz um micro gerenciamento de construção, entretanto, é possível vencer partidas em qualquer dificuldade sem se preocupar com esse micro gerenciamento e enquanto o civ 7 é uma porcaria continuamos aqui"
224926685,80.4,True,1,"Um jogo de estratégia bastante diverso, proporciona muitas horas de diversão"
224908846,41.55,True,0,"jogo perigosíssimo, você abre pra jogar um pouquinho e fica preso por 78 dias seguidos"
224906870,54.95,True,6,"cê é louco, comprei essa porra uns 3 dias atrás e já to 30h jogadas KKKKKKKK bom demais"
140699602,67.75,True,0,era meme jogo de turno consegue ser melhor que hoi
224716978,8.5,True,0,Jogaço! Um dos melhores jogos de estratégia que eu já joguei.
224701377,35.78333333333333,True,1,"bom game, voce entra e pensa vou jogar 1h, e daqui a pouco sao 2 da manha kkkkkkkkkkkk."
224601499,82.9,True,0,"Essa franquia é incrível, desde sempre trazendo jogos muito completos e ricos em detalhes, será uma excelente compra pra quem busca um jogo de estratégia e que te também fornece conhecimento, por exemplo quando se consegue uma grande conquista ou uma grande personalidade, o jogo demonstra alguns detalhes referes a cada parte respectiva (um dos detalhes ricos de que eu falei no início)"
224531206,356.1,True,1,"otimo jogo, acho muito caro como a maior parte dos jogos da serie é (o 7 ta ai pra mostrar kk) mas ainda recomendo muito"
222159331,54.53333333333333,False,0,"LIXO WOKE ! UM MONTE DE CIVILIZAÇÃO IRRELEVANTES NA HISTÓRIA E AS QUE SÃO, PUSERAM UM PENCA DE MUIÉ TOTALMENTE SEM RELEVÂNCIA ALGUMA !!!!!!"
224238931,340.4,True,0,"Uma continuação do clássico Civilizations, tem bem mais opçõas de politicas e possibilidades de mistura do que o CIV V, apesar que admito sentir falta da jogabilidade menos complexa dos grandes classicos Civ II e III"
224117042,104.86666666666666,True,0,"Bom de mais pra quem gosta de jogos de estrategia, a melhor parte do jogo é jogar com amigos e tacar bomba nuclear na base deles."
224020637,329.73333333333335,True,2,"Sid Meier’s Civilization VI é um jogo excelente para quem gosta de estratégia de verdade. Cada partida é diferente, e você precisa pensar a longo prazo para desenvolver sua civilização desde a antiguidade até a era moderna. O jogo é extremamente estratégico: você precisa administrar recursos, escolher bem onde construir seus distritos, planejar guerras, fazer alianças e decidir qual tipo de vitória quer alcançar (científica, cultural, religiosa ou militar). Nada é feito no automático — cada decisão importa. Outro ponto forte é a variedade de civilizações e líderes, cada um com habilidades únicas, o que muda completamente a forma de jogar. Isso deixa o jogo com uma rejogabilidade enorme. Além disso, o sistema de distritos é muito bem feito, obrigando o jogador a pensar no posicionamento das cidades e no aproveitamento do terreno. É um jogo que pode ser desafiador no começo, mas depois que você entende as mecânicas, fica viciante. Perfeito para quem curte estratégia profunda e partidas longas. Recomendo muito."
223427045,310.95,True,0,"pior que o 5 e melhor que o 7, apenas, agora deixa eu voltar para minha tomiris"
223274863,641.9833333333333,True,1,"Provavelmente o melhor jogo que já joguei. O jogo demanda algum estudo, então com o passar do tempo, a qualidade dos jogos melhora. Porem demanda bastante tempo para jogar pois as partidas são bastantes longas"
153407879,95.18333333333334,True,0,"Eu gostei bastante do game, principalmente pela profundidade estratégica e pela liberdade de construir e evoluir uma civilização do zero até dominar o mundo. Cada partida é única, com diferentes caminhos para vitória e decisões que realmente fazem diferença no desenvolvimento do império. Os gráficos são bonitos e o sistema de mecânicas é bem envolvente, mantendo o jogador sempre pensando no próximo passo. No geral, é um jogo excelente para quem gosta de estratégia e planejamento."
223128233,128.45,True,1,"Complexo e divertido, possui uma curva de aprendizagem com suas mecânicas elaboradas, mas é incrível. Recomendo especialmente para quem gosta de história"
223107863,90.93333333333334,True,1,"Recomendo demais! Sid Meier’s Civilization VI é um daqueles jogos que você começa jogando “só uma partida rápida” e, quando percebe, já se passaram várias horas. Você lidera uma civilização desde os tempos antigos até a era espacial, tomando decisões sobre tecnologia, cultura, diplomacia, guerra e expansão territorial. Cada partida é diferente dependendo da civilização escolhida, do mapa e do estilo de jogo que você adota, o que cria uma replayabilidade absurda. O que mais me agrada é como o jogo consegue ser profundo sem ficar confuso. O sistema de distritos é inteligente, obrigando você a planejar bem onde construir cada coisa na sua cidade. As interações com os outros líderes são cheias de personalidade, com diálogos bem escritos e agendas que mudam conforme o jogo avança. Tem momentos de pura tensão quando uma guerra estoura, de orgulho quando sua cultura domina o mundo e de frustração quando um vizinho trai você na última hora. Os gráficos são bonitos e coloridos, com animações caprichadas nas unidades e maravilhas. A trilha sonora evolui junto com as eras e ajuda a criar aquela imersão gostosa. Mesmo sendo um jogo de estratégia por turnos, o ritmo flui bem e você sempre tem algo interessante para fazer. No final, Civilization VI é perfeito para quem gosta de estratégia profunda, planejamento de longo prazo e aquela vontade de “só mais um turno”. Se você curte jogos que te fazem pensar e te prendem por longas sessões, vai fundo sem medo. Nota 9/10. É daqueles que viciam de verdade e valem cada minuto investido."
222733820,74.18333333333334,True,11,Jogo bom demais! Jogue e veja a hora escorrendo pelas suas mãos.. Malditos bárbaros e malditos bots!!!
222705022,134.1,True,0,"Já quase perdi a amizade com esse jogo, que bom que fui eu que ganhei a partida"
222693287,106.36666666666666,True,1,"Com esse jogo eu aprendi que bomba atômica resolve sim muita coisa, que deus cuide da alma de Enéas."
222582748,82.75,True,0,"Jogo tem que ter um pouco de paciência pra entender legal, mas vendo vídeos e jogando, logo vai entendendo tudo. O melhor jogo deste estilo que já joguei"
222452517,125.71666666666667,True,0,"perdi mais de 100 horas da minha vida jogando esse jogo, nunca ganhei sequer uma partida mas acho que sou um pouco masoquista entao foi satisfatorio , sendo assim absolute cinema ####"
222452416,27.183333333333334,True,4,"eu e meu amigo começamos a jogar 9h da manha e formos dormir as 3h e ainda perdemos a run, simplesmente incrivel, fiquei extremamente viciado"
222435957,250.23333333333332,True,0,Foi que o primeiro jogo que joguei na vida e gostei bastante.
222328875,40.35,True,0,"Melhor jogo desse gênero que já joguei comecei na Epic em 2020 mais os preços das dlc's com constantes descontos na Steam, e suporte a mods me chamaram mais atenção e migrei para a steam com o jogo, nunca tive melhor experiência em um jogo do gênero, viciei muito essas 40 horas foram apenas uma partida de minhas varias, literalmente não conseguia parar de jogar após iniciar uma partida, há varias formas de jogar dependendo do seu estilo de jogo, você pode ser pacifista e focar em cultura ou religião ou pode ser bélico e focar em destruir seus oponentes com as mais poderosas armas da humanidade em todas as eras, há vários lideres no jogo e ainda mais com as dlcs muitos necessitam uma total adaptação no seu estilo de jogo para melhor uso de suas vantagens, cada partida é única se por todos os lideres no aleatório inclusive o seu demandando uma adaptação rápida do jogador além disso a mecânica opcional de clans bárbaros dificulta o jogo também deixando o jogo imprevisível podendo em um momento um acampamento bárbaro se tornar uma cidade estado de seu inimigo"
222295290,20.866666666666667,True,0,"É muito bom, porém meus inimigos toda hora ficavam me xingando pra pular o turno, sendo que eu precisava ler 10 linhas de texto pra poder andar com meus construtor, mas o jogo é bom"
222265340,533.5333333333333,True,0,"Muito bom game ,estou aguardando ansiosamente conseguir comprar o VII"
222228502,26.133333333333333,True,0,"Jogo interessante, me satisfez e valeu apena comprar, várias variáveis cada partida e inúmeras formas de vencer e a dificuldade do jogo é realmente desafiadora, o game te faz pensar a cada turno e bolar estratégias insanas para vencer dos lideres, você pode ganhar de qualquer jeito se tiver uma estratégia. O jogo tem um tutorial bem explicativo se você tiver tempo para prestar atenção, se não tiver tempo pra jogar eu não recomendo esse jogo as partidas geralmente duram mais de 4h e isso é insano, ver sua civilização evoluir do zero é muito legal e recompensador. O multiplayer do jogo eu ainda não testei mas deve ser com toda certeza muito mais legal do que jogar sozinho. Cada líder com sua personalidade e jeito de agir chega a dar raiva de alguns lideres sempre que caio com eles na partida contra... 8/10 tenho muito a jogar e aprender ainda!"
222151855,42.3,True,0,"bom jogo, o proximo lançou, mas ate agora essa é a versao mais completa"
222142612,172.61666666666667,True,0,"ÓTIMO JOGO!! JÁ JOGUEI HORAS E HORAS E NÃO CANSA, SEMPRE EXISTEM NOVAS DIFICULDADES"
222118800,23.333333333333332,True,1,"Ainda não aprendi todas as mecânicas, mas achei o jogo bem completo, admito que esperava algo mais complexo mas foi muito divertido. Eu jogo ele de tempos em tempos, mas acho o fato gameplay meio enjoante."
222035035,7.683333333333334,False,0,"do nada o jogo para de pegar na minha região, sem mais nem menos...."
222025128,13.816666666666666,True,0,"Simplesmente viciante, joguei por nove horas seguidas e nem percebi o tempo passar, infelizmente acabei destruindo o Brasil com o Japão, algo que me doeu muito."
222020266,133.58333333333334,True,3,"Simplesmente viciante, eu perco a noção de tempo muito facilmente, bom que eles adicionaram um relógio no jogo."
221792630,45.46666666666667,True,1,"O JOGO E BEM BOM, mas e bem triste fazer aliança com lil vitor ate final de jogo, ai quando chega a 20hr seguidas de gameplay ele joga 4 bombas nucleares em vc, e acaba perdendo pro bot em vitoria cultural"
221751903,405.3333333333333,True,1,"Decida conquistar o mundo militarmente como Alexandre, o Grande Descubra que guerras medievais levam muito tempo e gastam muitos recursos Passe por crises causadas pelo esforço de guerra, como os europeus da antiguidade Decida mudar para ciência, o conhecimento é o verdadeiro caminho Dê a volta por cima, se tornando uma sociedade próspera Lance missões espaciais, provando ao mundo que a sua sociedade é a mais avançada de todas Perca o jogo porque o Canadá fez mais pontos diplomáticos que você"
221731542,269.76666666666665,True,0,"Gosto muito do Civi 6, porem melhor jogar online uma hora casa de jogar com as I.As! Recomendo !"
221657372,75.03333333333333,True,0,"jogo tranquilo e relaxante, muito bom pra quem gosta nesse estilo"
221626914,69.68333333333334,True,1,"O jogo e muito bom, e só melhora com a possibilidade de jogar uma bomba nuclear no Rio de Janeiro. Recomendo D+ 11/10"
206072282,342.2,True,0,"Bom, divertido e fácil de aprender. Confesso que não joguei o 7, mas quanto ao 6, o jogo base por si só proporciona experiências completamente diferentes, afinal, você tem vários impérios para usar e diferentes abordagens para adotar. O final do jogo pode ficar um pouco tedioso devido ao número enorme de decisões a serem tomadas, mas ainda assim é um jogo muito divertido e vale a pena jogar. O jogo também tem algumas limitações que são bastante irritantes, então compilei uma coleção de mods com algumas melhorias que podem ser o que você procura."
221510436,209.13333333333333,True,0,Jogo praticamente todo dia e ate hoje so finalizei 3 partidas.
221445193,100.13333333333334,True,0,Sim! Depois de um tempo fica bem intuitivo e interessante.
221276830,294.9,True,0,"adora jogos como esse, ainda mais com o modo ""pass to play"" tbm conhecido como Modo Hotseat, dando a possiblidade de jogar com amigos no mesmo dispositvo, muito divertido."
220862819,36.483333333333334,True,12,"Esse jogo só tem um problema. Impossível ""jogar uma horinha"". Você toma café da tarde, entra no Civ e do nada você repara que o galo está cantando..."
220705606,1355.7333333333333,True,0,Eu sei que você tá voltando aqui depois de jogar Civ VII. Bem vindo!
220490309,7.533333333333333,True,0,JOGUE APENAS COM TEMPO OU VEJA O SOL NA JANELA SEM PERCEBER
220405397,98.38333333333334,True,2,"Bem maneiro, não é um Vitoria e gosto disso Ele é simples mas nao é mt legal de jogar com amigos demora muito"
220308808,12.233333333333333,False,0,"Primeiro, eu venho de muitas horas em jogos anteriores da franquia. Eu gosto desses jogos geralmente, mas esse eu tentei duas vezes, com alguns anos de intervalo, e não consigo me divertir com ele. Vou tentar o VII ou voltar para o Civ V. O jogo é muito bem feito, mas não consigo gostar dele. A coisa mais legal são os distritos, conseguem ser interessantes (mas irritam o pouco com o conflito entre recursos e prédios de maravilhas). Mas enquanto a mecânica parece ficar mais complexa, não consegui ver grandes recompensas. Por exemplo, o jogo precisa de muita atenção com religião e cultura, mas não senti o mesmo tipo de expansão para as áreas científicas e políticas. Os caminhos de desenvolvimento continuam restritos como nas versões anteriores. Basicamente esse jogo demanda atenção de áreas que me irritaram e não expandiu em direções interessantes em outras áreas. Prefiro continuar jogando o Civ V"
220146819,52.86666666666667,True,0,"no inicio achei confuso, na metade não sabia o que eu estava fazendo, chegou no turno 500 e perdi para o GILGAMESH por 5 pontos, fiquei puto e joguei novamente e venci, como? ainda não sei exatamente foquei em cultura e ciencia, não vi nenhum tutorial, mas é um jogo viciante depois que você entende as mecanicas, muito bom você planejar as coisas, as vezes rolas umas guerras e outras coisas como a cleopatra ter um chilique toda vez que eu queria negociar com outras civilizações, enfim amei as mais de 50 horas gastas, vencer por depois de 470 turnos é muito bom."
219713507,246.56666666666666,True,4,"Esse é um jogo que se desenvolveu ao longo da minha vida. Minha primeira experiência com a franquia foi através do Civ V, que joguei em 2012. Peguei crackeado e, na época, era tudo o que o meu notebook AMD aguentava rodar. Foi uma maldição — detestei o jogo por dois anos, mas era o que eu conseguia jogar com maior conforto. No entanto, conforme fui ficando mais velho, por volta dos 16 anos, comecei a me apaixonar pelo jogo e, com o Civ VI, pela franquia inteira. Infelizmente, caí na dicotomia fatal da vida adulta: uma partida de Civ bem jogada leva horas, e hoje não tenho tanto tempo disponível para me divertir com esse jogo incrível. Se você é novo e gosta do gênero, aproveite o seu tempo livre — você vai sentir falta de poder apreciar essa obra de arte. Ainda não tive a oportunidade de jogar o Civ VII, mas mesmo que essa versão não seja das melhores, o futuro da franquia sem dúvidas será maravilhoso, assim como foi até aqui. Espero ter mais tempo no futuro."
219573236,71.66666666666667,True,0,"Meu primeiro Civ, curti muito. Geralmente jogo outros tipos de estratégia, mas gostei, é mais simples do que eu esperava. Talvez pra quem goste de um desafio, seja melhor outro título."
219338468,15.45,True,0,"é um jogo legal mas tem que ganhar com oque o pais oferece não da pra pegar o ""brasil"" e tentar ganhar por armamento sendo q tudo influencia a tu fazer cultura, essa é a unica parte paia do jogo, de resto bem estratégico tem que gastar tempo pra entender tudo, rotas de pesquisas e tudo mais pra cada pais compensa comprar na promoção, pq o VII é uma porcaria e o dobro do valor ent recomendo dms o VI"
219308615,36.61666666666667,True,0,eu só percebi que era 3h da manhã pq o jogo crashou... senão tinha visto o sol raiar
219138926,2569.266666666667,False,0,"Depois que lançou o 7 o jogo ficou ""ruim"".... desbalanceado. Não recomendo."
219022553,168.25,True,2,depois que você aprende a jogar o jogo se torna muito viciante
163087949,81.56666666666666,True,0,(JOGO ZERADO) Recomendo a qualquer um que goste de estratégia e jogos de turno. Ótimo custo benefício!
218725075,41.55,False,1,"Civilization 6 vale a pena? Minha opinião sincera Civilization 6 é mais um jogo da série. A essência ainda está lá… mas, sinceramente, parece que muita coisa se perdeu no caminho. Eu me diverti muito mais com o Sid Meier's Civilization II do que com os títulos mais recentes. No Civ 2, eu sentia liberdade. Liberdade pra testar, errar, criar estratégias malucas e simplesmente jogar do meu jeito. O jogo parecia vivo. Já no Sid Meier's Civilization VI, tudo parece mais limitado. Mais engessado. É como se eu estivesse jogando algo básico demais, quase um acesso antecipado, mas pagando preço cheio. Falta aquela alma que fazia você querer começar “só mais um turno” e, quando via, já era madrugada. Vale jogar? Se você é fã da franquia, sim. Por jogar, por curiosidade, por ser Civilization. Mas te digo: dificilmente você vai jogar mais do que algumas partidas antes de deixar o jogo parado na biblioteca. Pra quem ama a série, fica aquele sentimento agridoce. A essência está ali… mas não é mais a mesma coisa."
218651661,49.916666666666664,True,1,"Esse é certamente um dos jogos mais viciantes que eu já joguei na vida, você pisca e já se passaram 5 horas de gameplay. Ele é um jogo muito belo visualmente, a gameplay é super fluida. O único ponto de atenção e possível melhora é na IA do jogo, acho que ela poderia ser um pouco melhor. Os diálogos dos lideres das nações são bem repetitivos. Apesar disso, eu continuo recomendando bastante o jogo."
218596895,150.76666666666668,True,1,"Esse jogo te deixa preso em uma partida por horas. Você esquece tudo e foca só na partida. É uma droga, mas eu recomendo"
218387744,161.53333333333333,False,0,Jogo nao para de travar pqp. Impossível jogar com amigos...
218260856,1608.0833333333333,True,0,"Jogo muito bom, muitas formas de jogar e muitas possibilidades."
218119360,46.333333333333336,True,0,Muito bom! Mais fluido e divertido do que os anteriores. Sinto falta de civilizações como Hebreus e Cuxitas que a Sid Meier´s insiste em ignorar...
99200315,1616.8333333333333,True,0,"tem muitas horas nesse jogo, foi o primeiro jogo que comprei, foi o primeiro que vi vídeo de como se joga, foi o primeiro que comprei DLC e é o único que após 8 anos jogando ainda me surpreendo, me divirto e falo para amigos, conhecidos e estranhos, tenho eles em mais de uma plataforma pra ter certeza que pra sempre terei ele, sem sombra de duvidas é em jogos de estratégias com desenvolvimento de nação e historia o melhor, pena que a sequencia direta pagou a historia dele."
217970336,9.35,True,5,"jogo bom, mas fica chato quando 60 barbaros do nada no inicio do jogo sequestram seus cidadãos e os estupram na sua frente. 6 ♥♥♥♥♥♥ grupos de barbaros cercaram minha cidade no inicio da porra da campanha! vão se fuder barbaros de merda. 10/100"
217928082,30.75,True,0,"Sou obrigado a fechar o jogo uma hora, porque se não, não consigo parar de jogar! Super recomendo <3"
217841213,1347.8166666666666,True,2,"Depois de anos de atualizações e DLCs, o jogo está bastante completo e te entretém a ponto de perder completamente a noção do tempo. São vários tipos de gameplay que mantêm o jogo interessante mesmo após centenas de horas: regras diferentes, singleplayer, multiplayer e até uma lista gigantesca de mods pra quem esgotar o jogo base."
217729957,103.96666666666667,True,0,"muito bom, ja tive esse jogo na minha outra conta, depois que entende o game o tempo passa que voce nem ve"
217626603,38.3,True,0,Jogo legal. As vezes sinto que ele desequilibra as coisas. Mas é viciante
217617817,397.85,True,0,O Jogo perfeito para quem gosta de montar coisas que pouco a pouco vão ficando lindas
217463228,69.9,True,0,"Entro no jogo, boto na dificuldade maxima, perco varias vezes seguidas, me frustro, aprendo, continuo perdendo. 10/10"
217388370,283.26666666666665,True,0,"Tive que desinstalar de tão viciado que fiquei. Apesar de ser de fato um jogo lento, é inegável considerar o quão divertido essa merda consegue ser. Fazer o Ghandi jogar bomba nuclear em geral é inebriante, descobrir uma nova estratégia completamente idiota com 200h+ é gratificante. Sinceramente, compra e só deixa o spotfy tocar e horas e horas vão passar e vc nem vai notar."
56482004,1671.6333333333334,True,0,"O melhor jogo de estratégia já feito! Eu jogo a franquia desde seu lançamento em 1991, pessoalmente devo anotar que a versão Civilization Call to Power II tinha unidades e funções muito interessantes, assim como o Civilization III surpreendeu com as unidades de vossas majestades em campo o Civilization VI também marcou a franquia, deu um salto gráfico significativo em relação ao seu antecessor, as adversidades climáticas eram uma inovação a muito tempo desejadas. Mesmo com o lançamento da primeira versão de seu sucessor o Civilization VII ele segue sendo a versão mais jogada online no mundo hoje, isso se deve em muito pela AI falha e limitada de seu sucessor que parece perdido e desfocado da proposta central da franquia original, embora muito bonito graficamente. Por este motivo, até que o Civilization VII seja melhorado, acredito firmemente que o Civilization VI deve seguir ativo ainda por muito tempo e com certeza vai deixar saudades."
217126274,59.916666666666664,True,0,"Pô, jogão. Mesmo sendo um jogo mais lento, em que você realmente tem que ler e prestar atenção no que faz, aprender com os erros e td mais, é um jogo muito divertido e que consegue te prender muito bem. Esse foi o primeiro game da franquia que eu joguei e curti bastante"
217089728,372.8,True,0,"Eu só queria dormir cedo e essa desgraça fica igual a máscara do duende verde no meu ouvido ""só mais um turno..."""
216990549,10.2,True,0,"Possibilidades infinitas de jogo, tem muitas formas de se jogar, especialmente com as DLCs"
216876118,128.43333333333334,True,0,"Um dos melhores jogos de estratégia da história na minha opinião. Tem uma grande variedade de civilizações históricas para escolher e tem também mecânicas e modos de jogo muito criativas e interessantes, oferecendo uma rica experiência de jogo de estratégia em turnos com liberdade de escolha. O jogo possui uma ótima variedade de mapas para escolher e você pode personalizar o seu jogo da maneira que preferir. Em poucas palavras, eu considero esse jogo uma obra prima do gênero de estratégia baseado em turnos. Só espero que os desenvolvedores não deixem esse jogo morrer com o passar do tempo."
216851158,69.21666666666667,True,0,jogo bom sem estresse da pra passar o tempo tranquilo.
216447312,36.96666666666667,True,0,"Eu recomendo, gosto de várias mecânicas presentes no game, e atualmente tem sido meu game mais jogado, eu recomendo muito, e ele vive entrando em 80% e 90% de promoção, vale muito a pena."
216373221,59.45,True,5,Esse jogo deve ser bastante divertido com os amigos... Mas enquanto isso você vai sofrer um pouco com os npcs malditos desse jogo pqp. No fim é um bom jogo pra você virar a madrugada sem ver o tempo passar. BOMBA NUCLEAR NOS BETAS!!!!
215973811,86.7,True,2,Título: Cuidado: causa perda de noção do tempo! PT: Um dos melhores jogos de estratégia 4X já feitos. O sistema de distritos mudou completamente como planejamos as cidades em relação aos jogos anteriores. É um jogo que você pode jogar por 500 horas e ainda descobrir estratégias novas. Ótimo para jogar ouvindo um podcast ou música. EN: One of the best 4X strategy games ever made. The district system completely changed how we plan cities compared to previous games. You can play for 500 hours and still discover new strategies. Great for playing while listening to a podcast or music. Nota: ⭐⭐⭐⭐⭐
215937813,32.18333333333333,True,0,"Civilization VI é aquele tipo de jogo que você abre “só pra dar uma olhada” e, quando percebe, já amanheceu. 📖 Experiência geral: 10/10 Não é só um jogo de estratégia — é um simulador de história humana. Cada partida conta uma narrativa própria, desde a idade da pedra até a era da informação, com decisões que moldam completamente o rumo da civilização. 🎶 Trilha sonora: 10/10 Simplesmente fantástica. As músicas evoluem conforme a era do jogo, reforçando a sensação de progresso e dando identidade cultural a cada civilização. É daquelas trilhas que você escuta fora do jogo sem cansar. 🎨 Gráficos: 9/10 O estilo artístico é limpo, carismático e muito funcional. Pode não buscar realismo extremo, mas envelhece muito melhor por causa disso. 🎮 Gameplay: 10/10 Fácil de aprender, difícil de largar. As mecânicas são profundas, bem explicadas e te incentivam a pensar, planejar e experimentar. Cada turno importa, cada escolha tem consequência — e é aí que o jogo brilha. 🎮 Veredito Final: Civilization VI é viciante, inteligente e praticamente infinito em possibilidades. 🏆 Nota final: 10/10."
215901838,36.266666666666666,True,0,"PERIGOSO DEMAIS, PASSEI O DIA IN TEIRO JOGAMDO ESSE AI, QUY JOGO MARAVILHOSO"
215837787,92.5,True,0,"Um dos melhores jogos de estrategia que ja joguei, muito divertido com amigos"
215635983,57.21666666666667,True,0,"Jogo é muito bom, completo com diversas estratégias recomendo muito!"
215538539,0.21666666666666667,True,0,"O grande destaque está na profundidade estratégica. Cada decisão importa, onde fundar cidades, como expandir territórios, quais tecnologias pesquisar e que tipo de vitória buscar. O sistema de distritos trouxe uma camada extra de planejamento que deixa o jogo ainda mais interessante e recompensa quem pensa a longo prazo. A variedade de líderes e civilizações é outro ponto forte. Cada uma tem habilidades únicas que realmente mudam o jeito de jogar, o que dá uma rejogabilidade absurda. Nenhuma partida se parece com a outra, e sempre dá vontade de testar uma estratégia diferente. Visualmente, o estilo mais cartunesco funciona muito bem. Ele deixa o jogo mais legível, bonito e agradável mesmo em partidas longas. A trilha sonora, que evolui conforme a civilização avança pelas eras, ajuda muito na imersão."
215517525,43.68333333333333,True,2,"Jogo bom da porra, a melhor parte é matar missionário do islã"
215433392,255.85,True,0,"babado é fortíssimo, use com moderação pq vicia pra k.."
215282671,17.65,True,0,Jogo com amigos e a interface é mais amigavel. Fora que esta na minha lingua
215267304,1879.8166666666666,True,0,"Great game, been playing since release and always had fun with it."
215264833,537.7,True,1,"Um jogo que une estratégia global, militar e diplomática em uma só partida. Diversos modos, líderes e terrenos diversificam, tornando cada partida única."
214981413,24.166666666666668,True,0,"Para quem gosta de estrategia, este é um otimo jogo. E eu o recomendo de olhos fechado"
214881097,94.78333333333333,True,0,"muito divertido, um pouco complicado no começo mas é facil de pegar o jeito 10/10"
214750261,19.466666666666665,True,1,Amenities Amenities Amenities Amenities Amenities Amenities Amenities Amenities Amenities Amenities
214732199,499.48333333333335,True,0,Melhor jogo de estratégia que já joguei. Sou fã e continuo jogando até hoje.
214701052,2.6166666666666667,False,0,"Comprei essa merda para jogar com os meus amigos e não aparece o codigo para entrar em uma partida online e um deles não consegue entrar na rede local mesmo estando no mesmo wifi. É impossível se conectar com os amigos para jogar, minha experiência foi um lixo, uma hora para nada"
214687696,11.966666666666667,True,0,"quando aprende o basico , vc fica viciadasso em lançar bobas nucleares"
214508281,113.58333333333333,True,0,"Apesar de alguns problemas de mecanica, é bom pra passar o tempo"
214501995,24.216666666666665,True,0,"Jogabilidade 8/10: Entre e aprenda. Tem umas instruções mas são completamente inúteis você aprende muito mais na prática. Algo que me incomodou é a impossibilidade de fazer um ""comboio"" para as mesmas artilharias andarem juntas. Você tem que clicar uma por uma e isso é cansativo quando você tem muitas tropas Diversão 10/10: Você começa a jogar e quando vê já é madrugada e você nem jantou kk Obsessão 10/10: Fiquei completamente viciada, aproveitei o feriado de natal e joguei 24.2 horas em 2 dias e meio. Dormi sonhando que atacava as cidades próximas Gráficos 10/10: Jogo bonito e bem feito Música: Som bom e de acordo com a personalidade que você está eu gostei * Creio que não seja um jogo do qual eu irei jogar sempre, mas gostei enquanto durou"
214341620,59.86666666666667,True,5,"Ótimo jogo de estratégia, tranquilo pra passar o tempo sem se estressar. É viciante nas primeiras horas de gameplay e depois com o passar das horas se torna meio cansativo e somente quem gosta realmente do gênero vai se manter jogando."
214172100,182.05,True,0,Eu gosto porque o jogo é historicamente preciso. E traz uma gameplay divertida apesar de lenta no início.
214101643,183.3,True,1,"Ligo o CIV VI só pra dar continuidade ao vício que tenho desde o 3. Mecânicas novas. DLC cara. As civilizações com abordagens diferentes dos outros jogos. Unidades militares não podem ficar no mesmo painel. Agora é jogar como se fosse um grande tabuleiro de xadrez, sem ser xadrez. Perdi reuniões, deixei de sair com amigos e dates por conta dessa mizéra. 10/10. Excelente jogo!"
214084115,213.0,True,0,"Jogo nota 7.5. Jogando contra a IA no nivel mais alto ela comete erros idiotas ( numa guerra contra a China depois que eu ataquei varias cidades dela com bombas nuclear , ela ficou bugada atacando apenas uma cidade minha o tempo todo ao invés de atacar outras cidade ou tentar tomar a minha Capital). Sem usar de armas nuclear é impossivel derrotar a IA no nivel mais alto ( principalmente China, Russia e EUA)."
213966464,109.4,True,0,"Perigoso, você fica querendo só mais um turno, só mais um turno, quando vê já é quase 5 da manhã ela da tiro com bumbum"
213959718,0.75,False,2,"Deus me livre jogar isso, estava com meus queridos amigos juntos para se divertir jogando esse game. obs... nunca tinhamos jogado, nao sabia que tinha que ter doutorado e 16 faculdades antes de ter 15 minutos de diversão pois bem, se quer so entrar e se divertir passe longe desse game."
213815830,364.65,True,0,Para quem gosta de jogos complexos. Eu gostei da dinâmica. Mas se é um jogo que demora 6 ou 10 horas uma partida contra o pc.
213782172,81.41666666666667,True,0,"Jogo simplesmente incrível! Sempre vai ter algo novo pra fazer e uma campanha divertida com amigos e em alguns casos até com estranhos kkkkkkkk Recomendo demais comprar o jogo completo, principalmente se conseguir uma promoção"
195777917,932.2333333333333,True,0,"Jogo bom d+ pra quem gosta de estratégia e jogos de turnos. Uma esperiencia ainda melhor quando jogado em multiplayer, gerando confusoes e boas risadas."
213604687,120.25,True,1,"Bom jogo para quem gosta do gênero RTS. O tutorial do jogo não é o melhor de todos, se for o seu primeiro contato com o gênero/franquia recomendo assistir alguns tutoriais para pode aproveitar da melhor forma."
213231033,61.7,True,0,"Civilization VI é muito viciante. Você começa jogando um pouco e quando vê já perdeu horas. O jogo é bonito, cheio de opções e sempre dá vontade de tentar uma estratégia diferente. Ótimo pra quem curte estratégia por turnos."
213007514,77.66666666666667,True,0,"Muito bom , quando você for jogar contra bots , lembre-se que eles sempre vão estar na sua frente mesmo que você roube ao seu favor."
212938772,267.0,True,0,Civ 6 com certeza é um dos jogos já feitos.
212933295,107.01666666666667,True,1,gostei jogo de estratégia muito bom só não entendi como que ganha kkkkk
212817442,43.46666666666667,True,0,Me acho muito burra por ter 18h de jogo e ainda achar que não sei jogar. Continuarei jogando pois é o único jogo que me faz ficar sentada por 8hs sem nem ir no banheiro.
212718155,86.0,True,2,esse jogo é fabuloso. é o melhor jogo do mundo.
212623545,127.1,True,0,O jogo é uma obra de arte que permite você ter um governo militar fascista e bombardear seus amiguinhos. Recomendo
212540842,772.3166666666667,True,0,"No começo estranhei o gráfico cartoon, hoje sinto falta kkk, espero que o 7 se torne ao menos uma fração quando vier a primeira dlc big!"
212539828,248.91666666666666,True,0,O jogo é muito legal. Precisa de concentração e atenção. Recomendo!
212444669,5552.0,True,0,Muito melhor que o VII ! Melhor Civilization de todos!
212306682,97.56666666666666,True,0,"Uma das melhores franquias pra quem gosta do gẽnero. É um jogo que envelheceu muito bem e que vale o preço. Apesar de ter uma ou outra mecânica meio repetitiva e das críticas quanto ao estilo artístico, ainda acredito que seja o melhor Civilization (principalmente pra iniciantes). Divertido tanto pra jogar solo quanto online, a interface é clara e intuitiva."
212198267,118.03333333333333,True,0,"Legal, pelo valor de hoje em dia nas promoções vale a pena para brincar um pouco."
211806795,154.65,True,0,"A franquia Sid Meier's Civilization eu conheço desde os anos 90. Continuo achando os jogos interessantes, apesar de os aspectos do jogo terem mudado bastante desde os primórdios. É sempre, Civilization!"
211659004,168.75,True,2,"CIV VI é sem sombra um dos meus jogos favoritos, já me diverti madrugadas nessa obra prima."
211543667,3.183333333333333,False,3,"Eu não consegui terminar o tutorial, o jogo parou de me direcionar e esqueci tudo."
136888699,583.4666666666667,True,0,"Aqui da pra ajudar Dom Pedro II a tornar o Brasil uma potência econômica e científica, sendo o primeiro país a colonizar marte. É 10/10, não tem jeito."
210518284,250.75,True,1,Excelente! Vale a curva de aprendizado e as centenas de horas investidas.
209801612,87.23333333333333,True,0,"A série Civilization sempre me atraiu, e a cada versão vai melhorando. Gosto da dinâmica de evoluir e se desenvolver. Acho que deveria existir mais personagens para cada nação, como é no Old World ( dá mais dinâmica ). Acho também que, em algum momento na vida, os criadores permitam a construção de mais de um tipo de extração de recurso, por exemplo: aonde se constrói uma fazenda permitir construir um pasto ou uma indústria ligada ao recurso daquele hexágono, com uma limitação claro de 2 ou 3 construções. Eu prefiro o desenvolvimento e não ficar somente matando e ocupando."
209715094,345.31666666666666,True,1,"Joguei alguns da série, desde o CIV II. Não é um jogo simples, mas muito bom para quem gosta de jogos no estilo."
209704968,175.6,True,1,entrar no jogo puxar uma partida ser brutalmente massacrado pelos bárbaros kitar 10/10
209665960,79.06666666666666,True,0,jogaço da porra tomaram minha capital e m*lestaram meus soldados
46980954,790.1666666666666,True,2,"""Ain Hoi é melhor"" = Eu amo Matisyahu e gostaria de pagar o dobro de imposto"
209595478,50.38333333333333,True,0,"Um ótimo 4X, possivelmente um dos melhores que tem, existem algumas coisas q eu tava achando meio confusas, mas tbm tem um guia dentro do jogo pra ajudar. As partidas demoram muito (acho q foi umas 25h q eu demorei nessa ultima), mas mesmo assim vale a pena. Recomendo muito"
209434714,331.4166666666667,True,1,"Jogo maravilhoso, poder criar o cenário do teu jeito que faz ser tão bom."
208999784,533.6333333333333,True,1,joguei mais de mil horas no piratinha e resolvi tomar vergonha na cara
208927532,15.266666666666667,True,0,"Jogo muito bom, requer táticas elaboradas e acaba desenvolvendo bem nosso tempo."
208802591,89.16666666666667,True,0,"muito bom, otimo passa tempo e exercicio para a mente."
208796197,286.6333333333333,True,2,"CIV VI mesmo com seus problemas, ainda é mais vantajoso compra ele do q CIV VII pelo menos no estado atual da franquia. CIV VI já está maduro, com todas as expansões e uma solida base de mods. Enquanto o VII ainda anda em passos lentos e incertos. Se aparecer em promoção como agora, aí sim o custo-benefício fica legal. Pode ser que o Civ VII melhore, mas por hora CIV VI é a melhor opção pra compra."
208721814,109.13333333333334,True,0,"nada mais que pura escravidão contemporânea, estou preso nesse jogo tem 80 hrs"
208480343,45.1,True,0,Jogo viciante e divertido depois que você aprende as mecânicas principais. É necessário um pouco de tempo e paciência para aprender.
208454711,31.333333333333332,True,0,"Não parece ser melhor que o civ5, mas é interessante certas mudanças, to curtindo explorar."
66911131,251.95,True,0,"Jogo bom demais e que me marcou bastante. Volta e meia sempre reinstalo para jogar mais uns turnos. É viciante e dinâmico; cada partida é diferente e você sempre descobre algo novo. Com as expansões o jogo se torna outra coisa e melhora muito a gameplay (destaco aqui a gameplay da Gathering Storm com os efeitos climáticos e as consequências das ações humanas). São muitos líderes e, com certeza, você irá gostar das habilidades e dos combos de um e ele vai se tornar o seu favorito. Vale a pena demais perder umas horas nesse jogo; é difícil no princípio, mas depois que você pega o jeito, não vai querer largar."
208259429,68.5,True,1,MUITO BOM jogo d3sgr4çado viciante que vc nem vê a hora passar!
208242377,357.51666666666665,True,0,"Jogo incrível, com detalhes gráficos e referências brilhantes sobre monumentos e personalidades marcadas na histórica da humanidade, as dinâmicas diplomáticas e a formação das forças armadas dão um toque especial ao jogo."
208049762,2.5,True,1,"Tenho certeza de que 99,9% dos usuários não lêem as análises, então direi que sou extremamente gay."
207915883,328.05,True,4,Como jogador antigo da franquia (desde o Civ2) acho que esse (Civ6) está a altura de suceder o nome. Têm os mesmos problemas de todos que são bons. - O que dá um gostinho especial. Vale a pena! ps. não joguei o Civ7 ainda.
207913550,83.86666666666666,False,1,"Jogo muito fraco. Menus confusos; Movimentação de unidades horrivel; Religiões são uma porcaria mal feita; O Congresso Mundial é um porre que não serve para nada além de tirar o foco do jogador; A diplomacia é subdesenvolvida, a IA nunca cede e nunca aceita acordos financeiramente desvantajosos mesmo que estrategicamente ótimos; Civs controladas por IA toda hora interrompem o jogados para tratar de merda nenhuma ou acordo idiotas. etc, etc... O jogo é todo travado, não fui, é maçante, mesmo rodando num PC Gamer moderno os turnos demoram. Não recomendo o gasto a preço cheio, apenas se rolar promoção por menos de 80 reais e olhe lá."
207652294,18.8,True,0,"7 hrs de jogo e n sai nem da part 1 do tutorial, dito isso mt bom"
207635229,7.566666666666666,True,2,"Eu joguei este jogo na minha infancia uma versão demo que vinha num cd da digerati (quem é velho sabe rsrs). fiquei anos com ele na cabeça e depois dos 30 vim joga-lo aqui. confesso que o mecanica do jogo em si é boa e tem potencial de oferecer muito entreterimento. mas hoje eu nao me sinto mais compativel com o estilo do civilization, infelizmente. uma partida é longa demais, e o jogo não tem um modo historia. Isso seriam contras para mim. a adminstração tambem é extremamente complexa, muitos recursos e eventos simultaneos. Gosto mais de jogos como AoM/AoE que são mais rápidos e tem historia ou The Settlers, que tem partidas mais longas e complexidade de recurso mas tem uma historia a ser seguida."
207256602,46.85,False,0,"O jogo é envolvente de fato. Mas a questão das vitórias é um pouco complicado. Gostaria de jogar bombas atômicas e não cheguei perto nenhuma das vezes, culpa minha talvez. Mas é que o jogo termina sempre antes de isso chegar perto de acontecer, seja por derrota por cultura, religião, ou tecnologia. Nessa mesma mecânica se tivesse um foco mais pra guerra, eu teria curtido muito! Como não tem, me deixou com um gosto de jogo inacabado. Sei que não é culpa do jogo, ele é muito bom. Só que não é no estilo que gosto, Infelizmente!"
207050234,27.416666666666668,True,0,24 horas de jogo e eu to começando a aprender a jogar
63944405,124.6,True,0,"Civ 6 é um jogo muito divertido, comprei todas as DLCs por 10 reais e até hoje acho que foi uma das minhas melhores aquisições. Se você tem amigos semi-competentes como eu, o multiplayer é interessante o bastante para extender seu interesse pelo jogo por mais umas 50 horas. 10/10 explodiria a Índia de novo."
206830450,93.73333333333333,True,1,Cara quando você pega as logicas e ideias do jogo basicamente voce ganha um jogo com conteudo infinito para brincar
206748299,55.03333333333333,False,0,jogo ta lixo em toda hora caindo perde conexão Esperando meses pra corrigirem e nada.. JOGO foi entregue aos ventos
206748286,157.33333333333334,False,0,"Jogo estava muito bom, mas fui jogar recentemente online com um amigo e está impossível de jogar. O jogo crasha do nada, não fecha quando vc aperta pra fechar e toda hora dá problema de conectividade. Insano o quanto caiu a qualidade. Perdi até a vontade de jogar."
206625195,259.93333333333334,True,0,"Esse jogo é muito bom; você pode descarregar todo o seu ódio em um planeta, sem consequências reais."
206506353,140.53333333333333,True,0,esse jogo está arruinando minha vida e eu quero mais
206501708,163.6,True,0,FU**ING NATURALIST DON'T HAVE THE BALLS TO BUILD A PARK WHEREVER HE PLEASES INSTEAD IT MUST BE PRECISELY ON -X 0873245689723465 Y 823746534298756T8 SOME SH*T LIKE THAT Good Game 9.5/10
206489931,1238.7666666666667,True,1,"Meu jogo de conforto, vivo voltando pra esse vício. Rejogabilidade insana, com alguns mods para melhorar AI e balanceamento: Late Game AI / Better Balanced Starts / RomanHolidays AI. O Late Game às vezes é um pouco sofrido, mas o que importa é a jornada."
206283779,22.65,True,2,"Antes de jogar isso, senta e estuda o jogo pelo youtube. Saiba que uma partida pode levar dias e até semanas."
143504944,107.23333333333333,True,1,"👨‍🏫""A melhor aula de história que vc vai ter."" Esse jogo é simplesmente um dos melhores de estratégia por turnos! É fácil de jogar, tem uma seleção ótima de civilizações e, mesmo com gráficos meio cartoon, acaba tendo um certo charme. A música é excelente e os mapas são super detalhados. Tem várias mecânicas, mas são fáceis de aprender e bem intuitivas. O multiplayer é muito divertido, especialmente com os amigos, é uma ótima opção para uma lan party, sem contar que com a opção de hotseat vc não precisa de mais de um PC. Se você gosta desse tipo de jogo, pode comprar sem medo. Mas recomendo também que, caso esteja interessado nesse tipo de jogo e queira começar com uma opção menos complexa, pode começar por esse. Além de ser a série mais clássica, é uma das melhores."
205884788,78.63333333333334,True,0,"jogo muito gostosinho, joguei ele tanto na steam verde que tive que comprar, fico tranquilamente horas jogando sem ver o tempo passar.."
205864453,25.65,True,1,"É bom saber que uma vez que vc começa, vc nunca para. É como uma dr##a. Eu sou como aquele amigo nóia, então recomendo esse joga, e vamos ficar viciado nele juntos."
69009118,1364.3333333333333,True,0,"Jogo viciante, gasto muitas horas jogando. Poderia ter uma atualização para melhorar um pouco a IA, tipo se você e suserano de uma cidade estado seus amigos ou aliados não irão ataca-la também quando alguém declarar guerra ou denunciar os aliados se movimentem em nosso favor. Mas o jogo e top demais."
205738090,534.1333333333333,True,1,"Eu tenho minhas ressalvas quanto as mudanças, eu vejo que a versão final consolida bem a franquia e vale o jogo."
205586049,243.63333333333333,True,0,"É bom e bem simples, bom pra quem quer começar no mundo dos RTS"
205567262,664.0,True,0,achei um jogo muito bom e as mecanicas são boas
205545652,121.78333333333333,True,0,"muito bom mas fica bom mesmo com as DLCs, muda totalmente o jogo"
204844392,30.516666666666666,False,0,"Jogo muito demorado... não gostei da dinâmica, horas jogando sem um resultado..."
204753234,0.6833333333333333,True,0,"Muito bom, mais divertido jogar com no minimo mais alguem."
204734896,144.08333333333334,True,6,top pra caralho. tava jogando com um amigo meu tentando fazer vitória cultural quando eu vejo um soldadinho do meu amigo espalhando a religião dele no meu territorio. PS. a religião era NAZISMO 10/10 adorei o jogo.
118293966,13.566666666666666,False,0,Joguei um pouco solo e gostei mais de Humankind. Com amigos definitivamente é mais divertido.
204396974,273.3,True,0,"muito bom , daria para automatizar as rodadas o jogo ia ficar incrivel"
204286255,155.25,True,0,"Não sei se recomendo... O jogo é legal, mas muito mercenario com valores. Po%#a ja fazem anos que esse jogo lançou e custa mais que 2 jogo novo Triple AAA Se for pra jogar online comprem apenas o basico e durante uma promoção... Se não, vai de Pirata dos Caribes!"
204281322,643.6333333333333,True,2,"É daqueles jogos que você perde a hora, 3-4 horas é puco e a maioria das vezes você nem vai notar. Trilha sonora incrível, é um jogo de estratégia que consegue abranger todos os niveis de dificuldade, extremamente fidedigno com relação ao processo histórico das civilizações e suas características, geografia global impecável. Outro importantissimo ponto: o jogo promove um suporte enciclopédico nunca visto por mim em nenhum jogo. Jogo perfeito, valeu a pena cada centavo gasto."
204270900,61.63333333333333,True,0,"Um dos jogos mais legais que já joguei e minha introdução aos jogos 4X, Civ 6 é surpreendente. Em termos de conteúdo, as DLCs são muito boas e acrescentam bastante coisas ao jogo em termos de construções, ações e também bônus diferentes. Gostei bastante e recomendo!"
204020323,4470.616666666667,True,3,"Muito bom este jogo, muito inteligente, só jogo contra o computador, não tenho tempo de jogar online, espero um dia conseguir."
203953559,48.78333333333333,True,1,"Se Stellaris é o vício cósmico, Civilization VI é o vício terrestre. Aqui não tem nave espacial no início, mas sim o clássico dilema: você começa com um bando de aldeões, um guerreiro de cueca de couro, e a promessa de que um dia dominará o mundo inteiro — seja por ciência, cultura, fé ou simplesmente esmagando todos com tanques modernos. Aspectos técnicos: Sistema 4X clássico (Explorar, Expandir, Explorar, Exterminar): cada partida é uma história diferente. O mapa hexagonal e os recursos aleatórios garantem que você nunca vai ter a mesma experiência. Distritos: a grande inovação do VI. Cidades agora são “espalhadas” no mapa, com bairros especializados (campus, teatros, zonas industriais, etc.). O posicionamento é um quebra-cabeça estratégico, onde até um simples rio vira a diferença entre ser a nova Roma ou uma vila com biblioteca de barro. Árvore dupla de progresso: além da árvore de tecnologias, existe a árvore de civismo (política/cultura). Isso dá mais controle sobre o estilo de governo, permitindo desde democracias pacíficas até teocracias malucas que vencem o jogo com turismo e guitarras elétricas. IA: cada líder tem “agendas ocultas” que influenciam seu comportamento. Às vezes Gandhi é pacifista… até alguém inventar armas nucleares, e aí já sabemos o que acontece. Expansões (Rise and Fall, Gathering Storm, etc.): adicionam camadas de profundidade como lealdade, clima, desastres naturais, congressos mundiais, novos governos e unidades. Com tudo incluso, o jogo fica imensamente mais estratégico e menos previsível. A experiência prática: Você passa 30 minutos decidindo onde colocar sua primeira cidade. Passa 3 horas brigando por um espaço de pedra que gera +1 de ciência. E depois passa 10 horas só para descobrir que sua vitória científica foi roubada porque Pedro da Rússia saiu na frente com ópera, balé e turismo. Diferença crucial do VI para os anteriores: A ênfase na espacialidade do mapa. Em Civilization V, cidades eram “blocos compactos”. No VI, tudo importa: adjacências, terreno, montanhas, rios, vulcões. Jogar bem exige não só pensar no “o que”, mas no “onde” — cada escolha impacta no ritmo da sua vitória. Resumo: Civilization VI é um laboratório de paciência, cálculo e diplomacia onde a história da humanidade é reescrita em turnos infinitos. É tão profundo que você vai aprender geopolítica, economia e engenharia urbana sem perceber. Só não espere jogar “uma partidinha rápida”. Aqui, o conceito de “turno” é relativo, e a madrugada chega mais rápido que o fim da sua Era Dourada. ⭐⭐⭐⭐⭐ — 5/5, obrigatório para quem ama estratégia de verdade. Só não recomendo começar uma campanha numa terça-feira se você tiver reunião de trabalho na quarta."
203915760,199.16666666666666,True,1,"Pra mim, melhor jogo pra passar um tempo depois de um dia cheio."
203901553,897.95,True,1,"10/10 com mods 9/10 sem multiplayer fantastico, counidade ativa, singleplayer de milhões e sempre entra em promoção muito melhor que o CIV 7 pois esse ja e produto finalizado cheio de guias e videos na internet."
203892849,175.43333333333334,True,1,"Excelente. Diversas formas de jogar, fácil aprender, ótimo com amigos."
203869132,887.1,True,5,"É um jogo extraordinário. Para o público casual, seja feliz, faça seu RP e tudo mais; para os mais competitivos a LBC, a CPL e outros servidores estão disponíveis, ainda que careçam de paciência com ""novatos"" destes meios. Muito grato quanto a LBC por ter fomentado o competitivo do jogo no Brasil e ter me possibilitado jogar o game com as expansões."
203834530,110.15,True,2,bom para perder horas do seu tempo de vida na mais genuína felicidade. meu jogo favorito !!
203809796,105.6,True,7,"Há anos tento largar esse vício mas não consigo. Quando vejo, mais uma noite perdida e o despertador tocando... Só mais um turno."
203803220,49.483333333333334,True,1,"Jogo com altos riscos de fazer esquecer da própria vida, em um piscar de olhos se passam 20 horas de gameplay. MIstura de city-builder, geopolítica e combate, com uma variedade de elementos interessantíssima. Uma ótima experiência. Nota 9/10"
203736763,351.1166666666667,True,1,"Chega num ponto que não tem mais conteúdo, estou chegar lá ainda."
155381258,1627.9666666666667,True,0,"Sou apaixonado pela série inteira! Cada capítulo desta série é uma paixão diferente, pois são maneiras de jogar diferentes. Este em especial compila as melhores características dos outros. Vale cada minuto de jogo!"
203479127,1.4166666666666667,True,0,"Todos os jogos deveriam incentivar a rejogabilidade independente o gênero. Seja evolução, grinding, looting, não linearidade, função, character driven."
203285923,89.25,True,1,Simplesmente o melhor. Em relação aos anteriores esse é o melhor na minha opinião
203259360,93.26666666666667,True,0,"Gostei muito do jogo, principalmente por ser em português do brasil, pena que as dlc ainda estão caras"
203236891,9.25,False,0,Lost polices in the game! Perdeu as políticas base durante o jogo.... Do nada!
203151500,20.366666666666667,True,0,"Jogo muito bom, me fez perceber que nunca devo confiar no Henrique Pereira dos Santos, pois ele mentiu para mim descaradamente, eu tinha acabado de conhece-lo, então confiei em sua honestidade e dignidade, que equivoco meu."
203087378,42.6,True,0,joguinho bom viu (mesmo eu não sabendo oq eu to fazendo)
203049119,5082.35,True,0,"Jogo Civ desde a edição II, amo e vou sempre amar."
202916215,242.23333333333332,False,3,"Então, deixa eu explicar o que tá acontecendo com o Civ 6. Uns 2, 3 anos atrás, eu jogava tranquilo, sem problema nenhum de sincronização. Mas depois de uma atualização qualquer que o jogo recebeu, virou um caos. Hoje, toda vez que chega num certo ponto da jogatina, alguém na sala começa a desincronizar, e o jogo fica praticamente impossível de continuar. Eu até pensei que era algum problema isolado no meu PC, mas não é. Meus amigos de outros estados têm o mesmo problema. Até quando jogo com a minha namorada via LAN, na mesma rede, o jogo fica desincronizando. Ou seja, não é problema de internet nem hardware, é alguma cagada que veio junto com a atualização. N é querendo ser maluco, mas acho que essa atualização veio pra sabotar o Civ 6 e empurrar a galera a comprar o Civ 7, não é possível. O Civ 6 é um jogo incrível, das melhores experiências de estratégia que já joguei, mas nesse estado, com esse problema de desincronização, ele se tornou horrível. Não dá pra aproveitar nada quando você não consegue jogar sem alguém cair do turno a cada 10 minutos. Fica aí o aviso: jogo ótimo, mas multiplayer tá um desastre completo."
202861753,3301.85,True,7,"Não importa quantas partidas você jogue de novo, sempre será diferente, e isso que faz o jogo ser tão gratificante e imprevisível. Seja econômico, cultural, cientifico, bélico ou um misto dessas vertentes, o jogador sempre encontrará desafios diferentes, se adaptando por meio dos bônus de sua civilização e terreno."
202831258,378.46666666666664,True,0,"Pois bem, o jogo é bom. Demora pra aprender, maaas é um bom jeito de se perder sozinho nos pensamentos. O jogo tem uma complexidade hostil para novos jogadores, mas depois que você pega o jeito, você vai tentar ao máximo testar as coisas. Recomendo a compra em caso de promoção, pega ele mais as DLC's de complemento do jogo (não as de personagem). O jogo por valor cheio não faz jus não"
40336731,1248.6,True,0,"Tenho mais de 1000h, é o melhor Civ . Muito bom, as novidades tornaram o jogo mais diverso que os outros. Graficos amigaveis, boas opções de partida. Não repetiram o V, o que achei legal pois quero sempre um jogo diverso do anterior. Jogo desde o Civ 2, e gosto das mudanças."
202618839,109.7,True,0,"passo horas e horas criando a minha civilização,entrando em guerras e ficando bravo com os outros lideres jogaço da poha-"
202393191,57.95,True,0,"Recomendo pra quem gosta de história, mitologia e estratégia. No Civ 6 você tem vários caminhos de vitória, sendo que as conquistas científicas e por dominação são as mais divertidas. As partidas são longas, facilmente ultrapassam oito horas, mas o aprendizado acontece de forma natural enquanto você joga. O jogo é bem robusto e cheio de mecânicas, como crescimento e administração das cidades, políticas de governo, religião e controle de recursos. Dominar todos esses sistemas leva muito tempo, mas não precisa saber de tudo para curtir o game. Vale a pena o investimento com certeza!"
202341445,23.333333333333332,True,0,"fazer o tutorial desse jogo dá vontade de morrer, mas depois que você inicia uma partida fica muito dahora"
98944904,194.03333333333333,True,0,"É legal e polido. As únicas vitórias que compensam são as de ciência, cultura, dominação e religiosa. A vitória diplomática e o conselho são bem tosquinhos. Apenas o inicio do jogo que poderia ter aquele elemento do humankind, onde andamos e coletamos conhecimento antes de conseguir ter a primeira cidade, ficaria legal."
202269505,102.76666666666667,True,14,"Ótimo jogo para jogar com os amigos. Uma das melhores sensações que já senti na VIDA foi bombardear nuclearmente meu amigo Paulo, tamanha satisfação chega a me dar arrepios."
202083373,32.43333333333333,False,1,"Absolutamente horrível. Empresa incompetente. O modo multiplayer deste jogo — principal motivo pelo qual o comprei — apresenta problemas toda vez que tento jogar. Seja na Epic, na Steam, com ou sem VPN, seguindo todas as dicas de fóruns (alguns com mais de cinco anos), os problemas são sempre os mesmos. Já entrei em contato com o suporte quatro vezes e ninguém conseguiu resolver o meu problema.Fiquem longe!"
202078170,762.4166666666666,True,2,"Esse jogo é bom, mas tem o seus pontos fracos, como a IA e boa parte dos distritos e mecânicas fracas que possui, além do fato de ser um dos jogos que mais demanda do seu tempo para extrair tudo da parte principal que ele te oferece. Se possível, jogue com as DLC's Rise and Fall e Gathering Storm, pois adiciona mecânicas e certos distritos únicos para o game que faz muita diferença. Nota: 8/10"
202005316,819.3333333333334,True,0,"Òtimo jogo, tenho o 5 e tenho o 6 com todas as dlcs, o 7 achei meio meme e preferi continuar no 6. Bomba atômica nos safados."
149950569,514.95,True,17,"Bom jogo. Boa gameplay, bastante imersivo, muitas opções de estratégias e personagens. Adaptação fiel à história e aos eventos. DLCs são muito úteis, recomendo comprar todas. Christopher Tin nunca decepciona com a trilha sonora, mais uma obra prima sonora. Menção honrosa à PUC-Rio pela linguagem Lua que é base do jogo."
201740406,48.31666666666667,True,8,"É um ótimo jogo de estrategia baseado em turnos, mas saiba que para concluir uma partida demandam-se muitas horas, mesmo dando para salvar, voltar a jogar em um outro dia numa partida avançada, pode te deixar muito confuso, mas vale muito a pena esse é um jogo excelente"
31705704,176.36666666666667,True,3,"Apesar de ter jogado pouco, estou gostando bastante do jogo. Quanto as críticas faladas em outras análises, não sei se arrumaram em patchs, mas eu realmente estou achando o jogo bem divertido em partida solo. A AI está ""OK"", nada de super ruim, nem super inteligente. Como um amante de jogo de estratégio recomendo muito o jogo. Caso esteja com dúvidas, há uma demonstração onde dá para ter ideia de como está o jogo."
201679755,1255.4166666666667,True,0,a franquia Civilization é sem sombra de duvidas o jogo da minha vida.
201647344,81.48333333333333,True,0,Muito bom e divertido para quem gosta de jogos de estrategia
201477782,83.0,True,0,"Um excelente jogo de estratégia que te faz pensar nos mínimos detalhes, onde um pequeno erro pode te custar a vitória. Tem uma grande variedade de abordagens que podem levar à vitória. Joguei por bastante tempo no PS4 e comprei agora para o PC, e não me arrependo. Vale cada centavo."
201466321,2099.2166666666667,True,0,"Eu adoro esse jogo, recomendo muito, pois desliga a mente agitada :)"
201335477,28.783333333333335,True,1,Jogo muito legal e divertido pra se jogar tanto sozinho quanto com amigos. Peguei na promoção massiva então não sei o preço do jogo direito mas eu gostei bastante da mecanica de raid e como é por rodadas as eras não ficam enjoativas como em outros jogos do genero. Ate agora bem legal. Poderiam melhorar a dublagem que parece que o dom pedro saiu da biqueira.
131327004,434.3,True,1,"É um excelente jogo da franquia CIV, mas o grande defeito do CIV 6 é a 'Inteligência Artificial' completamente BURRA em assuntos de guerra, sem estratégia alguma. Mas em todos os outros aspectos é um jogo desafiador."
201158368,289.7,True,1,WONDERS HOJE WONDERS AMANHÃ WONDERS SEMPRE WONDERS É AMOR WONDERS É VIDA!
187297798,639.1,False,0,"Não recomendo, pois tem um malware que rouba seus dados!"
200937247,381.9,True,0,Um dos melhores jogos de estratégia que existe e as expansões adicionam ainda mais variedade no gameplay 10/10
200796421,40.93333333333333,False,0,"Jogo não funciona, você baixa e quando vai instalar o macOS informa que existe um erro e não deixa instalar. Acho um absurdo vc pagar por uma coisa e ter de se submeter a gambiarra para aquilo poder funcionar."
200717458,1105.35,True,2,"Joguinho do balacobaco. Recomendo sem hesitação. Antes de conhecer Civilization VI, eu via o gênero de estratégia por turnos como algo entediante e ultrapassado. No entanto, após resgatar o jogo gratuitamente na Epic Games e passar algumas horas jogando com amigos, fui surpreendido por uma experiência profundamente envolvente — e descobri, quase por acaso, um novo nicho que transformou para sempre meu gosto por jogos. Desde então, adquiri a versão completa na Steam e acumulei até mais tempo do que deveria jogando. Civilization VI é o tipo de jogo que, apesar de apresentar problemas perceptíveis de balanceamento e uma curva de aprendizado um tanto árdua nas primeiras partidas, recompensa a persistência com uma relativa profundidade estratégica bem fascinante e sessões de jogatina memoráveis — especialmente quando compartilhadas com a companhia certa. Recomendo aguardar uma boa promoção, mas não hesite em experimentar, mesmo que você acredite que o jogo não é “sua cara”. Talvez, como aconteceu comigo, você se veja imerso em um universo que nem sabia que apreciava."
200620770,403.9166666666667,True,0,Mesmo depois de algumas horas o jogo não perde a graça.
145222732,190.56666666666666,True,0,"Muito bom, unico lugar que posso ver o brasil sendo o que deveria ser, o melhor pais do planeta"
200311029,265.68333333333334,True,16,"Que joguinho bom! Melhor ponto positivo do jogo é que ele tem um relógio na HUD, então mesmo em tela cheia você consegue perceber que jogou mais do que devia"
200245387,26.3,True,0,"O que torna Civilization VI verdadeiramente especial não são seus méritos individuais, mas como tudo funciona em harmonia perfeita. A jogabilidade é como um relógio suíço, complexa mas perfeitamente ajustada, onde cada engrenagem (diplomacia, economia, guerra, tecnologia) se conecta de maneiras surpreendentes. É um daqueles raros jogos que se tornam maiores que a soma de suas partes, oferecendo uma experiência que continua a surpreender mesmo após centenas de horas."
200220974,92.73333333333333,True,0,"O jogo perfeito pra curtir nos melhores feriados, tipo Carnaval, Sexta-feira Santa, Finados… até um Natalzinho cai bem. É uma delícia de jogo!"
200208611,29.733333333333334,True,12,"Peguei os Estados Unidos, criei um grande exercito, fiz bombas atômicas e explodi o mundo inteiro. Antes de acabar com algum pais eu deixava apenas uma cidade viva para fazer um acordo, exigia todas as obras que ele conquistou, em troca de fazer as pazes, se passava 10 turnos e eu acabava com a esperança que ele tinha. 10/10"
200188154,18.983333333333334,True,0,"Depois de 20h jogando nao entendi nada, mas o jogo eh pika"
109285274,261.1,True,0,"Civivlization perdeu muito sua identidade com este lançamento, espero que caso exista o 7 voltem com a verdadeira identidade do civilization, para finalizar, deixo uma mensagem: comi o cu de quem ta lendo, não leve em conta nada do que eu escrevi pq o jogo é bom"
200119939,254.11666666666667,True,0,O jogo consegue te prender de uma forma que você esquece até mesmo de tomar banho ou de comer.
200087205,0.21666666666666667,False,1,"Jogue CIV IV ou V no lugar. Esses dois jogos foram o ápice do CIV. A ordem dos melhores jogos é V ou VI em primeiro lugar (V se você prioriza gráficos, VI se você prioriza a IA), depois CIV III, em seguida, CIV VI, depois CIV II, depois CIV I e, por fim, CIV VII."
200055140,10.933333333333334,True,0,"Este jogo é muito bom, mas quem acha que é igual ao Age of Empire, se engana! É um misto de civilizações em um mapa. Tem algumas coisas de história nele, mas são apenas para a estratégia. Não é um jogo de história, mas de pura estratégia. Tem seus desafios e a pessoa tem que pensar bem na árvore da estratégia que este jogo oferece. Você joga ele para testar e, quando mal percebe, já se passaram 4 horas. haha Recomendo ele, mas tem que ter paciência."
199931805,18.283333333333335,False,2,"nem na promoção vale a pena, é simplesmente injogavel é muito bugado só crasha tambem peguei esse jogo na promoção e uma lacração que só piora, e eu sou gay"
199886533,48.666666666666664,True,0,"Eu já tinha uma ideia de que Civilization seria um tipo de jogo que me agradaria, mas não imaginei que eu levaria tantas horas de diversão nesse jogo! Eu estou extremamente feliz por ter conhecido esse jogo! Já tenho mais de 40 horas de jogo e nem parece! Se você gosta de jogos resolvidos por turnos, pode baixar sem medo."
199752996,240.26666666666668,True,0,"Jogo muito bom, prende voçê no jogo desde do inicio até o fim, deixando voce escalar da maneira que quiser, parte militar chama muita atenção"
199534574,72.71666666666667,True,0,Pra mim que joguei o 2 pra caramba esse jogo é lindo
199512303,10.283333333333333,False,0,"Apesar de criativa, a proposta é demasiada longa e massante. O tempo de gameplay necessário para que haja uma evolução substancial não compensa."
199418256,25.166666666666668,True,2,"Eu amo como isso me arrancou risadas sinceras enquanto jogava com meus amigos... ficamos um bom tempo sem jogar, resultado: primeira partida e perdemos para os bots... socorro!!! Agora na segunda partida, já estávamos melhorando, embora ainda perdemos para os bots... melhor de três, certo?"
199408673,25.05,True,2,Nunca tinha jogado nenhum jogo da franquia. Sempre joguei Age of Empires e achava que ia gostar de civilization. Ainda estou aprendendo os detalhes... mas gostei muito. A mecânica é um pouco complexa mas logo a gente entende como jogar.
199408553,35.583333333333336,True,1,O jogo termina de 2 formas: 1ª: Gandhi explode sua capital com uma bomba nuclear 2ª Você explode a capital do seu amigo com uma bomba nuclear
199314716,25.816666666666666,True,0,"Definitvamente recomendo para os meus amigos, entretanto por ser de estrategia, nao é um jogo que agrada todos, mas definitvamente vale o preço e quantidade de conteudo e horas, sempre tem algo novo para fazer e novas estrategias a criar"
199157725,158.63333333333333,False,75,"A Take-Two e a 2K Games atualizaram os Termos de Serviço de todos os seus jogos, transformando este jogo — assim como todos os outros títulos da empresa — em um verdadeiro spyware. Informações importantes contidas nos Termos de Serviço: Mods podem levar à suspensão da conta Mostrar trapaças ou explorar falhas também pode resultar em banimento Cláusula de arbitragem obrigatória e renúncia ao direito de ação coletiva e julgamento por júri para todos os usuários residentes nos Estados Unidos e em qualquer outro território, exceto Austrália, Suíça, Reino Unido ou países do Espaço Econômico Europeu O uso de VPN ao se conectar aos servidores online pode causar banimento É proibido acessar o conteúdo do jogo por meio de uma máquina virtual Tipos de dados coletados: Identificadores / Informações de Contato: Nome, nome de usuário, gamertag, endereço postal e de e-mail, número de telefone, IDs únicos, ID do dispositivo móvel, ID da plataforma, ID de serviço de jogo, ID de publicidade (IDFA, Android ID) e endereço IP Características Protegidas: Idade e gênero Informações Comerciais: Histórico de compras e uso, incluindo informações sobre jogabilidade e preferências Informações de Pagamento: Dados de pagamento (cartão de crédito / débito) e endereço de entrega Atividade na Internet / Atividade Eletrônica: Navegação na web/aplicativos, dados de jogabilidade relacionados aos serviços, interações online com os serviços e com publicidade, informações sobre os jogos e plataformas que você usa, e dados sobre aplicativos instalados Dados do Dispositivo e de Uso: Tipo de dispositivo, informações de software e hardware, configurações de idioma, tipo e versão do navegador, sistema operacional e dados sobre como os usuários interagem com os serviços (por exemplo, conteúdos visualizados, páginas acessadas, cliques, rolagens) Inferências de Perfil: Inferências feitas com base em suas informações e atividade na web para criar um perfil personalizado e identificar produtos e serviços que possam te interessar Informações de Áudio / Visuais: Fotos de perfil, imagens e avatares da conta, dados de áudio coletados por meio de funcionalidades de chat, gravações de jogabilidade e imagens de vídeo (como em testes de jogo) Informações Sensíveis: Localização precisa (caso você permita o acesso), credenciais da conta (nome de usuário e senha), e conteúdo de comunicações feitas via chat"
199153435,50.38333333333333,True,0,"Pensa num jogo viciante maluko kkkj, cada partida pode ocorrer coisas diferentes, tem varias maneiras de jogar e varios tipos de estrategia, vitoria,s taticas e afins para explorar, Recomendo 👍 OBS: você vai realmente ter que estudar e ler cada coisa do game pra jogar, pq é bem ""complicado"" de inicio"
199024882,168.41666666666666,True,0,"Pra quem está acostumado com CIV IV e V. Não é o mesmo jogo... Mudou muito... Então... quem for jogar, jogue com a expectativa correta... Mas, o jogo está legal... muito mais complexo..."
198882472,44.4,True,1,"jogo muito bom, tem que dar uma estudada antes de jogar mas gostei muito"
198878217,58.11666666666667,True,0,"Jogo muito maneiro, pena que consome muitas horas para jogar."
198843381,238.98333333333332,True,0,"Só mais um turno.... 239 horas na steam, 672 horas no Xbox e contando Jogo quase que exclusivamente online, apesar dos bugs e problemas é o melhor jeito de jogar Civilization"
198768899,42.85,True,1,"Demorei só umas 14 horas pra vencer minha primeira partida (na dificuldade mais fácil). Que jogo foda, viciante pra cacete."
198764771,20.783333333333335,True,0,"Esse jogo é incrivel na questao de evolução do mundo e ate mesmo politica, claro tem umas bobeiras mas nada que interfira numa mini historia ou na jogabilidade, joguei anos atras uma vez e sempre que jogo ele de novo fico horas"
198658806,48.916666666666664,False,7,6 reais na promoção e vc leva um spyware de graça.
128270148,317.28333333333336,True,0,"Cara, está muito tenso! o jogo está crashando toda hora. meu PC está além das recomendações para rodar o jogo mesmo assim eu não consigo jogar 1 hora completa. não recomendo por enquanto!"
198587048,70.75,True,0,"Very chill game, 4 hour long game can finish it in 1 week"
198571301,300.03333333333336,True,0,"Gostei do estilo de jogo em turnos (em vez de tempo real). Consegui vencer um duelo no modo Colono. Outra vantagem é que ele deixa você jogar mesmo depois do fim. Ou seja, vencendo ou perdendo, você consegue ir em frente."
198506061,26.333333333333332,True,0,"Apesar de ser mais complexo do que Civ V em alguns detalhes desnecessários, segue a mesma linha da série. Pra quem gosta, como eu, é um prato cheio."
198476978,11.533333333333333,False,2,"O jogo é bom é daora, já joguei muito ele, tem uns mods legais e tals, é o típico jogo que vc tem uma rejogabilidade imensa e joga por horas e horas. Porém eu tenho algumas ressalvas que me faz dar essa análise negativa: Aparentemente e conforme outras análises o jogo recentemente alterou os termos de serviço para um termo de serviço abusivo. Mas além disso, caso vc não ligue pra essas coisas eu tenho outro argumento negativo sobre esse jogo, o multiplayer dele é bugadasso, ele toda hora dessincroniza a partida entre o host e os jogadores a cada turno o que enche o saco tornando injogável, é como se o multiplayer fosse de enfeite, e a empresa basicamente abandonou o jogo pois conforme um post no fórum esse é um bug/erro antigo e que acontece com muita gente e não foi corrigido até hoje, mostrando um total abandono pela empresa. Se vc comprou pra jogar com seus amigos reembolse e compre outro jogo melhor, um hentai vale mais apena que esse pelo mesmo preço q esse jogo com 95% de desconto"
198472568,20.1,True,6,"Muito bom. Está no mesmo nível dos outros Civs, viciante como sempre e não deixa nada a desejar. Gostei do modo battle royale e a variedade de vitórias e de líderes (agora temos nosso D. Pedro II) Recomendo!"
198470609,873.05,True,0,Jogo muito bom. Gostaria de poder escolher o continente onde começo quando estou no mapa do planeta.
198368767,153.61666666666667,True,1,"Joguin bom, gostoso, maravilhoso para seu genero mesmo no base sem dlc ele cumpre o que promete, simples e facil de aprender se houver paciencia"
198316936,26.116666666666667,True,0,"Nunca dei valor a jogos de turno, muito menos a jogos de estratégia, mas esse jogo conseguiu me prender e me deixar ansioso para voltar da universidade e jogar."
198080304,259.03333333333336,True,10,"Jogo muito bom, se você for jogar com pessoas que você gosta, recomendo deixa-las achar que esta ajudando elas e ficar usando espioões para derrubar a economia dela."
197664539,49.61666666666667,True,0,não entendo nada .. mas o jogo é bom kkkkk
197625868,123.75,False,1,"IT TAKES SO MUCH TIME FOR MINIMAL FUN! IT'S LITERALLY JUST HAVING A CARROT DANGLED UPON YOU FACE, BUT YOU CAN'T EVER REACH IT!"
197594241,163.31666666666666,True,0,"Jogo bem complexo, mas da pra passar horas se entretendo."
197495290,168.88333333333333,False,45,"A Take-Two e a 2K Games atualizaram os Termos de Serviço de todos os seus jogos, transformando este jogo — assim como todos os outros títulos da empresa — em um verdadeiro spyware. Informações importantes contidas nos Termos de Serviço: Mods podem levar à suspensão da conta Mostrar trapaças ou explorar falhas também pode resultar em banimento Cláusula de arbitragem obrigatória e renúncia ao direito de ação coletiva e julgamento por júri para todos os usuários residentes nos Estados Unidos e em qualquer outro território, exceto Austrália, Suíça, Reino Unido ou países do Espaço Econômico Europeu O uso de VPN ao se conectar aos servidores online pode causar banimento É proibido acessar o conteúdo do jogo por meio de uma máquina virtual Tipos de dados coletados: Identificadores / Informações de Contato: Nome, nome de usuário, gamertag, endereço postal e de e-mail, número de telefone, IDs únicos, ID do dispositivo móvel, ID da plataforma, ID de serviço de jogo, ID de publicidade (IDFA, Android ID) e endereço IP Características Protegidas: Idade e gênero Informações Comerciais: Histórico de compras e uso, incluindo informações sobre jogabilidade e preferências Informações de Pagamento: Dados de pagamento (cartão de crédito / débito) e endereço de entrega Atividade na Internet / Atividade Eletrônica: Navegação na web/aplicativos, dados de jogabilidade relacionados aos serviços, interações online com os serviços e com publicidade, informações sobre os jogos e plataformas que você usa, e dados sobre aplicativos instalados Dados do Dispositivo e de Uso: Tipo de dispositivo, informações de software e hardware, configurações de idioma, tipo e versão do navegador, sistema operacional e dados sobre como os usuários interagem com os serviços (por exemplo, conteúdos visualizados, páginas acessadas, cliques, rolagens) Inferências de Perfil: Inferências feitas com base em suas informações e atividade na web para criar um perfil personalizado e identificar produtos e serviços que possam te interessar Informações de Áudio / Visuais: Fotos de perfil, imagens e avatares da conta, dados de áudio coletados por meio de funcionalidades de chat, gravações de jogabilidade e imagens de vídeo (como em testes de jogo) Informações Sensíveis: Localização precisa (caso você permita o acesso), credenciais da conta (nome de usuário e senha), e conteúdo de comunicações feitas via chat"
197244542,188.45,False,2,"A Take-Two e a 2K Games atualizaram os Termos de Serviço de todos os seus jogos, transformando este jogo — assim como todos os outros títulos da empresa — em um verdadeiro spyware. Informações importantes contidas nos Termos de Serviço: Mods podem levar à suspensão da conta Mostrar trapaças ou explorar falhas também pode resultar em banimento Cláusula de arbitragem obrigatória e renúncia ao direito de ação coletiva e julgamento por júri para todos os usuários residentes nos Estados Unidos e em qualquer outro território, exceto Austrália, Suíça, Reino Unido ou países do Espaço Econômico Europeu O uso de VPN ao se conectar aos servidores online pode causar banimento É proibido acessar o conteúdo do jogo por meio de uma máquina virtual Tipos de dados coletados: Identificadores / Informações de Contato: Nome, nome de usuário, gamertag, endereço postal e de e-mail, número de telefone, IDs únicos, ID do dispositivo móvel, ID da plataforma, ID de serviço de jogo, ID de publicidade (IDFA, Android ID) e endereço IP Características Protegidas: Idade e gênero Informações Comerciais: Histórico de compras e uso, incluindo informações sobre jogabilidade e preferências Informações de Pagamento: Dados de pagamento (cartão de crédito / débito) e endereço de entrega Atividade na Internet / Atividade Eletrônica: Navegação na web/aplicativos, dados de jogabilidade relacionados aos serviços, interações online com os serviços e com publicidade, informações sobre os jogos e plataformas que você usa, e dados sobre aplicativos instalados Dados do Dispositivo e de Uso: Tipo de dispositivo, informações de software e hardware, configurações de idioma, tipo e versão do navegador, sistema operacional e dados sobre como os usuários interagem com os serviços (por exemplo, conteúdos visualizados, páginas acessadas, cliques, rolagens) Inferências de Perfil: Inferências feitas com base em suas informações e atividade na web para criar um perfil personalizado e identificar produtos e serviços que possam te interessar Informações de Áudio / Visuais: Fotos de perfil, imagens e avatares da conta, dados de áudio coletados por meio de funcionalidades de chat, gravações de jogabilidade e imagens de vídeo (como em testes de jogo) Informações Sensíveis: Localização precisa (caso você permita o acesso), credenciais da conta (nome de usuário e senha), e conteúdo de comunicações feitas via chat"
140476559,106.81666666666666,False,0,"Muito bom recomendo não usar cheats ja que tira a graça do jogo e ele é facil ainda por cima então recomendo apenas jogar mesmo com dificuldade sem mods. Krl vi agora paguei 12,90 reais nesse jogo e olha o preço atualmente"
197161833,68.2,True,0,"Para mim o melhor CIV, melhorou mecânicas antigas e modernizou a franquia."
197079420,101.33333333333333,False,3,"A Take-Two e a 2K Games atualizaram os Termos de Serviço de todos os seus jogos, transformando este jogo — assim como todos os outros títulos da empresa — em um verdadeiro spyware. Informações importantes contidas nos Termos de Serviço: Mods podem levar à suspensão da conta Mostrar trapaças ou explorar falhas também pode resultar em banimento Cláusula de arbitragem obrigatória e renúncia ao direito de ação coletiva e julgamento por júri para todos os usuários residentes nos Estados Unidos e em qualquer outro território, exceto Austrália, Suíça, Reino Unido ou países do Espaço Econômico Europeu O uso de VPN ao se conectar aos servidores online pode causar banimento É proibido acessar o conteúdo do jogo por meio de uma máquina virtual Tipos de dados coletados: Identificadores / Informações de Contato: Nome, nome de usuário, gamertag, endereço postal e de e-mail, número de telefone, IDs únicos, ID do dispositivo móvel, ID da plataforma, ID de serviço de jogo, ID de publicidade (IDFA, Android ID) e endereço IP Características Protegidas: Idade e gênero Informações Comerciais: Histórico de compras e uso, incluindo informações sobre jogabilidade e preferências Informações de Pagamento: Dados de pagamento (cartão de crédito / débito) e endereço de entrega Atividade na Internet / Atividade Eletrônica: Navegação na web/aplicativos, dados de jogabilidade relacionados aos serviços, interações online com os serviços e com publicidade, informações sobre os jogos e plataformas que você usa, e dados sobre aplicativos instalados Dados do Dispositivo e de Uso: Tipo de dispositivo, informações de software e hardware, configurações de idioma, tipo e versão do navegador, sistema operacional e dados sobre como os usuários interagem com os serviços (por exemplo, conteúdos visualizados, páginas acessadas, cliques, rolagens) Inferências de Perfil: Inferências feitas com base em suas informações e atividade na web para criar um perfil personalizado e identificar produtos e serviços que possam te interessar Informações de Áudio / Visuais: Fotos de perfil, imagens e avatares da conta, dados de áudio coletados por meio de funcionalidades de chat, gravações de jogabilidade e imagens de vídeo (como em testes de jogo) Informações Sensíveis: Localização precisa (caso você permita o acesso), credenciais da conta (nome de usuário e senha), e conteúdo de comunicações feitas via chat"
196976835,485.96666666666664,True,0,Amazing game to study and passing some time! I invest some hours in this game to get some experience and I love it!
187572894,28.95,False,0,"SEU JOGO NÃO É MAIS SEU. A Take-Two e a 2K Games atualizaram os Termos de Serviço de todos os seus jogos, transformando este jogo — assim como todos os outros títulos da empresa — em um verdadeiro spyware. Informações importantes contidas nos Termos de Serviço: Mods podem levar à suspensão da conta Mostrar trapaças ou explorar falhas também pode resultar em banimento Cláusula de arbitragem obrigatória e renúncia ao direito de ação coletiva e julgamento por júri para todos os usuários residentes nos Estados Unidos e em qualquer outro território, exceto Austrália, Suíça, Reino Unido ou países do Espaço Econômico Europeu O uso de VPN ao se conectar aos servidores online pode causar banimento É proibido acessar o conteúdo do jogo por meio de uma máquina virtual Tipos de dados coletados: Identificadores / Informações de Contato: Nome, nome de usuário, gamertag, endereço postal e de e-mail, número de telefone, IDs únicos, ID do dispositivo móvel, ID da plataforma, ID de serviço de jogo, ID de publicidade (IDFA, Android ID) e endereço IP Características Protegidas: Idade e gênero Informações Comerciais: Histórico de compras e uso, incluindo informações sobre jogabilidade e preferências Informações de Pagamento: Dados de pagamento (cartão de crédito / débito) e endereço de entrega Atividade na Internet / Atividade Eletrônica: Navegação na web/aplicativos, dados de jogabilidade relacionados aos serviços, interações online com os serviços e com publicidade, informações sobre os jogos e plataformas que você usa, e dados sobre aplicativos instalados Dados do Dispositivo e de Uso: Tipo de dispositivo, informações de software e hardware, configurações de idioma, tipo e versão do navegador, sistema operacional e dados sobre como os usuários interagem com os serviços (por exemplo, conteúdos visualizados, páginas acessadas, cliques, rolagens) Inferências de Perfil: Inferências feitas com base em suas informações e atividade na web para criar um perfil personalizado e identificar produtos e serviços que possam te interessar Informações de Áudio / Visuais: Fotos de perfil, imagens e avatares da conta, dados de áudio coletados por meio de funcionalidades de chat, gravações de jogabilidade e imagens de vídeo (como em testes de jogo) Informações Sensíveis: Localização precisa (caso você permita o acesso), credenciais da conta (nome de usuário e senha), e conteúdo de comunicações feitas via chat"
196802195,146.66666666666666,True,0,"Jogo top, mantem a essência desde o Civilization II que foi o primeiro que eu joguei, só que com a jogabilidade melhorada ! Vale a pena !"
196750527,12.883333333333333,False,4,"A Take-Two e a 2K Games atualizaram os Termos de Serviço de todos os seus jogos, transformando este jogo — assim como todos os outros títulos da empresa — em um verdadeiro spyware. Informações importantes contidas nos Termos de Serviço: Mods podem levar à suspensão da conta Mostrar trapaças ou explorar falhas também pode resultar em banimento Cláusula de arbitragem obrigatória e renúncia ao direito de ação coletiva e julgamento por júri para todos os usuários residentes nos Estados Unidos e em qualquer outro território, exceto Austrália, Suíça, Reino Unido ou países do Espaço Econômico Europeu O uso de VPN ao se conectar aos servidores online pode causar banimento É proibido acessar o conteúdo do jogo por meio de uma máquina virtual Tipos de dados coletados: Identificadores / Informações de Contato: Nome, nome de usuário, gamertag, endereço postal e de e-mail, número de telefone, IDs únicos, ID do dispositivo móvel, ID da plataforma, ID de serviço de jogo, ID de publicidade (IDFA, Android ID) e endereço IP Características Protegidas: Idade e gênero Informações Comerciais: Histórico de compras e uso, incluindo informações sobre jogabilidade e preferências Informações de Pagamento: Dados de pagamento (cartão de crédito / débito) e endereço de entrega Atividade na Internet / Atividade Eletrônica: Navegação na web/aplicativos, dados de jogabilidade relacionados aos serviços, interações online com os serviços e com publicidade, informações sobre os jogos e plataformas que você usa, e dados sobre aplicativos instalados Dados do Dispositivo e de Uso: Tipo de dispositivo, informações de software e hardware, configurações de idioma, tipo e versão do navegador, sistema operacional e dados sobre como os usuários interagem com os serviços (por exemplo, conteúdos visualizados, páginas acessadas, cliques, rolagens) Inferências de Perfil: Inferências feitas com base em suas informações e atividade na web para criar um perfil personalizado e identificar produtos e serviços que possam te interessar Informações de Áudio / Visuais: Fotos de perfil, imagens e avatares da conta, dados de áudio coletados por meio de funcionalidades de chat, gravações de jogabilidade e imagens de vídeo (como em testes de jogo) Informações Sensíveis: Localização precisa (caso você permita o acesso), credenciais da conta (nome de usuário e senha), e conteúdo de comunicações feitas via chat"
196740176,56.666666666666664,False,3,"A Take-Two e a 2K Games atualizaram os Termos de Serviço de todos os seus jogos, transformando este jogo — assim como todos os outros títulos da empresa — em um verdadeiro spyware. Informações importantes contidas nos Termos de Serviço: Mods podem levar à suspensão da conta Mostrar trapaças ou explorar falhas também pode resultar em banimento Cláusula de arbitragem obrigatória e renúncia ao direito de ação coletiva e julgamento por júri para todos os usuários residentes nos Estados Unidos e em qualquer outro território, exceto Austrália, Suíça, Reino Unido ou países do Espaço Econômico Europeu O uso de VPN ao se conectar aos servidores online pode causar banimento É proibido acessar o conteúdo do jogo por meio de uma máquina virtual Tipos de dados coletados: Identificadores / Informações de Contato: Nome, nome de usuário, gamertag, endereço postal e de e-mail, número de telefone, IDs únicos, ID do dispositivo móvel, ID da plataforma, ID de serviço de jogo, ID de publicidade (IDFA, Android ID) e endereço IP Características Protegidas: Idade e gênero Informações Comerciais: Histórico de compras e uso, incluindo informações sobre jogabilidade e preferências Informações de Pagamento: Dados de pagamento (cartão de crédito / débito) e endereço de entrega Atividade na Internet / Atividade Eletrônica: Navegação na web/aplicativos, dados de jogabilidade relacionados aos serviços, interações online com os serviços e com publicidade, informações sobre os jogos e plataformas que você usa, e dados sobre aplicativos instalados Dados do Dispositivo e de Uso: Tipo de dispositivo, informações de software e hardware, configurações de idioma, tipo e versão do navegador, sistema operacional e dados sobre como os usuários interagem com os serviços (por exemplo, conteúdos visualizados, páginas acessadas, cliques, rolagens) Inferências de Perfil: Inferências feitas com base em suas informações e atividade na web para criar um perfil personalizado e identificar produtos e serviços que possam te interessar Informações de Áudio / Visuais: Fotos de perfil, imagens e avatares da conta, dados de áudio coletados por meio de funcionalidades de chat, gravações de jogabilidade e imagens de vídeo (como em testes de jogo) Informações Sensíveis: Localização precisa (caso você permita o acesso), credenciais da conta (nome de usuário e senha), e conteúdo de comunicações feitas via chat"
91743440,130.25,False,0,"Por mais que eu ame o jogo infelizmente vou ter que negativar A Take-Two e a 2K Games atualizaram os Termos de Serviço de todos os seus jogos, transformando este jogo — assim como todos os outros títulos da empresa — em um verdadeiro spyware. Informações importantes contidas nos Termos de Serviço: Mods podem levar à suspensão da conta Mostrar trapaças ou explorar falhas também pode resultar em banimento Cláusula de arbitragem obrigatória e renúncia ao direito de ação coletiva e julgamento por júri para todos os usuários residentes nos Estados Unidos e em qualquer outro território, exceto Austrália, Suíça, Reino Unido ou países do Espaço Econômico Europeu O uso de VPN ao se conectar aos servidores online pode causar banimento É proibido acessar o conteúdo do jogo por meio de uma máquina virtual Tipos de dados coletados: Identificadores / Informações de Contato: Nome, nome de usuário, gamertag, endereço postal e de e-mail, número de telefone, IDs únicos, ID do dispositivo móvel, ID da plataforma, ID de serviço de jogo, ID de publicidade (IDFA, Android ID) e endereço IP Características Protegidas: Idade e gênero Informações Comerciais: Histórico de compras e uso, incluindo informações sobre jogabilidade e preferências Informações de Pagamento: Dados de pagamento (cartão de crédito / débito) e endereço de entrega Atividade na Internet / Atividade Eletrônica: Navegação na web/aplicativos, dados de jogabilidade relacionados aos serviços, interações online com os serviços e com publicidade, informações sobre os jogos e plataformas que você usa, e dados sobre aplicativos instalados Dados do Dispositivo e de Uso: Tipo de dispositivo, informações de software e hardware, configurações de idioma, tipo e versão do navegador, sistema operacional e dados sobre como os usuários interagem com os serviços (por exemplo, conteúdos visualizados, páginas acessadas, cliques, rolagens) Inferências de Perfil: Inferências feitas com base em suas informações e atividade na web para criar um perfil personalizado e identificar produtos e serviços que possam te interessar Informações de Áudio / Visuais: Fotos de perfil, imagens e avatares da conta, dados de áudio coletados por meio de funcionalidades de chat, gravações de jogabilidade e imagens de vídeo (como em testes de jogo) Informações Sensíveis: Localização precisa (caso você permita o acesso), credenciais da conta (nome de usuário e senha), e conteúdo de comunicações feitas via chat"
196647182,92.31666666666666,False,7,"This game has become SPYWARE just like every other game in 2K's library, do not buy this or play it"
196590674,196.95,False,263,"A Take-Two e a 2K Games atualizaram os Termos de Serviço de todos os seus jogos, transformando este jogo — assim como todos os outros títulos da empresa — em um verdadeiro spyware. Informações importantes contidas nos Termos de Serviço: Mods podem levar à suspensão da conta Mostrar trapaças ou explorar falhas também pode resultar em banimento Cláusula de arbitragem obrigatória e renúncia ao direito de ação coletiva e julgamento por júri para todos os usuários residentes nos Estados Unidos e em qualquer outro território, exceto Austrália, Suíça, Reino Unido ou países do Espaço Econômico Europeu O uso de VPN ao se conectar aos servidores online pode causar banimento É proibido acessar o conteúdo do jogo por meio de uma máquina virtual Tipos de dados coletados: Identificadores / Informações de Contato: Nome, nome de usuário, gamertag, endereço postal e de e-mail, número de telefone, IDs únicos, ID do dispositivo móvel, ID da plataforma, ID de serviço de jogo, ID de publicidade (IDFA, Android ID) e endereço IP Características Protegidas: Idade e gênero Informações Comerciais: Histórico de compras e uso, incluindo informações sobre jogabilidade e preferências Informações de Pagamento: Dados de pagamento (cartão de crédito / débito) e endereço de entrega Atividade na Internet / Atividade Eletrônica: Navegação na web/aplicativos, dados de jogabilidade relacionados aos serviços, interações online com os serviços e com publicidade, informações sobre os jogos e plataformas que você usa, e dados sobre aplicativos instalados Dados do Dispositivo e de Uso: Tipo de dispositivo, informações de software e hardware, configurações de idioma, tipo e versão do navegador, sistema operacional e dados sobre como os usuários interagem com os serviços (por exemplo, conteúdos visualizados, páginas acessadas, cliques, rolagens) Inferências de Perfil: Inferências feitas com base em suas informações e atividade na web para criar um perfil personalizado e identificar produtos e serviços que possam te interessar Informações de Áudio / Visuais: Fotos de perfil, imagens e avatares da conta, dados de áudio coletados por meio de funcionalidades de chat, gravações de jogabilidade e imagens de vídeo (como em testes de jogo) Informações Sensíveis: Localização precisa (caso você permita o acesso), credenciais da conta (nome de usuário e senha), e conteúdo de comunicações feitas via chat"
196499302,20.983333333333334,False,8,"Contrato bizarro na compra, deixando bem claro como você adquiriu apenas uma licença para jogar, e NÃO é dono do jogo. Isso é uma forma da desenvolvedora poder tirar o jogo da plataforma se quiser, seja porque vai fazer um acordo de exclusividade com outra loja ou porque, sei lá, eles quiseram. Diferente de mídias físicas, esse tipo de contrato está sendo cada vez mais comum para que praticas abusivas sejam impostas ao jogador/consumidor, ao mesmo tempo que te nega qualquer defesa ou propriedade sobre aquele material adquirido - e não se engane, ao pagar, você SIM adquiriu o produto. Essas regras sobre ""licença de jogo"", empréstimo ou ""acesso pago"" só respaldam grandes empresas, sucateiam o mercado e abaixam ainda mais o poder de compra de países com moedas menos valorizadas. Eu gosto do jogo. Bastante, na verdade. Mas jamais incentivaria alguém a dar dinheiro por algo que não vai te pertencer."
196436049,38.13333333333333,True,7,é muito dificil tentar ser uma civilização calma e pacifica com seus vizinhos sendo uns trairás mandando religiosos e profetas a rodo enquanto barbaros querem sua carne viva (emoji coração partido)
196350140,92.6,True,0,"Não é tão bom quanto o Civ 5, mas é um bom Civ"
196283358,85.6,False,0,"Tu sair do CIV 5 pra jogar esta porcaria é sofrível, que jogo detestável, e olha que eu tentei jogar de verdade esse lixo, comprei tudo que tinha pra ver se melhorava mas segue a mesma mer.. Tomara que o 7 seja melhor."
196282089,97.76666666666667,True,0,"Sou fã dessa série, mas fiquei um tempo sem jogar e voltei agora no 6 e estou gostando bastante, ainda relutante para ir para o 7 devido aos comentários iniciais, mas como eu me conheço, não vou demorar a seguir a série."
196112134,124.9,True,8,"Se você tem vida social e se preocupa minimamente com ela, não recomendo que jogue esse jogo, caso não tenha, ou não se importe o suficiente, vá adiante. para os amantes do gênero, esse jogo é simplesmente uma pedra de craque viciante e deliciosa."
196007214,29.8,True,9,único jogo que eu conheço que deixa eu construir a estátua da liberdade jogando de Rússia
195976292,55.6,True,0,"Ja joguei 50 horas e ainda não terminei 1 partida kkkkkkk o jogo é muito bom, acho que eu que sou ruim mesmo! Recomendo"
195824218,171.51666666666668,True,0,"Excelente jogo de estratégia, única coisa que poderia mudar é ter um painel à parte para fazer em massa, as produções da cidade! Se tiver 10 cidades-estados, complica seu lado."
195770698,84.86666666666666,True,0,"amo esse jogo mas queria saber por qual caralho de motivo n tem dublagem pt br, 2k25 pqp, tao sem recurso pra dubla mas cobra 300$ no jogo. tem q crakear memo"
195727555,192.65,True,0,"Civilization é tipo droga,você avicia depois de ver o Teddy Roosevelt com aquele rabão na tela cara eu quero comer o Teddy Roosevelt inteirinha o corpo dela é espetacular cara eu amo o Teddy Roosevelt e nem vamos falar do Trajan aquela psicopata que eu faria de tudo para ela pisar em mim como se eu fosse nada mais do que um pequeno apoio pros pés dele"
195627036,29.1,True,1,"Primeiro jogo da serie que eu jogo, recomendo bastante, para iniciantes como eu recomendo assistir tutoriais para começar a intender a vastidão de informações do jogo."
195577609,325.98333333333335,True,3,"É um jogo incrível, com bastante aspectos a se controlar e muitas possibilidades de vitória."
195560526,219.95,True,0,"Um dos melhores jogos que já joguei na minha vida. Simplesmente viciante, infinitas possibilidades, mesmo sem nunca ter tocado no modo multijogador"
195324977,4299.716666666666,True,0,"3600 horas jogando, 150 dias. preciso dizer se recomendo ou não?"
195088182,16.283333333333335,True,1,nao sou fa de jogo de construção mas.. eu jogeui 5h seguidas na minha primeira run e amei pqp que joguinho legal vou cotinuar ate enjoar
195087223,53.53333333333333,True,0,"O joguinho delicia, gostei muito e jogo com meus amigos, deixa mais divertido, Se voce ta aprendendo, de chances ao jogo, é meio difícil mesmo."
195084329,542.6666666666666,True,2,"""Que Deus me conceda esses últimos desejos, só mais um turno"" - Dom Pedro de Alcântara João Carlos Leopoldo Salvador Bibiano Francisco Xavier de Paula Leocádio Miguel Gabriel Rafael Gonzaga II"
195016727,45.2,True,0,"Um amigo me apresentou o V anos atrás e eu gostei muito, comprei o VI e não me decepcionei, melhorou em vários aspectos, bom demais, se curte o gênero só vai."
194994617,101.58333333333333,True,0,"NUNCA ACHEI Q IA GOSTAR DE CIV, É BOM PRA PORRA"
150021304,607.65,True,0,"Ridiculamente viciante, cativante e instigante, que jogo sensacional, e complexo a sua maneira, ter que lidar com questões crescente de acordo com o que o jogo avança é muito interessante, a parte negativa pra mim que é meio que inevitável é o tempo de duração da partida, mas isso também não é um problema que me incomode, vale muito a pena e fica ainda melhor com mods."
194960189,27.383333333333333,True,8,"Civilization VI: O Império do Brasil, agora com Carnaval, Fuzil e Dom Pedro II Em Civilization VI, decidi reescrever a história do Brasil com Dom Pedro II — não como o monarca ilustrado do século XIX, mas como arquiteto de um império moderno, implacável e estrategicamente brutal. Logo abandonei qualquer ilusão de diplomacia: adotei o militarismo desde o início e, quando o fascismo ficou disponível, o selecionei sem pestanejar. Minha vitória? Total dominação. Enquanto as outras civilizações perdiam tempo com tratados e ONU, meu Brasil marchava. A ordem era clara: tanques, infantaria, aviões — e Carnaval. Sim, o Carnaval virou minha principal política pública. Manter o povo ocupado e ""feliz"" com festas garantiu status de serviço elevado, mesmo com metade do planeta em chamas. O velho ""pão e circo"" virou ""samba e fuzil"". E funcionou. Mas o mais interessante dessa experiência foi perceber o contraste entre minha Hy-Brazil e o Brasil da vida real. No jogo, governar foi simples: bastava ter visão, foco e execução. No Brasil real, cada governo só pensa em seus quatro ou oito anos. Ninguém planta para colher adiante, só para a próxima eleição. É uma corrida de ratos onde o futuro do país é só um slogan de campanha. No meu império digital, governei como se o tempo estivesse do meu lado — como Putin faz com a Rússia. Com planejamento de décadas, projetos de longo prazo e poder consolidado. Em vez de mudar tudo a cada quatro anos, construí uma máquina nacional que olhava além das próximas eleições. Talvez seja autoritário demais para a democracia? Pode ser. Mas deu certo. No final das contas, Civilization VI me deixou uma lição amarga: o Brasil pode funcionar. Só não com esse modelo, nem com esses políticos. Meu Hy-Brazil — entre carnaval, guerra e tirania — ainda foi mais eficiente do que qualquer administração real. E quer saber? Ninguém reclamava. Eles estavam muito ocupados dançando."
194915920,50.06666666666667,True,0,Fundei Manaus Manaus se rebelou contra mim Maui ajudou Manaus a me derrotar Perdi pro amigo da Moana... 10/10 mas to puto
194897074,649.8666666666667,True,0,"Jogo incrível, horas bem-gastas nele. Parece que o Civ 7 não está lá essas coisas, então vou ficar por aqui até Deus sabe quando."
194881439,67.13333333333334,False,2,roubei o milho da minha mulher e nosso relacionamento acabou obrigado sid meier vc acabou com a minha vida
194880746,61.1,True,1,joguei com meus amigos e fizemos alianças agora o grupo está separado em dois. muito bom o jogo
194806192,607.2166666666667,True,0,500 hours in still can't win vs king difficulty AI : )
194695560,49.11666666666667,True,4,"Sempre jogo com a versão da Moana da Indonésia ou a Cleopatra e, normalmente, só passo raiva com os barbaros. Quando não é a porr* Catarina de Merd*, te perturbando por cultura e espionagem, é o maldit* do Alexandre querendo guerra, é o Chinês querendo lançar todas as maravilhas, o Japonês querendo templo e o Viking do caralh* querendo que você vá ao mar, mas não mais que ele. Os caras das arabias, da australia, da italia, do congo e dos maias são bipolares. O cara da india e a moça que parece a guerreira Shena são suaves, mostre apenas lealdade"
194660771,377.56666666666666,True,0,Muito bom quanto mais vc vai jogando mais vai melhorando descobrindo coisa nova eh realmente bem feito
194637032,239.46666666666667,True,0,jogo muito divertido! recomendo para quem gosta do estilo !
194510789,15.816666666666666,True,0,"Muito bom para quem gosta de jogos de estrategia e turnos, bem complexo e bem amplo para varias estrategias para conseguir a vitoria!"
194434252,61.78333333333333,True,0,"5 horas pra acabar 1 partida, mas é baum demais"
194246091,299.2,True,0,eu amo tretar com a catarina e o yag do filipe a troco de cercar eles com minhas forças militaresღ
69389375,475.1333333333333,True,1,"Primeiro civilization que jogo, e achei muito bom, a melhor palavra é VICIANTE demais, contudo, muito instrutivo, eu avaliaria como 9,5/10, achei que podia ter mais ângulos de câmera, mas de resto, perfeito. Em apenas uma partida, gastei mais de 7 horas, e digo, vale a pena! Edit: 440h kkkk"
167249206,43.93333333333333,True,0,"muito bom, é meu Civilization favorito e muito dificil e demorado as partidas nunca terminei nenhuma porque fico fazendo historinhas e jogando armas nucleares nas IAs e acabo acabando com a economia do mundo, é um jogo muito divertido para passar o tempo as dlcs são incriveis a de mudanças climaticas e novos personagens. S2"
194153138,63.6,True,1,Jogar Civilization VI e igual chupar uma pika no começo e ruim mas depois fica legal
193945250,29.016666666666666,True,0,"Uma partida 30 horas, me fez passar noites jogando, recomendo"
193941884,7.6,True,2,"ótimo jogo (já tinha pego esse jogo de graça na Epic, mas resolvi comprar na Steam por causa das cartinhas ^^)"
193875367,151.48333333333332,True,0,"comprei ha mo cota e nao jogava pq nao entendia, dps farmei 35 horas em 1 semana insano"
193870772,21.883333333333333,True,0,muito bom aprovado marcos pereira dos santos de ipatinga mg
193591535,53.3,False,1,"O jogo não é ruim MAS Os reinos menos hostis do nada declararam guerra contra mim, eles simplesmente não aprendem com os erros dos últimos 20 anos, adicionalmente você compra as DLC e não tem espaço pra todos os líderes, total warhammer 3 tem 280+ facções no começo do jogo, se Civ tivesse a diplomacia no nível de hearts of iron e similares dava pra dar um desconto, mas o jogo deixa a desejar, você tem que escolher quais faccões quer botar no mundo porque não cabe todo mundo, aí você acha que escolheu tudo certinho, faltam facções menores porque também não tem espaço, o jogo poderia ser MUITO bom, infelizmente foi mal aproveitado] Não tem nem lugar na Europa pra ter os países, é uma piada, CIV acabou, o 7 tá muito pior ainda"
193809936,273.51666666666665,True,2,"jogo incrivel, as ideia dele são muito boas e bem aplicadas, além de que tu aprende um pouco sobre a história. tu evolui tua civilização pra perde no ultimo turno."
193598936,49.95,True,0,"Que jogo viciante! Apesar de eu não ser nenhum grande estrategista — e ainda ter poucas horas de jogo — posso dizer que Civilization VI vale muito a pena. Fazia tempo que eu não virava a madrugada jogando, e esse jogo conseguiu me prender de um jeito que há muito não acontecia. Super recomendo, seja para jogar com amigos ou até mesmo sozinho. A diversão é garantida!"
159798018,305.95,True,0,"Depois de investir horas e horas até entender essa bomba, posso afirmar com certeza barbaros malditos do modo divino ME DEIXEM EM PAZ"
78505276,538.5666666666667,True,0,"Depois que aprendi os conceitos do game achei absurdamente completo, complexo mas completo."
193657800,93.56666666666666,True,2,"Bem legal esse jogo! Quando eu era pré-adolescente, jogava Civilization 2 e nunca gostei das outras versões. Quebrei um paradigma aprendendo a jogar o Cibilization 6 e gostei muito!"
193631239,192.48333333333332,True,0,"Estratégia, guerra, religião, cultura, ciencia, guerra, guerra, dominação, ABSOLUT CINEMA"
193370978,118.66666666666667,True,0,"Na primeira hora, eu não tinha entendi nada. Depois de 35 horas de jogo, continuo sem entender. Muito bom :D"
193341510,188.2,True,0,Da para jogar na cara dos outros q vc é um ditador melhor. 11/10
193300759,88.78333333333333,True,0,"Foi minha primeira experiência com a franquia, no começo fiquei um pouco perdido pois estou acostumado com jogos do tipo Age of Empires. Porém, quando você pega o jeito começa a ver como a estratégia do jogo é interessante, cada decisão que você toma para conseguir o objetivo pode ter consequências com as outras nações do mapa. Joguei somente o modo solo, então não tenho uma opinião sobre o modo online."
193217383,2.033333333333333,True,3,"NUNCA FOI TÃO DIFÍCIL FAZER UM REINO PROSPERAR com esse jogo eu percebi, eu destruiria um REINO inteiro em menos de 10 anos. 10/10"
193197469,98.73333333333333,True,0,"Jogo bom, precisa ler bastante pois tem muita mecânica e leva um tempo pra aprender, os turnos são lentos mas o conteúdo é bem divertido"
193149125,31.733333333333334,True,1,muito bom o jogo perdi casa carro e familia por jogar mt
192704875,23.05,True,0,"Jogo viciante demais, estou adorando, é legal jogar com amigos mas também é gostoso jogar sozinho. Joguinho bom demais da conta sô"
192614749,125.73333333333333,True,0,Amo esse jogo mas sou o único do planeta que joga :/
192306230,113.95,True,5,"Se você curte jogos de estratégia onde pode começar com uma cidadezinha e acabar dominando o mundo (seja com ciência, cultura ou porrada mesmo), Civ VI é o teu jogo meu querido. o pessoal fala que o jogo é complexo mas sendo sincero depois de perder 2 campanhas porque o dom pedro misteriosamente conseguiu todas as grandes obras do jogo você acaba pegando o jeito"
192171476,33.916666666666664,True,0,"Bem, como conduzimos as jogadas e criamos situações diversas, isso é muito gratificante"
192094250,23.433333333333334,True,0,"jogo muito bom, depois da sua 10 derrota vc começa a entender como jogar"
192027002,1012.7333333333333,True,0,"Pra mim, melhor jogo de estratégia em turno, com civilizações evolução e etc, de todos os tempos."
184047835,252.9,True,0,MÓ BOM Um pouco demorado as partidas e a curva de aprendizagem mas é gratificante.
191708201,30.566666666666666,True,1,"Civilization VI é um dos games de estratégia mais divertidos que já tive o prazer de jogar, uma pena que eu não tenha amigos com bom gosto para jogar comigo."
115237453,220.16666666666666,True,0,A vida era outra quando eu n conhecia o civ 6...
191624521,14.533333333333333,True,0,Requer tempo para aprender tudo o que esse jogo tem a oferecer
191608919,19.95,True,0,"É um jogo ao qual sou familiarizada; entretanto, nunca perde a graça. Até hoje não consegui ganhar na ""corrida das eras"", por assim dizer. Entretanto, novamente, nunca perde a graça em ser sempre alguém novo e observar novas estratégias."
191505960,504.8,True,11,"Depois de 500 horas de Civilization VI, resolvi escrever uma análise. Um dos melhores jogos de estratégia PVE com quase infinitas possibilidades de formas de ganhar uma partida. Para quem nunca jogou nenhum jogo da franquia pode ser um pouco demorado para aprender todas as mecânicas, porém ao entender mais a fundo como tudo funciona se torna quase um dança conduzir sua civilização ao longo das eras. Sim, existem civilizações com um foco muito maior no early game e outros no late, no entanto, é possível trabalhar e pivotar estratégias no mid game, tornando-o um jogo muito versátil, com cada partida sendo diferente da outra. Nas dificuldades mais elevadas os Bots se tornam extremamente agressivos militarmente e começam a partida com vantagens bem grandes, tornando realmente um desafio para o jogador."
191480679,61.13333333333333,True,3,"Otimo game pra quem curte historia, só acho chato ter que pagar dlc pra jogar com outras civilizações."
191467072,68.11666666666666,True,1,"Civilization VII mantém a essência da franquia enquanto traz inovações que deixam o jogo ainda mais envolvente. A estratégia está mais profunda, os gráficos estão lindos e cada decisão importa. Um jogo viciante para qualquer fã de estratégia"
191441419,9.016666666666667,True,0,"jogo muito bom, porém a kisa e o greg passaram mal demais"
191351150,202.36666666666667,True,0,"Um ótimo jogo, pelo preço que paguei (se não me engano estava por volta dos 60 conto na época, e claro em promoção, na nuuvem) pois essa desgraça de jogo possui inúmeras dlcs, não compre esse jogo se não for com todas dlcs e em promoção, o jogo não é ruim mas não vale tudo isso. O jogo em si é ótimo, apesar de que eu acho o 5 melhor por não ter a porcaria da vitória diplomática."
191348556,195.75,True,0,"Jogo muito bom pra quem gosta de estratégia ou tem 4 horas pra perder numa partida sem limites de turno, tipo eu"
191147019,39.35,True,1,"Jogo incrível, estilo de arte muito bonita e o multiplayer eu acho maravilhoso."
191106104,14.383333333333333,True,0,Tem que fazer um TCC pra entender mas é um excelente jogo de estratégia
191071648,56.21666666666667,True,2,"Não conhecia bem a franquia e o jogo me surpreendeu. Infelizmente para quem é novo nele vai demorar para aprender a jogar bem, mas vale a pena o aprendizado."
191055597,194.18333333333334,True,0,"Descobri tarde esse game, que mecânica e que jogo, uma pena o modo multi-player não ser tão dinâmico e ter muita gente, o ponto negativo é que uma partida pode levar um dia inteiro, só salvando e fazendo em várias etapas, mas ai vc esquece nas coisas que tinha planejado, já que o game é pura estratégia, mas super recomendo!"
191043387,28.766666666666666,True,0,Eu havia esquecido o quanto esse jogo é viciante e como ele nos prende.
190898976,205.18333333333334,True,0,Ótimo jogo para quem gosta de estratégia e longas partidas.
190897161,44.733333333333334,True,0,"Jogo muito divertido pra quem gosta da temática, é muito foda ver as grandes personalidades como um Sun Tzu da vida brotando pra servir ao império brasileiro ksksksk. VIVA AO IMPÉRIO!!!"
190867357,1157.7,True,0,"jogo incrivel, extremamente viciante e ja me tirou centenas de horas jogando em outros lugares, cansou de jogar? enche de mod, cansou dos mods? enche de mods diferentes e o ciclo viciante de dominação implacavel se perpetua."
190771068,68.7,True,0,"Good, fought with my family and friends and now have been cast out by society"
190755143,116.55,True,0,"Jogo lendário de estrategia, se tiver a oportunidade de jogar com um amigo ou alguns amigos é o jogo ideal."
190488441,324.31666666666666,True,0,"Excelente jogo! Bom para exercitar a criatividade, inteligência, estratégia e aprender mais sobre história"
190447116,34.43333333333333,True,6,"o game é bom mas mt complexo e requer tempo para aprender a jogar. meu amigo comprou para jogar cmg, vamos ver se assim vai render mais recomendo pq a ideia do game é mt boa"
190408959,10.016666666666667,True,0,"Jogo viciante, mas eu tenho quase crtz q metade da trilha sonora é quase um plagio de outras musicas (n sei se intencional) de qualquer forma, a gameplay te prende por horas e não demora muito pra pegar o jeito"
190394027,520.75,True,0,"joguei isso por mais de 500 horas, o conselho q eu daria pra vc que esta pensando em comprar é ""não compre"", o craque é mais facil de largar"
190358422,43.65,True,0,"estudei bastante sobre geopolítica, que são verdadeiros ícones religiosos. É curioso como, no final de um jogo, você se torna aliado de alguém e, de repente, essa pessoa te ataca com uma bomba nuclear. É meio louco, mas também bastante realista, kkkkk."
128730576,155.1,True,0,"Ótimo jogo relacionado a história, decisões, épocas, civilizações, ciência, cultura e fé com o passar do tempo, proporciona experiências diferentes em cada jogo, de uma forma quase única em cada vez que for jogar, recomendado."
190316705,56.78333333333333,True,1,"Comprei este jogo para meu amigo e convenci ele a jogar. Estávamos entre 3 amigos jogando, chamarei um de Leo e outro de Cris. Combinamos de entrar em guerra contra Tomyris, e eu e Leo começamos nossa batalha, acabou que Leo tinha muito mais tropas que eu, então foi frente de batalha, enquanto eu tentava produzir mais tropas. Cris tinha amizade com ela, ou algo assim, e não conseguia declarar guerra. Quando Cris conseguiu entrar em guerra, declarou, mas depois de alguns turnos, comentou que podia entrar em paz com ela, nisso entendi que ele havia feito o contrato de paz com ela, então, resolvi também declarar paz, achando que todos iam declarar. Mas Leo se recusou a declarar paz e ficou muito bravo conosco, continuando sua guerra. Depois de um tempo, perdendo a batalha contra Tomyris, acabou decidindo que devíamos parar e continuar outro dia que já estávamos cansados (Eram quase 5h da manhã). Já fazem 3 meses (aconteceu no dia 30 para 31 de dezembro), mas ele ainda não superou e se recura a jogar conosco esse jogo desde então. Enquanto escrevo essa review ele está no meu ouvido reclamando novamente sobre este trauma adquirido. ""Me prometeram glória e fui esmerilhado"" - Leo ""Dias de luta, dias de glória, mas teve só os dias de luta"" - Cris ／＞ フ | _ _ l ／` ミ＿xノ / | / ヽ ﾉ │ | | | (Tudo isso é do meu ponto de vista e da minha lembrança do acontecimento, mas de acordo com meus dois amigos, a história pode ser um pouco diferente)"
190246245,23.633333333333333,True,0,Ate o momento o game te acolhe de uma forma muito emocionante.
190229341,24.35,True,1,"Um dos melhores jogos de estratégia já criados. Te mostra o quanto você consegue ser fdp quando tem muito poder e o quanto líderes e governantes muitas vezes não nos enxergam como pessoas/seres vivos, mas apenas números e posses. Ganhar de forma limpa nesse jogo é bem complexo e complicado - além de demorado. E se você não tiver sangue de barata, tudo ao redor te incentiva a agir de forma agressiva, revidar, atacar, conquistar território, se vingar de outras nações, etc, etc, etc. Esse jogo é a concepção da frase ""quer conhecer o caráter de uma pessoa? Dê à ela PODER"". Foi desta frase que nasceu Civilization VI. XD"
190209615,19.816666666666666,True,0,muito bom. Gosto demais. Dá pra gastar metade de um dia numa partida só
190137394,74.73333333333333,True,3,"Brasil Acima de Tudo, Dom Pedro Acima de Todos Eu ia só jogar uma horinha. Só UMA horinha. Aí Dom Pedro II olhou pra mim com aquele bigode imperial e disse: ""É hora de expandir o Brasil."" Agora são 4 da manhã, e eu acabo de obliterar a França com um exército de bandeirantes e encouraçados. Civilization VI é aquele tipo de jogo que te prende numa espiral de ""só mais um turno"", e quando você percebe, já declarou guerra a três nações, construiu Brasília no meio da tundra e está competindo com Gandhi pra ver quem aperta o botão vermelho primeiro. O melhor de tudo? Jogar com o Brasil e espalhar a glória da nação pelos quatro cantos do mundo. Carnaval, ciência, guerra, cultura... tanto faz, a vitória é sempre nossa! Se um dia Dom Pedro II disse que um dia seríamos grandes, foi porque ele previu esse jogo. Nota: 10/10 - ""Tome cuidado com o Brasil"" - Winston Churchill (provavelmente)."
190113962,8.783333333333333,True,0,Gostei bastante. O esperado para a continuação de um clássico
190108773,234.58333333333334,True,0,"Aprendi muito sobre geopolitica, assim como gandi ilustre figura religiosa, ser teu amigo jogo inteiro e no final te declara guerra e joga uma bomba nuclear em você, é super da hora e realista kkkkk."
190037484,31.866666666666667,True,0,Muito bom para quem não tem preguiça de pensar e nem sofre de ansiedade
189985145,829.5833333333334,True,0,"a historia , a possibilidade de vitorias tbm eh bem dinamico"
189921105,182.2,True,1,"Um dos jogos com a melhor trilha sonora que conheço , além de trabalhar com a linha da evolução da sociedade . Cada jogo é diferente , mas os princípios são os mesmos , o jogo tem um bom balanço de dificuldade onde o jogo pode ser de fácil a quase impossível, e te permite diversas estratégias para chegar a vitória. Recomendo fortemente retirar as animações para consumir muito menos tempo de gameplay . De todos os Civ o 6 parece ser o melhor de todos até agora , superando o 7 até o momento que escrevo essa 'análise'"
189826606,138.91666666666666,True,1,"Um dos jogos mais divertidos q ja joguei. Se vc gosta de jogos de administrar vilas, evoluir, guerrear e etc e tem muito tempo livre (Eu disse muito). Depois de 100 horas, já ganhei de todas as maneiras possiveis e realmente eles conseguem fazer ser divertido vc levar missionários e bandas de rock para as civilizações dos seus amigos"
189730134,16.683333333333334,True,0,Como pode um jogo em que você não entende nada do que você tá fazendo ser tão legal
189715569,22.25,True,48,"eu jogo tão mal esse jogo q , enquanto os outros já têm democracias prósperas e exércitos nucleares, minha civilização tá brigando por uma poça d’água e elegendo um bode como presidente. Se a SOMALIA jogasse contra mim, ela ia me mandar um pacote de ajuda humanitária."
189704981,51.35,True,1,"muito viciante, perigoso se voce pretende fazer algo da vida"
189652254,16.75,True,1,"Eu quero guerra é nada mas, sou um homem simples :V"
189385545,475.93333333333334,True,0,"Jogo completo, bom, Jogo desde o Civ 1 e recomendo."
189226849,293.21666666666664,True,1,"> Eu e dois amigos criamos um mundo pra jogar. > Começo ruim para todos, todos estamos ou com fome ou produzindo um construtor a cada 10 turnos. > Eu e o 2° amigo começamos a evoluir, fundar cidades. O 3° se foca em virar a Esparta com Júlio César. > O 3° amigo entra em guerra com a Grécia. > A guerra vai de mal a pior, crise econômica, fome, falta de produção, o 3° amigo estagna a guerra. > Eu e o 2° amigo observamos isso em silêncio, evoluindo de pouco em pouco sem guerra, começamos a enviar dinheiro e outras paradas pro 3° amigo. > Parece que a ajuda digna de ser chamada de ""Land Lease"" não funciona, a guerra continua estagnada por 20 turnos. > 3° amigo se frusta e quita, melhores risadas em muito tempo. 10/10, recomendo se tiver amigos pra jogar, do contrário, ache."
189178217,96.66666666666667,True,0,Um clássico que jogo desde o Civ II. Sem precedentes.
189125447,613.4166666666666,True,0,Muito bom! Novo sistema de distritos e bônus de adjacência são muito legais de planejar. Agora com a versão que traz todos os DLCs quando está em promoção fica em um preço justo e o mais completo jogo do tipo.
189111793,33.25,True,2,Faça sua civilização Ofereça ajuda em uma guerra não ajude apenas mande alguns monges e roube laranjas do campo adversário Vença a guerra de alguma forma e ganhe sem ter feito nada Maneirissimo.
188602711,21.316666666666666,True,0,"Exige um esforço para aprender o básico, mas depois que você entende a dinâmica , fica bom"
188527711,56.63333333333333,True,1,"O jogo é muito bom, MAS acho muito demorado. Ja perdi o casamento da minha irmã por causa dele."
188415148,16.566666666666666,False,1,O 5 é melhor cultura funciona muito melhor no 5 e estradas tambem ou quando tiver promoçao compre ja o 7
188378422,121.41666666666667,True,1,"Aspectos positivos: Gameplay extremamente intuitiva Você fica horas sem ver o tempo passar As partidas tem uma ampla variedade de edições antes de começa-las Os gráficos são cartoonescos porém muito lindos Jogo de geopolítica extremamente condizente ao que ele se propôs a dar, a logística, o sistema de recursos e o sistema de comércio são simples de entender porém bem divertidos, não se torna algo repetitivo e é sempre motivador expandir sua civilização através de recurso, principalmente na dlc Gathering Storm em que você se preocupa com quão poluente esta sua industrialização, evoluindo a mesma desde o carvão até nuclear. Aspectos negativo: A inteligencia artificial deixa um pouco a desejar nos quesitos de diplomacia, seja no jogo base ou na dlc Gathering Storm, não chega a ficar injogável, muito pelo contrario o jogo fica mil vezes melhor com as dlcs, porém já me ocorreu situações em que civilizações que entravam em guerra comigo, nas reuniões mundiais elas eram as únicas que votavam para o fim da guerra (enquanto me comiam vivo depois da votação) esse tipo de coisa acontece com frequência. Meu veredito: Recomendo muito para aqueles jogadores que gostam de jogos de estratégias por turno e/ou geopolíticas, me entreteve por muitas horas e pretendo jogar mais, ainda não joguei o online. O preço do jogo é meio salgado, e recomendo comprar em alguma promoção, paguei 6 reais pelo jogo base e 9 pela dlc, confesso que pagaria até no máximo 60 pila, fora isso aconselho a esperar, espero ter ajudado na sua escolha."
188308576,37.0,True,0,"jogo muito viciante, acho impossível jogar menos que 5h por dia"
188286744,628.3666666666667,True,0,"Jogo é bom e interativo, tem comunidade ativa e dificuldades acessíveis."
188237533,114.45,True,0,"provavelmente o melhor 4x disponível, simples e intuitivo nos objetivos, variando diversas civilizações do globo o que deixa ainda melhor"
188135644,101.23333333333333,True,0,"100h de jogo e sinto que nem arranhei kkkk, muito bom"
188082833,2539.05,False,1,"O jogo é medíocre, massante e irritante, mas pelo menos tem uma comunidade amigável que produz muitos mods com melhorias. Se eu tenho que por mais de 100 mods pro jogo ficar divertido, então não dá pra dizer que o jogo é bom!"
188065308,50.666666666666664,True,0,Estratégia e planejamento interessantes e desafiadores. Gosto bastante da dinâmica do jogo.
187978806,70.05,True,0,"O melhor game de estratégia que já joguei! Mesmo perdendo algumas batalhas, a sensação de estar progredindo é muito boa e o jogo dá inúmeras possibilidades de chegar à vitória. Recomendo usar o mod ""Faster Game Speeds"" se não tem muito tempo pra jogar pois esse game exige pelo menos umas 5horas solo, com os amigos pode demorar muito mais, a menos que não pense em jogar uma partida toda em um dia. o mod deixa o jogo até 5x mais rápido. Jogado no steam deck, em 24hrs, 2 crashes, mas como salva entre turnos, nada crítico."
187973195,156.43333333333334,True,0,"O que dizer sobre Civilization 6? Agora posso realizar meu sonho: TRANSFORMAR O BRASIL NUMA POTÊNCIA, SER IMPERIALISTA SEM ESQUENTAR A CABEÇA, PASSAR POR CIMA DE POVOS BÁRBAROS, SEM A ESQUERDA E UMA RELIGIÃO MANEIRA! Jogão, vale muito a pena!"
187828188,728.6,True,0,"Jogo muito divertido, porém pesa muito nos turnos mais avançados."
187723673,246.61666666666667,True,0,"otimo jogo pra um dia sem muito o que fazer. É praticamente um teletransporte para o futuro, vc joga e quando vai ver já foi 10 horas."
187682151,800.9,True,1,"jogaço, voltei a me viciar no jogo depois que aproveitei uma promoção e peguei todas as dlcs e tenho a dizer que esse é um dos melhores do genero, to aproveitando pra platinar, o melhor civilization já feito"
187666017,29.5,True,0,Bota Happy Nation e Lay All your Love on me e domine o mundo
187657254,28.416666666666668,True,0,É legal ser esbugalhado por um bot e depois repetir tudo de novo ao som de link park
187646739,56.93333333333333,True,0,"preferi o ter na steam com o leader pass, é meu 4x favorito de todos os tempos"
187605529,12.583333333333334,True,0,joguei uma partida. De DOUZE HORAS!!!! catapimbas que jogo bom
187583367,1581.05,True,0,"Recomendo muito, no começo assusta lidar com as métricas mas com o tempo vc domina e a partir daí pode criar diversos cenários diferentes, ótimo pra masterizar com paciencia e estratégia"
166404517,272.9166666666667,True,0,"Obrigado Sid Meier, jamais serei capaz de agradece-lo o suficiente por esta obra prima. Edit: Acredito que pagando 650 reais pelo civ 7 foi o suficiente."
187507056,136.75,True,0,Ja o jogo desde quando er em dois disquetes. O primeiro. MUITO bOM.
187488656,98.43333333333334,True,1,"Dentre todos os lideres, Gandhi eh simplesmente o maior FDP quando controlado pela IA. Cu doce toda hora, chatao. Faço questao de fazer o possivel pra explodir a nação dele toda com bombas atomicas. S E M P R E!"
187448428,43.416666666666664,False,0,Desync Hoje! Desync Amanhã! Desync desde 2016! Um erro que persiste desde 2016 e a Firaxis só mete o ''Não Ligo'' para toda comunidade procurando por uma solução. Jogue Offline. 'Mas e se eu tiver amigos e quiser jogar online com eles?' Problema seu! A Firaxis não lhe deve satisfações! Apenas aceite que a cada turno vai dar Desync e procure soluções nos posts dos últimos NOVE ANOS e não encontre nada que resolva.
187431007,250.2,True,0,"talvez eu goste um pouco desse jogo (literalmente meu jogo mais jogado da steam disparado do segundo lugar). Mas é isso, senhoras e senhores, possivelmente o melhor jogo ja feito. So deus sabe o quanto de run eu comecei so pq eu tinha ouvido falar de uma skill absurda que comba com tal lider num mapa Y. Recomendo comprar apenas se estiver desempregado para ter tempo de jogar direito."
187237789,315.0833333333333,True,0,"Civilization VI é uma obra de arte dos jogos 4X! Nunca tive uma experiência com outro jogo, seja da franquia, seja deste gênero, porém posso afirmar que, após algumas horas de aprendizado das mecânicas básicas, o Civilization VI é um convite ao aprimoramento e desenvolvimento de sua nação. Cada partida é única e os caminhos a serem percorridos, desde a antiguidade até o futuro próximo, devem ser descobertos de maneira específica. As partidas são bastante longas, geralmente durando dias na velocidade padrão, porém o engajamento e o desenvolvimento gerado fazem com que o percurso seja sempre muito divertido e recompensador. (É claro que a tela de vitória ao final não deixa de nos recompensar também). Agora, na iminência do lançamento do próximo jogo da franquia, Civilization VII, devo seguir revisitando esta versão para escrever mais histórias épicas neste velho amigo."
187146431,297.6666666666667,True,0,"so many challenges it never gets boring. the more you play it, the more you hate it. the more you hate it, the more you play it. in the end you love it."
187115585,21.95,True,4,"Uma obra de arte que desafia a mente em vários níveis, promovendo desenvolvimento cognitivo, estratégia e controle emocional. ☺️"
186951351,160.0,True,0,"Viciante e difícil, quanto mais você joga mais quer jogar."
186841737,4943.383333333333,False,0,comprei o jogo civilization 6 ja joguei mais de 6 h e agora aparece uma mensagem dizendo que o jogo não é compativel ou seja depois de comprar e jogar varias horas voce é enganado
186766870,154.03333333333333,True,0,Eu gosto muito de Civilization. Esse jogo é muito legal.
186677835,37.8,True,0,se vc tiver paciencia pra ver ele acontecendoi é um ótimo jogo e vc perde horas e horas jogando se deixar
186654817,116.55,True,0,"VICIANTE, MUITO VICIANTE, NN EH ATOA QUE O JOGO CONTA COM UM RELÓGIO PRA AVISAR QUANTAS HORAS DA TUA VIDA C JÁ GASTOU NESSE JOGO"
184015347,1.15,False,1,"Não sei o que houve, mas mudaram demais a estrutura do jogo, parecendo aqueles joguinhos de Android... deram ""seis passos para trás"" nesse jogo... peguei numa promoção por 1 dólar, um dólar jogado no lixo. Muito infantil, muito chato, inauguraram o jogo de estratégia da boneca Barbie! Só faltou a mansão rosa da Barbie como uma das maravilhas do mundo. :( I don't know what happened, but they changed the structure of the game a lot, looking like those Android games... they took ""six steps back"" in this game... I picked it up on a promotion for 1 dólar, one dólar thrown in the trash. Very childish, very boring, they launched the Barbie doll strategy game! The only thing missing was Barbie's pink mansion as one of the wonders of the world. :("
186485282,64.18333333333334,True,0,"Uma melhora considerável na jogabilidade do civ v, que já erá ótimo"
186483382,52.06666666666667,True,0,"Esse jogo é incrível, mas se prepare que pra uma partida completa é bem demorado!"
186476712,17.85,False,0,"Uma versão piorada do 5, ms com gráficos pra mascarar. Péssimo"
186425959,42.733333333333334,True,0,"vilarejo pequeno, desenvolvimento econômico, expansão desenfreada, guerras religiosas, disputa de território, desenvolvimento tecnológico, bombas atômicas, guerra fria, explosão de todos os países. Partida média com amigos no Sivzin 10/10"
186425229,155.18333333333334,True,0,"Jogo maravilhoso,cada mais me sinto mais conectado com a cultura do jogo,é uma otima imersão dito isso recomendo,somente para aqueles preparados para uma gameplay que precisa de QI"
186419272,352.55,True,0,"Eu gosto muito de jogos de estrategia e rpg, acho q se vc gosta tbm deveria dar uma chance, é dificil de entender no inicio mas vc pega o jeito com o tempo"
186406586,768.9666666666667,False,0,"O jogo é uma bosta. Cheio de gente trapaceando e a valve tá cagando e andando, e não adianta compra premium que é a mesma porcaria. Compra um auxílio de mira, ou um hack de wall que você ganha mais."
186381853,45.68333333333333,True,0,"Top! Gastei algumas horas no YouTube pra aprender o básico, apesar do próprio jogo ter bastante informação pros iniciantes. Depois que vc aprende o mínimo pra poder jogar, o jogo passa a ser muito viciante e te instiga a explorar mais as mecânicas que vc vai descobrindo. Tem muitas civilizações diferentes e até o momento, só joguei com duas kk. Cada uma delas tem suas características que mudam a sua forma de jogar. Só tenho o jogo base e já acho bem extenso. Com as expansão, todo um universo deve se abrir, mas n tenho pressa. O jogo vale o tempo dedicado."
186269662,101.1,True,0,"Simplesmente fenomenal comecei a jogar uma campanha coma o japão de 500 turnos e não consegui parar fiquei horas jogando sem perceber o tempo passar foram 1 dia e 4 horas de gameplay que voaram!!! Trilha sonora excepcional e impactante, gameplay divertido e envolvente um prato cheio para quem gosta da temática e do gênero!!!!! comprei na promoção de fim de ano que tava a 3 reais kkkkkk mas digo que se tivesse condições pagava os 129 reais fácil pois poderia passar de 100h de gameplay que eu não ia parar kkkkk mas na promoção ou não recomendo muito esse jogo sério!!!!!"
186255683,320.25,True,0,"A barreira de entrada desse jogo é muito grande, aprender civ sem nunca ter jogado parece um TRABALHO. Mas meu irmão, depois que vc aprende... é um dos jogos de estratégia mais espetaculares que já joguei. Nunca me canso desse jogo, sempre acabo voltando pra ele. Se vc já tentou jogar e achou muito difícil, eu imploro: tenta de novo!!!!!!!!"
186122428,18.45,False,1,"Tem, mais ou menos, dois anos ou mais que eu comprei esse jogo e nem consegui jogar por mais de 20h, o jogo em si não é ruim, mas é muito chato, por causa que fica muito repetitivo antes do período Industrial(No período da idade media), a Arvore Cívica é bem chata e mais atrapalha do que ajuda, por causa das necessidades econômicas e militares trocando os Cívicos e o modelo de Governo, que mesmo eu admitindo que é uma melhoria em comparação com o modelo de Ideologia do CIV 5, o jogo não se ajuda com as hordas massivas de Bárbaros e o fato de que todas as nações tem ÓDIO de você, só por causa de uma pequena mudança no caminho de uma das vitorias, resumidamente o jogo é chato e muito, mas muito repetitivo e estressante, fazendo eu sentir falta do sistema de felicidade dos outros Civ`s."
186035716,940.0166666666667,True,0,"O jogo deu um salto de jogabilidade com muitas horas de replay com as expanções. A comunidade e os mods são um apelo a parte, trazendo desde melhoramentos na UI a mapas e mudanças significativas na jogabilidade aumentando ainda mais o temo que você fica engajado. Vale a pena a verão vendida com todos os pacotes."
185951292,15.933333333333334,False,0,"Puta de um jogo CHATO. Olha que adoro jogos de estrategia como Age of Empires ou de gerenciamento como Factorio. Tentei por 15 horas achar algo no jogo divertido mas nada. A parte de evolução das cidades não tem desafio a não ser ficar esperando o tempo de evolução. Já a parte militar é muito ruim, construir unidades é na mesma aba usada para expandir ou evoluir as cidades. E para tentar dominar outras cidades demora muito pq quem está na defensiva tem uma vantagem absurda. Pode ter sido eu que não tenha conseguido entender o jogo, mas após 15 horas jogadas definitivamente não me divertir nada com esse jogo."
185949165,951.3333333333334,True,0,jogo muito bom nao vejo a hora de ter 95% de desconto na continuação civ 7 alguém coloca tradução br nos mods por favorrr
26202536,103.73333333333333,True,0,"Mudei o Review. Jogo já está funcionando normalmente, um dos melhores da franquia. Tive que pedir reembolso. - Primeiro problema: Não conseguia dar Alt + Tab sem travar o game. Ok. Não darei mais Alt + Tab - Segundo problema: Vou dar uma paradinha pra tomar banho. Deixar eu salvar e sair. Não dá. Trava o PC e tem que reiniciar. (Tentei duzentas vezes) Ainda bem que uso SSD. Vendo esses problemas acima, reinstalei o game e a partir dai *não* funcionou normal novamente. Ficava só na tela de carregamento, ou quando passava não iniciava nenhum jogo só na primeira tela. Complicado. Aguardando reembolso. Um jogo novo desse, com 4 Gigas, estranhei. Espero que melhorem."
185947596,2.783333333333333,True,0,"Ao ver isso vestindo minhas havaianas (uma verde e outra amarela), um calção preto desbotado de 9,90 comprado na 25 de Março e usando minha suada camisa da seleção brasileira de 94 eu chorei lágrimas tupiniquins, levantei e bati palmas para esse exemplo de brasileiro patriota que acabei de ver na Internet no meu computador Positivo. Como estava com a janela (gradeada) aberta, dois vizinhos que estavam passando, um com a camisa do Flamengo e outro com a do Palmeiras vieram ver o que estava acontecendo. Ao contar para eles essa história maravilhosa desse verdadeiro exemplo patriota, eles esqueceram as diferenças de time e de estado e se abraçaram. Fomos no mercado comprar um pacote de bolachas, um pacote de biscoito, bandeiras do Brasil, vuvuzelas e tintas para pintarmos nossas faces de verde e amarelo. Enquanto voltávamos pra casa de mãos dadas cantando Coração de Estudante, um morador de rua que fora pracinha na Segunda Guerra Mundial nos parou pedindo dinheiro. Prontamente eu disse que o verdadeiro dinheiro nos está sendo roubado, pois o Brasil é rico em Nióbio e que o gigante FINALMENTE acordou. Assustado com tamanha revelação, ele se juntou a nós e fomos nós quatro, juntos, caminhando e cantando e seguindo a canção até o bar mais próximo comprar 2 litrão de Itaipava. Nesse mesmo bar passava na TV Globo um anúncio de William Bonner dizendo que Leonardo e Daniel resolveram formar uma nova dupla sertaneja, e que estava DECRETADO o início de mais uma sexta-feira. Choramos. E eis que, muito emocionado, um homem levanta de uma mesa do lado e pergunta se pode se juntar conosco e começa a puxar o coro de ""Deixa a vida me levar"". Choramos novamente. Este homem era ninguém menos do que Zeca Pagodinho. Ele se ofereceu para pagar a nossa conta, me trouxe bêbado pra casa de carona no seu quadriciclo e de quebra marcamos um churrasco no próximo domingo. Muito obrigado, OP. Seu amigo é um verdadeiro patriota e me inspirou a ser uma pessoa melhor."
185869321,402.53333333333336,True,0,vc sai da idade da pedra é vai pra lua muito foda tem ate o brasil
185823023,41.38333333333333,True,0,10/10 obra prima da criação humana em todo o seu glamour
185754618,104.53333333333333,False,45,"este jogo é bom mas o próximo a 2K ta de sacanagem! nunca que vou pagar ! 350/650R$ num jogo de nicho! ""ah porque é AAA"", ""gastaram muito pra produzir o jogo e tem que compensar"",""é a conversão do dólar!"" F*D*-S*, não vale isso!!!, um filme o ingresso custa 50R$ e já conseguem se pagar na maioria das vezes, não podem cobrar 120R$ que é o que o consumidor médio conseguiria pagar! no Brasil esses jogos não valem isso, só porque virou modinha essas empresas começaram a abusar e meter a faca no consumidor, e depois ficam put*s que seu jogo sai por torrent 3h depois do lançamento oficial! claro que com esses preços vocês estão patrocinando justo oque não querem que aconteça! quando o pacote ultimate tiver por 160R$ ai sim vou pensar se compro o jogo! 350/650R$ no SC7 nunca! o jogo é bom e se tiver em promoção compre vai se divertir por horas mas com os preços abusivos não vale a a pena, não seja louco de comprar na pé venda e patrocinar essa pratica!"
185612457,115.73333333333333,True,0,"Melhor jogo de estratégia do mercado, jogo sempre para passar tempo !!"
185374164,85.76666666666667,True,0,Minha vida Minha vitamina Meu meio Social Minha dr#ga civ 6
185312739,38.86666666666667,True,1,>comece uma civilização >vire descubra a frança >vire amigo da catarina de médici >ela coloca um espião na sua capital >destrua o império francês jogasso.
185223344,162.96666666666667,False,0,"Depois de alguns turnos jogando, o turno de um adversário nunca irá terminar. O jogo não trava, mas o turno do adversário não termina e mesmo reiniciando o jogo, nada muda e naquele turno específico o jogo estará encerrado. Você pode desistir do jogo e começar outro, mas pelo menos 50% das vezes sua partida será destruída por um turno interminável. Infelizmente as ultimas atualizações destruíram o jogo com esse bug do turno infinito."
160003294,190.35,True,1,"O jogo é muito bom, mas demora para começar a entender o jogo, depois que você aprende a jogar o jogo fica muito divertido e fica melhor ainda jogando com amigos !"
184978686,102.98333333333333,True,0,"Se pegou numa promoção vale muito a pena, principalmente se curte o genero 4x"
101153128,26.366666666666667,True,0,"É muito difícilzinho, mas uma hora tu aprende.... uma hora..."
184889644,15.983333333333333,True,0,muito bom o sistema de batalha é encrivel e o modo em que conseguimos espandir o empérrio é senssasional
184837124,140.95,True,0,"Muito estratégico e viciante, recomendo demais pra quem curte esse gênero"
184797801,122.65,True,0,"Um jogo de estratégia muito bem pensado e desafiador, porém bastante intuitivo. Acredito que o único ponto negativo é não ter um modo competitivo nativo."
184791857,63.35,True,0,"Primeira hora: um que jogo difícil, acho que não vou continuar Terceira hora: kkkkk peguei uma cidadezinha pequena 300 HORAS DE JOGO: SENHORES IREMOS INVADIR A INGLATERRA PELO SUL"
184682304,74.15,True,0,"O único defeito desse jogo é que é muito viciante, quando eu vejo o dia já está amanhecendo lá fora e eu to ferrada lol"
184632352,35.833333333333336,True,0,"Uma sugestão para iniciantes, abusem das customizações de partida até aprender as mecânicas. Um ""problema"" comum da série para os novatos, um início lento torna o jogo muito mais difícil e ainda mais lento. Para os que já conhecem as mecânicas principais, o jogo está mais fluído que a versão anterior, mas não gostei muito dos mapas gerados no modo padrão."
184588798,40.45,True,0,"FODA PRA KRL, EU TAVA LA E BUM, E DEPOIS BOING BOING, E LOGO APÓS KATCHAUN, e todos morreram"
