review_id,author_playtime_forever,voted_up,votes_up,clean_text
229898112,94.56666666666666,True,0,"eu desenvolvi uma relação toxica entre ódio e amor com este jogo, não busque a conquista ''abrace o vazio'' se você não for um psicopata."
231418738,12.683333333333334,True,0,Um dos melhores single players já existentes. Historias incrível e com uma gameplay de classe!!
231401097,108.7,True,0,"Um dos melhores jogos do genero que ja joguei, movimentação fluida, historia interessante, ambientação escura e com ar de misterio, mapa bem feito, bosses bem legais, e ainda e possivel batalha novamente com eles quando bem quiser, a unica coisa que eu nunca gostei mesmo foi desta mecanica de deixar as moedas do jogo cairem ao morrer e ter que voltar para pegar elas para não perder, de reto o jogo e muito bom."
231400537,60.2,True,0,"COM CERTEZA, pode ser até difficil mas exploração é muito boa"
231397678,9.883333333333333,True,0,o jogo é bom mas maldita seja a porra da vila dos louva deus eu quero explodir aquela porra de lugar uma dica antes de ir pra la tenta pegar algumas mascaras antes pq la é o inferno
231380284,1.2333333333333334,True,0,"Meu primeiro Soulslike, no começo quando vi esse jogo pela primeira vez eu não me interessei de primeira, e só achei que era apenas um jogo visualmente bonito, mas quando eu joguei pela primeira vez, eu não só achei ele bonito, eu praticamente me apaixonei por ele, nunca tinha jogado soulslike na minha vida, mas quando joguei esse jogo praticamente ele me fez amar soulslike, Recomendo muito essa maravilha de jogo"
231368077,78.63333333333334,True,0,blah blah blah valeu o mais do que eu paguei
231329929,45.55,True,0,jogo bom pra caralho o que mata e a fase 3 do coliseu que fez eu pegar traumatismo craniano de tanto usar o cerebro
231329167,55.916666666666664,True,0,"Sem palavras, eu era um daqueles que achava que o jogo era ruim e superestimado, estava parado à 2 anos em minha conta, e só este ano eu fui jogar, e, agora que eu fiz dois finais, eu posso dizer, está no meu top 3 jogos indies, arte ABSURDA, bosses incríveis (MENOS O DESALMADO DESGRAÇADO DO MAWLEK, O NOSK, OS CAVALEIROS SENTINELAS E OS IRMÃOS ORO & MATO) tem bosses que são difíceis, mas a bossfight é tão divertida que você nem consegue dar rage (o melhor boss do jogo é as irmãs Louva-Deus a propósito) e é isso oque eu tenho para falar sobre esta obra prima nomeada de Hollow Knight."
231327949,16.633333333333333,True,0,já zerei esse jogo no meu nintendo umas 30000 vezes recomendo de mais
231320139,65.6,True,0,"PERFEITO. esse meu jogo favorito mesmo estando no começo ainda o jogo muito bom, gráfico 10/10 trilha sonora 10/10, a única parte ruim que o mapa e muito confuso e é difícil encontrar o cornifer em algumas áreas"
231314163,41.916666666666664,True,0,"jogo muito bom, so não é o melhor pq não tem sexo"
231312436,68.11666666666666,True,0,"""Só vou jogar 30 minutos."" 6 horas depois: Perdido Sem Geo Mentalmente destruído Procurando um banco há 20 minutos Obra-prima."
231310823,76.15,True,0,"Melhor jogo do planeta, aqui uma lista de coisas boas desse jogo: - Ambientação - Arte visual - Trilha sonora - Historia PERFEITA - Personagens - Dificuldade - E muitas outras coisas que é dificil até de pensar"
231309450,94.06666666666666,True,0,ja jogava no xbox porem quando comprei pela steam percebi o do porque falavam tão bem dos mods simplesmente um jogaço
231309253,162.98333333333332,True,0,"jogo muito bom, gameplay absurda, história perfeita e muito divertido. O único problema é que dá raiva as vezes"
231300861,3.9833333333333334,True,0,"n recomendo o knight usa mascara o jogo inteiro dito isso, compre esta obra de arte"
231286643,56.8,True,2,"Esse jogo me devastou de diversas formas. Ou eu ficava sofrendo em uma luta difícil ou eu ficava sofrendo em alguma parte da lore. É um jogo lindo e melancólico tanto na parte visual quanto na parte da história. Já aviso que não é um jogo pra todo mundo, ele vai te punir em todos os momentos possíveis, um vai e volta sem fim e você vai ficar perdido várias vezes, mas pra quem gosta desse tipo de desafio é um prato cheio. Hollow Knight entrou facilmente na minha lista de jogos favoritos da vida. Recomendo muito!"
169153957,93.93333333333334,True,0,"esse jogo merece uma dlc que vai demorar pra lançar e acabar se tornando outro jogo, eu sinto isso ....."
231254559,73.53333333333333,True,0,"O melhor jogo que já joguei na minha vida, no começo é um inferno, o mapa parece um labirinto, mas depois de um tempo, você pega o jeito do jogo e começa a ficar mais fácil, mas vai continuar difícil. Só uma última coisa EU ODEIO TODOS OS PANTEÕES."
231251604,8.316666666666666,True,0,"Meu primeiro jogo indie 2d de história, recomendo esse jogo exclusivamente para o pessoal que nunca experimentou um jogo indie, ou um 2d com história longa. Eu recomendo que comprem na promo que geralmente tá 23.49, nesse valor pra mim valeu totalmente o gasto pq é um jogo diferente do padrão que eu jogo, e me fez eu começar a gostar de jogos nesse mesmo estilo..."
231249839,48.65,True,0,JOGO MUITO BOM FIQUEI 48 HORAS JOGANDO E COMPREI O SEGUNDO JOGO E TA MUITO BOM ESSE JOGO RECOMENDO
197736341,458.6333333333333,True,0,que jogo dá porra. estou no aguardo de hollow knight: silksong 2
231244148,188.83333333333334,True,0,"𝑺𝒊𝒎𝒑𝒍𝒆𝒔𝒎𝒆𝒏𝒕𝒆 𝒖𝒎𝒂 𝒐𝒃𝒓𝒂 𝒅𝒆 𝒂𝒓𝒕𝒆, 𝒖𝒎 𝒅𝒐𝒔 𝒎𝒆𝒍𝒉𝒐𝒓𝒆𝒔 𝒋𝒐𝒈𝒐𝒔 𝒒𝒖𝒆 𝒋𝒂 𝒋𝒐𝒈𝒖𝒆𝒊 Hollow Knight é um daqueles jogos que você começa sem esperar muito e acaba viciado. A exploração é muito boa, a trilha sonora é incrível e os chefes são desafiadores na medida certa (às vezes dá vontade de quebrar o teclado kkkkk) Vale cada centavo"
231243424,138.81666666666666,True,0,"Jogo perfeito, mas agora estou preço em um mundo no qual sonho com esse jogo, eu nunca mais vou entrar nele mesmo ele sendo perfeito com musicas lindas e bosses que parecem danças mas, platinar ele foi loucura"
231241533,70.46666666666667,True,0,"Diabólico de dificil, Mas compensa cada único segundo, É simplesmente cinema este jogo."
231239708,73.16666666666667,True,0,"cara eu subestimei muito esse jogo, gráficos lidos, jogabilidade divina, uma história emocionante e batalhas de tirar o folego, eu recomendo muito e um jogo que você não vai se arrepender"
190466602,170.15,True,0,"Recomendo, jogo maravilhoso. Sem dúvidas meu jogo favorito até hoje ao contrário do que muitos falam, o jogo não te larga no meio do nada... é até bem fácil comprar o primeiro mapa"
158482915,48.68333333333333,True,0,"O jogo n e para amadores , tentar platinar ou fazer speedrun requer muita determinação e esforço, mais se vc for jogar só pelo RP o jogo e muito bom , tem um das melhores mecânicas de luta uma trilha sonora bem calma e daora nas lutas recomendo demais que joguem quem n der uma chance n sabe o ouro que está perdendo"
231223246,169.8,True,0,"> Começe o jogo 23hrs da noite só pra ver como é a jogabilidade > Pisque o olho e veja que já é 3hrs da manhã > Não consiga parar de jogar, já amanheceu > Vá trabalhar virado > Se perca > Explore cada canto do mapa > Encontre a batalha contra as lordes louva-a-deus > Se apaixone ainda mais pelo jogo > Se perca² > Encontre o esgoto da cidade, lugar amaldiçoado > Se perca³ > Encontre um lugar escuro cheio de bicho que não para de fazer barulho, é ainda pior que o esgoto > Depois de morrer 65 vezes para os cavaleiros sentinelas mate o ultimo sonhador, uhul você vai finalizar o jogo > Mate o boss final e zere o jogo > Descubra que fez somente 1 dos 5 finais > Não zere o jogo > Fique obcecado pelas conquistas e pelo 100% > Explore o mapa inteiro canto por canto do jogo, agora voce não se perde mais (é mentira) > Sua irmã vai te ajudar contra seu irmão > Entre na cabeça dele > ""Eu vou lutar contra o sol?"" > Mate a mariposa arrombada na cabeça do seu irmão > Ache o Panteão > Chegue no panteão final > Ache a mariposa que lança espada que voce achou na borda do reino > Cade a porra do chão > Seja trucidado pela mariposa 3 vezes > Fique insadecido > Mate a mariposa no porão ate conseguir o nivel radiante nela > Xingue todas as gerações da familia dela > Chegue no final do panteão > Ache a mariposa da cabeça do seu irmao de novo > Ela tomou anabolizante > Seja trucidado > Fique insadecido > Repita os mesmos passos que fez com a mariposa que lança espada > ""Ascenda no panteão de hallownest e tome o seu lugar no pico"" > Seja feliz 10/10"
231223109,112.0,True,0,"Recomendo essa maravilha, para todos os desempregados e todos que não tem preguiça. Muita foda esse jogo, me irrito bastante, mas mesmo assim sempre volto a abri-lo novamente."
231222964,17.883333333333333,True,0,"muito bom,a sensação de explorar o mundo aberto,derrotar chefes e descobrir segredos é incrivel.Ainda mais com compatibilidade de mods.O jogo é maravilhoso"
231210985,21.433333333333334,True,0,o jogo e fluido e tem uma mecânica muito boa de jogar a única coisa que não gostei e que ele não fala pra onde você tem que ir
231200374,5.15,True,0,"matei mosca gigante, matei louva deuses, me perdi no ninho profundo, e matei um sapo gordão, e morri pra um mosquito, melhor jogo da minha vida"
231185443,44.016666666666666,True,0,"jogo de piroca grande, menos o palacio branco coisa de viado"
231174534,19.5,True,0,"Você abre o jogo pela primeira vez fecha e desiste Volta 1 ano depois e Vicia Decide platinar SIMPLESMENTE O MELHOR JOGO DO MUNDO! Jogue imediatamente Quem diz que esse jogo é ruim, não é humano"
231171531,48.15,True,0,"jogo perfeito. segunda vez que faço todas as conquistas e não me arrependo de cada momento passado com esse jogo. apenas um dos melhores, se não o melhor, jogo indie já feito."
231169734,58.55,True,0,"Uma imersão magnifica, um jogo cheio de músicas, lutas e ambientação maravilha, melhor jogo que joguei na minha vida"
231166140,54.11666666666667,True,0,muito bom recomendo por ser um jogo desafiador se for sua primeira vez jogando e estiver perdido e so ver a playlist do cleiton neo games no youtube
231160908,60.13333333333333,True,0,"Jogo muito bom e viciante, tem partes mt difíceis e divertidas de jogar. RECOMENDO MUITO"
231158107,52.983333333333334,True,0,SE VC FALA Q ESSE JOGO E RUIM VC NAO MERECE VIVER
231154931,57.833333333333336,True,0,"caralho,que jogo perfeito,namoral,eu me mataria,perderia minhas memorias,jogaria denovo e denovo,num ciclo eterno,quem ainda nao jogou isso tem algum problema ou so e pobre mesmo"
231154047,7.2,True,0,"recomendo não fazer o desafio de quando morrer reiniciar tudo sem ter zerado primeiro, igual eu"
231150415,138.26666666666668,True,0,"O que dizer sobre esse jogo? é um dos melhores jogos indies já feitos e isso é inegável, o jogo é bonito, divertido, desafiador, tem trilhas sonoras lindas, chefes e npc's incríveis e memoráveis e mais um monte de coisa. se um dia você tiver a oportunidade de jogar Hollow Knight, jogue, você não vai se arrepender. se ficar perdido é só usar a bússola, não seja o cellbit"
231136621,48.93333333333333,True,0,"jogo muito bom, lore incrivel, porem para quem é desprovido de abilidades, é impossivel gostar"
213022142,103.05,True,0,"Jogo maravilhoso, lindo, perfeito, formoso, tudo de bom. Só não acho os chefes muito desafiadores, com exceção da radiancia absoluta que muito provavelmente é o único chefe realmente difícil do jogo devido a condição que você tem pra lutar com ela. De resto, a trilha sonora do jogo é impecável, pra quem gosta de metroidvania esse jogo vai ser maravilhoso. Eu cresci jogando castlevania e metroid, achei que não curtia mais o gênero, mas esse jogo me provou o contrário. Valeu cada centavo, pagaria mais, obrigado por me proporcionar essa experiência."
231120772,30.85,True,0,"é um jogo cheio de coisas pra fazer, historia impecável, design incrível, não existe outro metroidvania que chegue aos pés desse, a melhor obra que eu já joguei, a dificuldade desse jogo não é tão alta, a não ser contando com as coisas secundarias que vc queira fazer, se quiser todas as conquistas e o final dos panteões você vai ver o que é a verdadeira dor, mas em resumo, é uma das melhores experiencias que eu tive com um jogo"
231120010,11.0,True,0,"jogo incrivel, historia que mesmo sendo dificil de pegar no inicio, apos algumas play fic extremamente cativante. Bosses surreais de unicos e jogo nao massante"
231114946,57.38333333333333,True,0,"Cinema 2, comecei a jogar depois de terminar SilkSong no emulador de Nintendo Switch, que jogo bom, depois de SilkSong achei até umas partes fáceis, muito bom ver como o jogo é, a narrativa, a história, os acontecimentos, realmente, que jogo realmente bom"
231088670,48.016666666666666,True,0,"A história não tem nem o que falar, jogabilidade então... Delicinha, dificuldade... Depende, dá para ficar maluco caso seja inesperiente. Conclusão: ABSOLUTE T ZÃO 🙂‍↔️"
168733814,278.0833333333333,True,0,muito bom os gráficos a gameplay é tudo incrível. vale cada centavo do dinheiro pago
231075409,9.683333333333334,True,0,"Já joguei este jogo e zerei em um port para mobile, joguei mais de 50 horas e é simplesmente meu jogo favorito, tudo nele é praticamente perfeito desde a jogabilidade, cenários, músicas, bosses e etc. Ele sem sombras de dúvidas é o meu jogo favorito e sempre vai estar no meu coração."
231070922,68.7,True,0,"No início demora para gostar porque é bem difícil pela falta de mapa, mas com o tempo e paciência você consegue o mapa e entende o jogo. É muito divertido."
231067799,63.15,True,0,"jogo bom demais, mas computadores velhos igual o meu travam na luta da Hornet Sentinela, no Cânion da Névoa e na Cidade das Lágrimas. recomende pra crianças, elas vão achar bem facinho e vão ficar BEEEEEEM felizes"
231065708,35.666666666666664,True,0,"Excelente, mas podia ser um pouco mais fácil, esquiva que faça esquiva já ajudaria, um parry tbm ..."
231061487,107.73333333333333,True,0,"Esse jogo é daqueles de que você sofre, sofre e sofre um pouco mais, mas toda a dor que tu recebe acaba valendo a pena"
231056761,121.03333333333333,True,0,"JOGO BOM, BONITO, DIVERTIDO E DIFICIL DO JEITO QUE EU AMO"
229272949,84.21666666666667,True,0,"O jogo é muito bom e vale super a pena. No começo você pode ficar um pouco perdido, mas quando pega o ritmo da exploração e se acostuma com o combate, o jogo te prende totalmente. A jogabilidade é bem fluida, os chefes são desafiadores mas justos, e a trilha sonora é excelente. Dá para passar dezenas de horas jogando sem enjoar. Recomendo bastante."
231052767,65.61666666666666,True,0,Nível de dificuldade intermediário pra difícil. Bom para passar o tempo e testar a paciência;
48597683,263.06666666666666,True,0,"hollow knight é meu jogo favorito de todos os tempos. é impressionante como um estúdio indie de três pessoas conseguiu fazer o que eu considero o melhor metroidvania já criado, e praticamente reviveram o gênero como um todo depois desse lançamento. acredito fortemente que hollow knight é o ápice do padrão de qualidade que todo metroidvania moderno aspira em ter. se você ainda não jogou, tá perdendo um dos melhores jogos já feitos."
231027717,43.31666666666667,True,0,sla não enjoei em umas 2 horas e para de jogar
231025825,12.316666666666666,True,0,"O jogo tem uma gameplay muito divertida, ambientação do cenário é magnifica e trilha sonora muito boa. Recomendo demais para fãs de jogos indies de exploração e plataforma e também para fãs de franquias como Castlevania e Metroid."
231023225,38.96666666666667,True,0,jogaço so tem alguns problemas como a existencia do zoti e não dar pra pegar a mulher do cornier mas o resto e incrivel
231022750,58.766666666666666,True,0,"Este jogo é ótimo, embora tenha me estressado em alguns bosses, eu super recomendo."
231018128,43.68333333333333,True,0,"Esperei finalizar o jogo para vir aqui e escrever a minha primeira análise. Na primeira hora de jogatina com esse jogo já pude perceber o quão diferente ele era. Quanto tempo fazia que eu não jogava algo que me tomava tanto a atenção que eu não via a hora em jogar novamente... História, personagens, visual e trilha sonora colossais. Nem todas as horas jogadas são o suficiente para saciar a vontade em desejar retornar à Hollownest. Não sei quantas vezes eu parei em Dirtmouth, próximo ao inseto Ancião, apenas pra ouvir aquela trilha sonora que pqp. Que prazer indescritível foi jogar essa obra-prima."
231017160,67.2,True,0,"Hollow Knight é um daqueles jogos que provam que um estúdio pequeno pode criar uma obra-prima. O mundo de Hallownest é vasto, misterioso e recompensa a curiosidade a cada nova área descoberta. A sensação de explorar sem saber o que vem a seguir é simplesmente fantástica. O combate é preciso, desafiador e extremamente satisfatório. Cada chefe exige aprender padrões e melhorar como jogador, tornando cada vitória realmente memorável. A dificuldade pode ser alta em alguns momentos, mas raramente parece injusta. A direção de arte desenhada à mão é linda, acompanhada por uma trilha sonora que transforma cada região em uma experiência única. O jogo consegue transmitir emoção e melancolia quase sem precisar de diálogos. Além da campanha principal, há uma enorme quantidade de conteúdo opcional, segredos, finais alternativos e desafios para quem busca completar tudo. Platinar o jogo exige dedicação, mas a sensação de conquista compensa cada hora investida. Prós: Mundo vasto e repleto de segredos. Combate preciso e recompensador. Chefes memoráveis e desafiadores. Direção de arte e trilha sonora excepcionais. Excelente custo-benefício, com dezenas de horas de conteúdo. Contras: O início pode parecer lento e confuso. Em alguns momentos, é necessário voltar por áreas já exploradas. A dificuldade pode afastar jogadores menos pacientes. Nota: 10/10"
231017107,23.883333333333333,True,0,"uma obra prima, simplesmente o melhor jogo ja feito em toda a historia dos games, eu sinto inveja de quem vai jogar esse jogo pela primeira vez, 1000000/10"
231015371,84.53333333333333,True,0,Inglês: team chery Espanhol: equipo de cereza Francês: équipe de cerises Alemão: Cherry-Team Italiano: squadra delle ciliegie japones: Cherī chīmu
231014671,43.35,True,1,"Não espere um jogo linear, com história mastigada e indicativos de onde você deve ir ou do que deve fazer. No início é meio confuso, mas se você persistir vai presenciar uma história incrível. Fora as animações e artes do jogo que são perfeitas, trilha sonora impecável. 10/10 Sem defeitos."
220108101,29.316666666666666,True,0,"o jogo todo é muito bom apesar daquela sensação de não saber pra onde ir e sempre estar meio perdido ,até porque é a proposta do jogo"
230991748,25.383333333333333,True,0,tudo nesse jogo e muito massa recomendo para voces jogadores.
229859963,102.88333333333334,True,0,estou quase perdendo a sanidade mental jogando isso mas o jogo e muito bom
230978873,109.23333333333333,True,0,"Comece o jogo, se perca, mate um boss, faça um upgrade."
230976251,85.96666666666667,True,0,"Talvez eu tenha perdido toda minha sanidade mental, mas valeu a pena"
204712138,139.31666666666666,True,0,"até que eu gostei, o único problema é que foi muito fácil, deveria ser mais difícil na minha opinião"
212627664,39.6,True,0,"Jogo excelente, gráficos bonitos, historia envolvente e jogabilidade simples de entender, dificuldade evolui muito bem, a medida que você evolui ela evolui, super recomendo o jogo."
230949218,108.23333333333333,True,0,"Simplesmente a oitava maravilha do mundo moderno, o melhor jogo já feito na humanidade!!!!"
230948848,63.0,True,0,hollow kinit e muito bom eu queria saber oque e essa tal espeedrun eu peguei a 1 e 2 algum pode me explicar
230948522,25.433333333333334,True,0,"gráficos muito chamativos, gameplay fluida e principalmente, uma história muito envolvente!!!"
230931908,37.416666666666664,True,0,"Um dos sem jogos favoritos sem dúvidas, acredito que ainda joguei pouco do jogo, mas recomendo fortemente, ao longo do game aprendemos a lidar com qualquer criatura e no final nada assusta igual ao começo. Começo a ver beleza em cada local do mapa e musica, simplesmente uma obra de arte, estou ansioso para jogar o próximo."
230921047,2.933333333333333,True,0,"Hollow Knight – Um jogo lindo, com boa ambientação e uma trilha sonora mais sombria. É difícil na medida certa, mas gostaria que tivesse niveis de dificuldade. A princípio pode parecer chato, mas depois você aprende, seja sozinho ou com a ajuda de guias. Um dos pontos negativos é que o jogo possui diversos caminhos, tornando fácil se perder mesmo com o mapa, além de limitar alguns recursos de propósito, o que pode aumentar a sensação de desorientação. Em termos de jogabilidade, prefiro Silksong; para mim, foi um avanço considerável. Enfim, é um dos meus jogos favoritos."
230924091,168.23333333333332,True,0,"MELHOR JOGO QUE JÁ JOGUEI!!! História muito boa, dificuldade alta, mas não impossível, e não enjoa. Recomendo muito!"
206152798,293.3,True,6,"melhor jogo da minha vida sem a menos dúvida, uma das minhas primeiras experiências com jogos mesmo e foi inexplicável, simplesmente perfeita, demorei pra pegar o jeito, fiquei 5 horas no louva-deus, 10 horas no nightmare grimm, umas 30 horas nos panteões mas a cada inicio é um abraço que o jogo me dá. meu jogo de conforto 1000% e o knight é a coisa mais fofa que tem, então fica bem mais fácil de jogar, sempre vou tentar converter alguém pra jogar essa obra prima, pode ser um simples jogo indie? sim, mas é perfeito, fala muito além de um cavaleiro derrotando boss, é muito além disso, é sobre esperança quando parece que não tem pra onde ir. e odiamos o zote. espero nunca parar de jogar, e se um dia eu parar é pq claramente parei de respirar. e é sempre bom ensinar os betinhas a jogar essa divindade. recomendo eternamente"
204196872,16.95,True,1,"Perdendo a minha sanidade a cada dia que eu entro nesse jogo pra desfrutar da arte e da sabedoria de como pensar em quebrar a tela do meu monitor, mas tirando isso, obra prima."
230873763,24.8,True,0,"apenas o melhor jogo ja criado nessa terra, compre sem pensar duas vezes"
189394602,82.23333333333333,True,0,É MUITO FODA SER UM BESOURO QUE BATE EM TODO MUNDO
230871211,67.95,True,0,"Jogo bom da pega, To com medo de zerar e ter que começar de novo, mais to doido pra zerar, maldita Team Cherry por ter feito um jogo tão bom"
230870428,40.81666666666667,True,0,Senhoras e Senhores... Esse jogo é sensacional! ~Obs.: Você irá se perder centenas de vezes.
230859970,36.88333333333333,True,0,Jogo infernal que foi conquistando meu coração aos poucos. Joguei primeiro no console e comprei no PC recentemente pra fazer a segunda playthrough e em busca da platina
230856340,153.38333333333333,True,0,"MELHOR JOGO JA CRIADO NA HISTORIA, vc deve enjoar no inicio, mas e recomendado a voltar a jogar. so demorei quase 1 ano pra platinar, bem dificil mesmo, mas compensa bastante"
230855150,251.23333333333332,True,0,"Jogo visualmente e auditoriamente (?) lindo, dificil de um modo equilibrado. Tirando a merda do 5º panteão seria uma platina mais legal recomendo"
212724711,166.71666666666667,True,0,"O ápice absoluto do mundo dos jogos.Hollow Knight não é apenas um metroidvania; ele é a maior obra-prima que a indústria independente (e talvez a geral) já produziu. Comprar este jogo pelo preço cheio parece quase um roubo de tão barato pelo que ele entrega.⚔️ O que torna este jogo o melhor do mundo?Exploração Orgânica Perfeita: Hallownest é um labirinto interconectado vivo. O jogo não te pega pela mão com setas ou tutoriais chatos. Você se perde e se acha pelo puro instinto de curiosidade.Combate Cirúrgico: Os controles são milimetricamente precisos. Cada pulo, ataque e esquiva dependem 100% da sua habilidade. O sistema de Amuletos (Charms) permite que você monte a build perfeita para o seu estilo de jogo.Chefes que são uma Dança: Lutas como as das Mantis Lords, Sisters of Battle e Grimm não são apenas combates, são espetáculos coreografados onde você precisa aprender o ritmo do inimigo.Atmosfera Magnífica: A direção de arte desenhada à mão é impecável. Cada bioma tem sua própria alma, desde a melancolia da Cidade das Lágrimas até o perigo do Ninho Profundo.Trilha Sonora Imortal: A música de Christopher Larkin dita o ritmo da sua jornada. Ela te faz chorar de tristeza em um momento e te enche de pura adrenalina no segundo seguinte.Conteúdo Infinito: O jogo base já é imenso, e ele ainda vem com 4 DLCs gratuitas inclusas que adicionam chefes absurdamente desafiadores (estou falando com você, Panteão de Hallownest).📝 VereditoSe você gosta de desafios justos, exploração profunda, histórias misteriosas e uma ambientação impecável, Hollow Knight é obrigatório. Ele estragou outros jogos para mim, porque o padrão de qualidade dele é simplesmente inalcançável.Nota: 11/10 (Favorito da vida)"
230841422,19.733333333333334,True,0,"Eu tive meu primeiro contato com Hollow Knight assistindo às lives gravadas do Alanzoka. Foi a partir daí que uma nova jornada começou na minha vida. Desde então, me tornei completamente apaixonado pelo universo de Hollow Knight. Para quem busca um ambiente único, com gráficos 2D misturados com elementos em 3D, este é o jogo certo. O combate é extremamente imersivo, acompanhado por trilhas sonoras dignas de uma orquestra. Falando da história, Hollow Knight se passa em um mundo habitado por pequenos insetos que possuem consciência e personalidade. No entanto, uma misteriosa infecção começa a afetar suas mentes, levando muitos deles à loucura e à morte. Com medo, os poucos sobreviventes se escondem para tentar sobreviver, enquanto os mais corajosos se aventuram nas profundezas do antigo reino de Hallownest em busca de respostas, honra e coragem, com o objetivo de colocar um fim nessa situação caótica. *Selo de jogaço!*"
192072299,7.366666666666666,True,0,"Review — Hollow Knight Hollow Knight é uma obra-prima do Metroidvania moderno: belo, desafiador e cheio de personalidade. Desenvolvido pela Team Cherry, combina exploração orgânica, combate preciso e uma atmosfera melancólica que permanece com você muito depois de desligar o jogo. Visuais e som - Arte: Desenho feito à mão, com cenários sombrios e personagens memoráveis — cada área tem identidade própria. - Trilha sonora e efeitos: Trilha instrumental discreta e eficaz; os sons ambientais aumentam a sensação de solidão e mistério. Jogabilidade - Exploração: Mapa interconectado, cheio de atalhos, segredos e áreas opcionais; o sistema de navegação recompensa curiosidade. - Combate: Combate técnico e justo; inimigos e chefes exigem padrões de aprendizagem e reflexos apurados. Movimentação responsiva com variedades de habilidades que expandem possibilidades (dash, wall-jump, poderes). - Progressão: Sistema de almas e máscaras (vida) que equilibra risco e recompensa; ampliações e amuletos permitem builds variados e escolhas táticas. Design e conteúdo - Dificuldade: Desafiador, especialmente certos chefes; proporciona sensação de conquista, mas pode frustrar jogadores casuais sem persistência. - Narrativa: História sutil e fragmentada — descoberta via exploração, diálogos e ambientes; enredo com temas de perda e decadência que recompensa atenção aos detalhes. - Rejogabilidade: Alto valor por colecionáveis, finais alternativos e desafios extras. Pontos fortes - Atmosfera imersiva e coerente. - Combate refinado e responsivo. - Level design inteligente e cheio de segredos. - Excelente relação conteúdo/valor, especialmente com DLCs gratuitos que expandem o jogo. Pontos fracos - Curva de aprendizado e picos de dificuldade podem afastar alguns jogadores. - Mapa sem marcação automática de objetivos pode confundir quem prefere direção mais explícita. Conclusão Hollow Knight é obrigatório para fãs de Metroidvania e jogadoras (os) que apreciam exploração sombria, combate técnico e mundo ricamente detalhado. Um dos melhores indies desta geração — profundo, belo e desafiador. Nota: 10/10."
214734585,45.766666666666666,True,0,"Hollow knight, um mundo sombrio, escuro e gigante de insetos, magias e seres superiores. Acompanhamos um pequeno inseto vazio, o Knight, ele não tem falas e não sente nada, apenas avança. Em um modelo metroidvania, não tem uma rota pré definida, ou seja, da liberdade para o jogador matar os chefes quando quiser, acessar áreas por outras passagens e quando bem entender, a história vem de pequenos detalhes, relatos de NPCs, itens e entre outros. Simplesmente, esse jogo é muito bom, a arte, a ambientação são muito bonitos, tudo isso feito por 3 pessoas, um grande projeto bem otimizado que roda até em celular. Sinceramente, se está pensando em jogar, apenas compre, admire e joge no seu tempo."
230833131,43.05,True,0,morri pelo menos 30 vezes pra todos os bosses mas apesar de tudo eh zika
230809827,50.93333333333333,True,0,"simplesmente incrível, não tenho palavras para descrever o quão imersivo e intenso esse jogo é. nunca tinha jogado algum metroidvania na minha vida e amei esse jogo, foda pra caralho recomendo demais"
230809153,56.233333333333334,True,0,"jogo maravilhoso toda vez que penso me da vontade de jogar, virou meu jogo favorito"
230807841,64.45,True,0,"Jogo incrível porem ou você ama ou odeia, eu dropei o jogo 3 vezes e até mesmo reembolsei. Depois de 3 tentativas frustradas de jogar o jogo, busquei entender o genero do jogo, compreendi genero e aprendi a gostar porem o jogo ainda não tinha me fisgado, após isso tudo resolvi comprar ORI em uma promoção aqui na steam, após compreender mais sobre o genero e me acustumar com ele, fui novamente tentar jogar HK, e nessa tentativa me apaixonei. Hoje tenho action figures, wallpapers e ate mesmo speedruns e estou a 2 conquistas de platinar o jogo. No meu ponto de vista HK não é um jogo de entrada para o metroidvania, mas pra quem ja entende como funciona e ja tem experiencia com esse tipo de jogo é um ótimo game. Pra mim é um jogo perfeito."
230801852,77.58333333333333,True,0,"Agradeço ao meu amigo Jubarte Gamer por me recomendar essa obra de arte. Um jogo muito viciante. No início, pode ser um pouco difícil e, em certos momentos até tiltante, mas explorando o mapa, você vai descobrindo coisas novas que facilitam o jogo aos poucos, deixando a experiência muito mais divertida. Recomendo Hollow Knight para todo mundo. Por favor, joguem essa maravilha! 10/10"
230797993,106.05,True,4,"Não se engane! O jogo pode custar 46 reais, mas isso é apenas 10% do dinheiro que você vai gastar no jogo pq os outros 90% é de uma tal DLC chamada terapia em que você conta ao boss terapeuta o quanto de raiva você sofre jogando esse jogo e o quanto que você gosta de sofrer. O boss as vezes pode te atacar com ataques como: você é um masoquista, busque um outro hobby, dê uma pausa que tiram metade da sua vida!!!!!! Não se deixe ser acertado por esses ataques, pois será muito dificil de se curar Enfim, tirando o meme de lado esse jogo é uma obra de arte. Nunca me divertir tanto jogando alguns bosses na vida. Eu esperei pra escrever essa analise quando eu vencesse o pantheon 5 e meu deus como foi dificil essa jornada. Enfim eu recomendo esse jogo se você gosta de se desafiar sabe? Boa sorte ^_^"
230797268,92.56666666666666,True,0,"é uma obra prima. os gráficos, a música, a jogabilidade fluida, o mundo em que se passa, TUDO! me arrependo de ter demorado tanto pra jogar esse jogo, mas ele faz jus à fama que tem. é maravilhoso explorar o mapa em todos os seus detalhes, cenários e trilha sonora, o jogo pede para ser admirado. a movimentação é um grande destaque pra mim; depois que você pega o jeito com os controles você percebe como o jogo é dinâmico, e explorar os mapas de hallownest fica ainda melhor (menos o ninho profundo... aquilo não tem salvação). e além de tudo isso, o jogo te oferece muita liberdade: ou você escolhe explorar tudo e pegar o máximo de recursos e ficar o mais forte que conseguir, ou você pega o mínimo necessário para liberar o boss final e vai com o seu ferrão básico enfrentá-lo. esse jogo me trouxe boas memórias de quando eu jogava na infância, de descobrir uma passagem secreta numa fase e o alívio de passar de um chefe difícil. há outros jogos que fazem isso, não é algo inovador, mas a simplicidade me trouxe uma nostalgia diferente. enfim, quatro pessoas fizeram uma das melhores experiências com videogames que eu já tive na vida, e com certeza entra pra lista dos meus favoritos."
230793681,27.916666666666668,True,0,"um jogo bem bom mas fica uma dica, se vc n tem paciência comece a rezar pq vc vai c estressar facilmente aqui"
229562988,45.21666666666667,True,0,"Muito bom, super recomendo, se você estiver com muita paciência eu recomendo jogar no alma de aço"
230789015,93.53333333333333,True,0,"tudo nele é bom, as musicas, o design, os chefes, os inimigos, a historia, simplesmente jogue se puder, a melhor parte é explorar e ficar cada vez mais forte, vc se sente recompensado por isso."
230769542,47.93333333333333,True,0,"Ótimo jogo. Graficos simples, porém envolventes. Gameplay um pouco dificil, mas com insistencia se consegue avançar. Vale todo o esforço..."
230760971,82.8,True,0,Tem nem o que falar né pai é Hollow Knight
192553580,51.766666666666666,True,0,Sem duvidas um dos melhores jogos que eu já joguei meu proporcionou muitas amizades e esse jogo é uma parte muito importante da minha vida e eu só tenho a agradecer a esse jogo maravilhoso
230727039,71.51666666666667,True,0,"Hollow knight é uma obra prima, eu amei do começo ao fim, o design dos lugares são lindos, a música é emocionante, gostei bastante da lore do rei pálido junto do receptáculo puro, platinei esse jogo com muito esforço, o panteão de hollownest é pra poucos mas a glória de dizer que passou é demais. recomendo super povo"
230725190,51.9,True,0,"Quando comprei Hollow Knight, não esperava muito do jogo. Joguei algumas horas e parei, tava chato; 1 semana depois eu entrei de novo e simplesmente o jogo virou absolute cinema do nada, eu joguei sem parar ate fazer o 1° final. Não foi nessa conta que eu comecei a jogar o jogo, no meu save da outra conta tinha +128 horas de gameplay kk. Recomendo muito esse jogo, apenas compre e jogue, agora vou ir para minha aventura em Hollow Knight: Silksong 🔥"
230725025,45.7,False,2,"Este jogo faz de tudo para você parar de jogar; ele praticamente implora de joelhos para você desistir. E não digo isso pela dificuldade, eu sou apaixonado por jogos extremamente difíceis e do gênero soulslike. O problema é que este jogo tenta te vencer pela exaustão. Cerca de 80% do tempo é gasto fazendo backtrack, passando pelas mesmas áreas e enfrentando os mesmos inimigos. O detalhe é que os monstros normais do mapa não são difíceis (é quase impossível morrer para eles), são apenas chatos e cansativos. O design do mapa claramente te obriga a dar voltas desnecessárias para chegar a um lugar específico. Certos caminhos e atalhos ficam bloqueados após alguns eventos da história, impedindo que você use a rota mais rápida para o seu objetivo. Isso te obriga a dar uma volta imensa por um caminho que você já passou mil vezes antes. Um trajeto que você faria em 2 minutos passa a levar 10 apenas caminhando. Os chefes também NÃO SÃO DIFÍCEIS. Pelo contrário, têm mecânicas extremamente normais. O que os torna chatos é que a dificuldade é artificial: eles ganham pelo excesso de status de resistência e vida. As lutas não são desafiadoras, são apenas maçantes, já que você precisa ficar batendo no chefe por muito tempo até ele cair. A progressão do mapa é outro pesadelo. Eu sofri um maldito softlock que me deixou preso por horas até entender o que estava travando a minha jornada. O jogo não te dá indicação ou pista alguma de onde procurar as coisas. Em um mapa enorme, onde o deslocamento já leva muito tempo, é torturante ter que procurar o objetivo da MISSÃO PRINCIPAL às cegas. Eu entendo esconder coisas em quests secundárias, mas na principal? PO*** Não faz sentido. Inclusive, basta ler os patch notes para ver que os desenvolvedores lançaram atualizações para corrigir softlocks(só consegui sair do softlock pois um amigo me deu spoiler do que fazer). A prova dessa falha de design é que, ao matar um dos chefes principais da história, recebi uma conquista mostrando que apenas 25% da base de jogadores o derrotou. Isso mostra claramente que os players não conseguem chegar lá simplesmente por não saberem para onde ir em um mapa gigantesco. Sim, o jogo é extremamente bonito, isso é um fato(tem outras qualidades também). No entanto, ele tem vários outros pontos negativos que ofuscam completamente as suas qualidades. Para piorar, a base de jogadores é insuportável e defende o jogo cegamente. Eles ignoram características que claramente tornam o gameplay ruim, apenas para proteger o estúdio por conta de todo o seu histórico."
230723345,65.9,True,0,"Nunca pensei que vagaria por um reino em ruinas de uma outrora gloriosa civilização de insetos, mesmo assim, foi bom demais enquanto durou. Para sempre será lembrado Meu Mano Besouro, valeu por cada viagem e por cada historia contada."
230721507,37.36666666666667,True,0,"Que jogo incrivel, eu só estou desinstalando ele porque tenho outros jogos para jogar, a jogabilidade e Otima os cenarios são lindos, e a história é muito boa"
230718787,65.23333333333333,True,0,"Demorei, mas valeu a pena Demorei a dar chance a Hollow Knight - demorei a comprar e depois que comprei, demorei a começar a jogar. Quando finalmentei comecei a jogar Hollow Knight, a primeira experiência foi um pouco confusa - tanto que joguei um pouco e dei uma pausa no jogo, mas depois de um tempinho longe, resolvi dar mais uma chance e fui de cabeça no jogo. E não me arrependo disso - na verdade, me arrependo de não ter feito isso antes. O jogo é uma obra prima, gameplay, estética/gráficos, trilha sonora, ambientação e narrativa num nível muito alto. A dificuldade do jogo é no ponto certo, você vai ter um desafio ou outro para passar de certa parte do jogo ou em algum boss, mas nada que seja impossível - ou quase nada -, com paciência e ao tempo que você vai masterizando a gameplay e as mecânicas do boss, vai ficando mais tranquilo. Enfim, acho que dá para resumir a análise dizendo que não é exagero afirmar que Hollow Knight definiu a régua para o que é um Metroidvania de excelência. Recomendo demais o jogo, acho que é quase um must play para quem gosta de videogame."
230710567,62.083333333333336,True,1,"Jogo muito bom, me viciei em menos de uma semana, só tomem cuidado ao baixarem mods, pois podem acabar modificando informações do jogo, nesse caso é só você pegar um editor de saves e corrigir o erro, também tomem cuidado com a troupe do grimm, quando você bane ela você nunca mais poderá ativar ela denovo, só se iniciarem outro save ou corrigirem o erro pelo editor"
230700920,68.68333333333334,True,0,"Esse jogo é dificil nessa porra vai se foder, eu quero que esse jogo morra, 67 horas de sofrimento nisso desgraça"
230695454,34.11666666666667,True,0,"Este jogo é perfeito, não tem o que criticar nele, o jogo é feito para pessoas que querem desenvolver uma boa coordenação motora, feito para quem quer sofrer em um jogo kkk, qualquer avaliação contra esse jogo é totalmente irrelevante."
230689464,117.21666666666667,True,0,jogo lindo visualmente e as musicas são incríveis conteúdo absurdo simplesmente cinema
230680492,190.53333333333333,True,0,"E um jogo muito bom, se voce nao tiver jeito com teclado ou controle, e muito dificil de jogar, recomendo muito, vale o preço, alem de eu se entreter muito com ele, nao enjoa nunca porque tem muita coisa pra fazer alem do modo normal, se voce e um jogador experiente com teclado ou controle, recomendo demais!!!"
230678634,46.21666666666667,True,0,fazer os Panteões te faz ter vontade de enfiar uma garrafa de vidro na bunda 10/10
230658459,28.933333333333334,True,0,"voce joga, voce avança no jogo, voce pega o ferrao dos sonhos, voce luta com um chefe dos sonhos, voce surta, 10 de 10 recomendo"
230650411,51.516666666666666,True,0,"Jogo cinema puta que pariu, historia foda pra caralho, personagens bem trabalhados"
230642448,17.883333333333333,True,0,"esse jogo só vai acabar com a sua sanidade mental o quanto mais vc jogar ele, ent recomendo"
230641138,114.33333333333333,True,0,"Que delicia de jogo hein, bom tirando as vezes que eu fico perdido nesse mapa gigante, o resto é foda demais!!"
230638100,82.21666666666667,True,0,"Sinceramente, jogo este jogo desde meus 9 anos, e admiro muito tudo que esse jogo possui, sua arte, sua trilha sonora, simplesmente perfeito. não tenho palavras o suficiente para dizer como e tal obra de arte."
230635335,85.56666666666666,True,3,"-encontro um caixao e entro no lar dos deuses -faco o primeiro e o segundo panteao e penso ""que tranquilo"" -morro pro sly 15 vezes -chegando no quarto panteao ytava muito facil ate achar o pure vessel -2 dias de dor e sofrimento -mato ele e vou ao quinto panteao -morro pro nosk alado 5 tentativas diferentes -10/10 nao recomendaria rdte jogo nem ao meu pior inimigo, acabou com minha vida"
230621667,98.2,True,1,Meu jogo favorito. Amei a exploração do jogo e o combate/movimentação que apesar de parecer simples tem muito no fundo para aprender como POGOS e outras coisas pra poder finalizar os desafios mais difíceis do jogo
205966953,67.91666666666667,True,0,"Negócio difícil da desgraça. Paguei para tomar no c#... dito isso, é um jogo maravilhoso. A gameplay é extremamente satisfatória, com ótimas mecânicas de combate, exploração muito boa e uma dificuldade que vai testar bastante sua paciência. Em relação à história, ela é muito interessante e cheia de mistérios. O jogo não entrega tudo de forma fácil, fazendo você explorar e juntar as peças para entender melhor aquele mundo. (Dito isso, não entendi nada 😁👍) A trilha sonora é magnífica, a atmosfera é incrível e a experiência como um todo é marcante. Recomendo para quem gosta de sofrer. Jogaço."
230611855,106.93333333333334,True,0,"Começo o jogo, me perco, morro para um porradão, 10/10"
230611476,59.11666666666667,True,0,"Hollow Knight é um dos melhores jogos que já joguei,quando tinha mais ou menos uns 6 anos,comecei a jogar mas parei de jogar por achar muito dificil,agora com 11 anos eu voltei a jogar e me superei de um jeito insano. Hollow Knight é conhecido por ter chefes dificeis e que faz muita gente desistir,mas para jogar esse jogo você precisa de paciencia,um pouquinho de habilidade e determinação,eu não tinha quase nenhuma habilidade quando voltei a jogar,mas fui jogando e aprendendo coisas novas e melhorando na habilidade de jogar,você vai ficar viciado com o jogo,pode parar algum dia mas depois você vai viciar denovo. Hollow Knight é um jogo de aventura,luta,ação e indie. Tem graficos muito bons e bonitos e você fica relaxado com a musiquinha e o local onde você está,as trilhas sonoras são ótimas e iconicas. Jogo Excelente,joguem que vale muito,mas muito a pena."
230597668,25.2,True,0,o jogo e muito bom gosto do estilo e da trilha sonora o problema e a dificuldade mas o resto e muito bom
230595553,38.0,True,0,If you are searching for a lifechanging gaming experience this is the game!!!!
230579700,93.63333333333334,True,0,"obra prima dos jogos de plataforma metroidvania mundo rico batalha divertida e desafiadora, o unico problema é q tem muitos bugs violentos (literalmente)"
230577330,39.86666666666667,True,0,"Jogo bom pra caramba! Foi minha primeira experiência de fato (já tive uma prévia anteriormente) e curti demais a lore do jogo, as trilhas sonoras também são muito fodas. Não tive vontade de platinar e nem fazer o 112% hoje, mas quem sabe em outro momento; com certeza deve valer a pena. Cada centavo gasto foi como um investimento, estou ansioso para jogar Silksong agora."
229000032,100.38333333333334,True,0,"Abrace o Vazio Jogo muito divertido. A trilha sonora e a história são fudidamente boas, as partes de plataforma, o combate, as boss fights, a exploração tudo é muito bom em Hollow Knight. A platina é chatinha por conta dos panteões mas muito bacana de se conquistar. Apoie jogos indies. 10/10."
230572399,65.0,True,0,"É um dos melhores jogos que já joguei na minha vida. Com toda certeza um dos mais desafiadores também. O game é muito bonito visualmente, a jogabilidade é muito interessante, os bosses são muito bons(e também sempre possuem uma história que vai dar um peso para eles). Um dos grandes pontos é a trilha sonora desse jogo simplesmente absurdamente boa. Explore e entenda o jogo, sinta ele e preste atenção no que você está fazendo. É uma masterpiece 10/10 um dos meus favoritos."
230569155,146.41666666666666,True,0,muito legal a lore do jogo e tem varias habilidades legais
230559787,15.383333333333333,True,0,"Este jogo é simplesmente incrível! Tem um cenário assustador e ao mesmo tempo aconchegante, faz você querer continuar sempre a jogar. Admiro a história como foi escrita e todo o resto."
230555527,7.533333333333333,True,0,Passei 40 minutos tentando matar a bosta de um tatu porque não tinha entendido o poderzinho novo
230548022,23.95,True,0,Jogo incrivel e viciante.Vale cada centavo investido. Não é a toa que é um dos melhores metroivania lançados até hoje.
230540805,83.15,True,0,"muito bom, a história é muito boa e para saber precisa ler todo, sem contar as batalhas contra os bosses"
230540129,107.08333333333333,True,0,eu achei o jogo muito foda eu gostei dele porque as lutas contra os boses são incriveis os efeitos sonoros são muito bom e a musica da luta contra as lordes louva-deuses dá vontade de largar o teclado ou o controle pra ouvir a musica foda que toca eu recomendo muito vale muito apena
94765097,140.63333333333333,True,0,Entendi porra nenhuma da lore mas achei absurdo o jogo.
230513089,63.63333333333333,True,1,"bao demais, é fundamental ter esse jogo na conta da steam, jogar esse jogo devia ser uma das metas de vida de 90% da população mundial"
230506156,35.416666666666664,True,0,"O jogo tem uma trilha sonora incrível, explorar as áreas com a música que passa é muito relaxante, possui chefes difíceis de derrotar tanto quando você consegue se torna a melhor sensação de todas, todos os lugares e ambiente desse jogo são maravilhosos menos aquele inferno de ninho profundo, espero nunca mais precisar voltar naquele lugar. Em geral é uma nota 10/10, e eu ainda não zerei o jogo, mas sei que vou em busca de platinar"
204736596,201.63333333333333,True,0,"Obrigado, Team Cherry. Eu nunca imaginei que um jogo pudesse me prender por 190 horas e ainda me fazer querer voltar. Hollow Knight virou um daqueles jogos que ficam na memória muito tempo depois de terminar. Explorar Hallownest, descobrir segredos sem ninguém me dizer onde ir, morrer dezenas de vezes para alguns chefes e finalmente conseguir vencer... tudo isso fez a experiência ser especial. Dá para perceber o carinho que vocês colocaram em cada detalhe: a arte, a trilha sonora, os personagens, o mundo e a forma como a história é contada. É um jogo que respeita o jogador e recompensa a curiosidade.Hoje posso dizer, sem exagero, que Hollow Knight é o melhor jogo que já joguei.Então, só queria deixar um sincero obrigado por criarem essa obra. Tenho certeza de que ela marcou a vida de muita gente, inclusive a minha. E, quando chegar a hora, mal posso esperar para platinar Silksong. Agradecimento, Cafe"
230496008,36.35,True,0,"Um dos melhores jogos que eu já joguei. Divertido, intrigante, empolgante, recompensador, difícil E LINDO na medida certa"
230495317,46.31666666666667,True,0,"Jogo muito bonito artisticamente e com uma gamaplay de combate bem satisfatoria, a unica coisa que pdoe afastar a galera e que no começo você fica completamente perdido sem saber oq tem que fazer, mas depois de um tempo tu ja pega a manha, bosses bem legais com cada mecanica diferente, obviamente alguns sendo facies ou outros que chegam a ser beem difecies mas tirando isso o jogo em si é bastante bom 9,5/10"
230492663,54.65,True,0,literalmente muito dificil de de pegar certas abilidades melhor jogo da historia
144446361,220.46666666666667,True,0,---{ Gráficos }--- Você esquece o que é realidade Muito bonito Bonito Decente Ruim Parece que foi feito em MS-DOS ---{ Jogabilidade }--- Viciante Muito boa Boa É só gameplay Melhor assistir à parede secar Prefiro arrancar meus olhos com uma colher ---{ Áudio }--- Obra-prima Muito bom Bom OK Ruim Meus ouvidos estão sangrando ---{ História }--- Vai mudar sua vida Muito boa Ok Sem história O enredo foi escrito por uma batata História? Que história? ---{ Tempo de Jogo }--- Muito curto (0 - 3 horas) Curto (3 - 10 horas) Tempo de sobra (10 - 30 horas) Longo (30 - 80 horas) Muito Longo (80+ horas) A vida é infinita ---{ Preço }--- Vale cada centavo Numa promoção vale a pena Muito caro Melhor doar esse dinheiro ---{ Bugs }--- O jogo é perfeito Pequenos bugs Incomoda às vezes Cyberpunk no lançamento O jogo em si é um grande bug ---{ Diversão }--- Vai consumir sua alma Muito divertido Divertido Passatempo Entediante Melhor fazer outra coisa da vida ---{ Veredito }--- RECOMENDO NÃO RECOMENDO
161259758,387.73333333333335,True,0,só o fato de ter um rola bosta no bagulho ja deixa perfeito
185221601,111.41666666666667,True,0,"===Gráficos=== 🔲Atari 🔲140p 🔲Aceitável 🔲Bom 🔲Ótimo 🔲The Witcher 3 🔲Red Dead Redemption II ✅Cada frame foi pintado por Da Vinci ===Requisitos=== 🔲Qualquer coisa que conduza energia 🔲Uma calculadora com 1 pilha ✅Um celular 🔲Um i5 com uma GTX 750TI 🔲No minímo uma GTX 1660 🔲Pc com CPU e GPU muito boas 🔲4xRTX2080TI ligadas numa hidroelétrica ===História=== 🔲História? que história? 🔲Tem uma historinha 🔲Uma história bacana 🔲Uma história digna de prestar atenção 🔲É sobre a vida real 🔲Feita pelo Tolkien ( prepare seus lenços ) ✅Platão escreveu junto com Machado de Assis e virou novela das 21h. ===Jogabilidade=== 🔲Precisa de dois dedos pra jogar 🔲Aceitável (4 dedos pra ser específico) 🔲Jogabilidade bacana ✅Jogabilidade excelente ===Complexidade=== 🔲Jogo da velha é mais complexo 🔲Fácil de entender ✅Fácil de aprender, difícil de dominar 🔲É daqueles jogos que as pessoas ficam estudando 🔲Precisa de, no mínimo, 2 doutorados ===Dificuldade=== 🔲Você escolhe a dificuldade 🔲Seu cachorro consegue 🔲Da pra zerar com uma batata de controle 🔲Fácil 🔲Médio ✅Quase Dark Souls 🔲Dark Souls 🔲Você precisa de reflexos instantâneos e 4 mãos ===Tempo de jogo=== 🔲Da jogar enquanto ouve 1 música 🔲6h 🔲12h 🔲24h ✅48h 🔲100h+ 🔲Você começa, seu neto termina ===Áudio, músicas=== 🔲Beep 🔲É melhor jogar no mudo 🔲Aceitável 🔲Muito bom 🔲Músicas escritas por Hans Zimmer ✅Mozart escreveu junto com Beethoven ===Bugs=== ✅Nunca vi nenhum 🔲Pequenos bugs 🔲Pode ficar irritante 🔲Pode estragar a gameplay 🔲Nivel de Assassin's Creed: Unity ===Publico=== 🔲Crianças 🔲Adolescentes 🔲Adultos 🔲Moradores do porão da mãe que comem maionese ✅Tudo e todos ===Compensa Comprar? === 🔲IT'S FREE ✅Preço justo 🔲Compre se tiver dinheiro sobrando 🔲Espere uma promoção 🔲Caro demais não recomendo 🔲Mais fácil você queimar seu dinheiro Gostou, me premia ai pls???"
230474282,58.53333333333333,True,0,"É um jogo simplesmente incrível, a ambientação, musica. historia, tudo nesse jogo dá para ver o carinho e dedicação que os desenvolvedores tiveram nele, até o npc mais comum tem algo que se diferencia do demais, é um jogão da porra."
174085358,117.83333333333333,True,4,"i do hate pantheon of hallownest, but it is ONLY because of hornet nosk and breeder mawlek"
230465232,29.95,True,0,"Jogo perfeito, não tenho nem palavras pra expressar meu amor por ele, dá pra ver que foi feito com muito amor e cuidado, adoro jogos indies e esse sem duvidas está no meu coração pra sempre."
158654470,272.06666666666666,True,0,"jogo muito bom, história boa, jogabilidade ótima, mas vc vai perder toda sua sanidade jogando"
230451824,95.18333333333334,True,0,"jogo incrível, muitos modos de desafio variados e as batalhas com essas musicas tem deixa uma imersão digno de oscar. parabéns a equipe Team Cherry e que tragam mais jogos assim"
230428918,5.983333333333333,True,0,"essa poha é masterpiece, top jogos da minha vida sem duvidas. zerando pela segunda vez, que venha o 112%"
230424858,206.88333333333333,True,0,é bom. não precisa de muito pra gostar e é bem feito e prefiro esse jogo do que silksong incrivelmente
229890817,83.53333333333333,True,2,"Um jogo incrível, e com um preço excelente! Vale a pena a compra"
198521695,122.65,True,4,esse te jogo te faz da prazer quando vc sair de casa e sentir raios solares
230400056,81.73333333333333,True,1,"Uma das minhas melhores experiências, este jogo é incrível, a arte e a trilha sonora são magnificas, a jogabilidade é bem feita e a história, embora seja simples é impressionante. 10/10"
230399704,43.95,True,0,"Mecânica maravilhosa, boss incomparáveis, trilha sonora de deixar de pau duro. Mas o jogo é uma porra, dificil pra cacete, metroidevania do krlh, horas pra passar de uma mosca minuscula, jogue se tiver muita paciência caso não, desista dos seus sonhos e morra"
230396971,102.9,True,0,"Isso não é um jogo, e sim uma obra prima! Feita por uma pequena equipe."
230386955,124.08333333333333,True,0,"Se você começar a jogar, se sentir perdido e estiver desanimando, NÃO DROPE AINDA. Senti a mesma coisa, mas um amigo meu me deu um suporte mínimo por umas 2 horas e já foi o suficiente pra entender. Depois disso é so perfeição"
230379985,7.016666666666667,True,0,"recomendo esse jogo, ele e para aquela pessoa que tem muito tempo fiquei por 6 horas jogando e n sai da metade do jogo, mais o jogo e otimo"
229774859,104.61666666666666,True,0,"Melhor jogo de todos os tempos. Nunca pensei que um dia seria abençoado com uma experiência tão gloriosa de se ver e de se sentir. Sua trilha sonora faz você transcender para um mundo espiritual muito, muito, muito distante, onde apenas a existência de insetos é tolerada. Por isso, esse jogo deveria ser considerado uma das Sete Maravilhas do Mundo Moderno. 10/10."
224446593,49.7,True,0,É um jogo incrível. Um mapa muito legal e com bastante coisa para descobrir e boss fights muito loucas. Recomendo
230352595,46.53333333333333,True,0,"Eu me vicei tanto que peguei 20H em dois dias ( virei duas noites seguidas, ainda bem que tô de férias ), passei raiva pra um kralho pq na segunda vez que fui enfrentar a hornet passei vários minutos nela até descobrir que dava pra upar o ferrão. Tirando isso, extremamente recomendável"
230349620,56.516666666666666,True,0,"esse jogo me deu tsao dps de jogar. ele é sensacional, trilha sonora incrivel e os mods externos sao melhores ainda, so tive muita diiculdade na luta do rei do pesadelo"
230348498,48.96666666666667,True,0,tudo muito divertido e dificil rende muitas horas de diversão
230343861,65.53333333333333,True,0,zote lindo sensual maravilhoso incrivel forte esplendoroso magnifico avassalador grandioso
230340363,103.61666666666666,True,0,Com certeza um dos melhores jogos que joguei até hoje!
230339718,44.6,True,0,"joga e faz o 112, não corre atraz de platina"
230337761,39.13333333333333,True,0,"Barato demais pra qualidade desse jogo, um dos jogos mais complexos e com mecanicas unicas que eu já joguei, a historia é perfeito, mas meio dificil de saber completa jogando uma vez"
230317794,71.15,True,0,"jogue se quiser ser inteligente, o único lado ruim é que só da pra fazer 112% e não 200%"
141073014,141.45,True,0,O panteão de Hollownest é a encarnação do mito de Sisifo.
230309577,12.783333333333333,True,0,"hollow knight é bom, não sei mais o que dizer"
230309255,31.85,True,0,"o jogo é bom, jogabilidade e a história, esse jogo é maravilhoso."
230307850,46.86666666666667,True,0,jogo hotimo e meu favorito porem o tanto que eu passei raiva no terceiro boss nao foi pouco e eu nao sabia oque fazer la no parkour pra ir pra cidade das lagrimas mas recomendo
230306518,22.333333333333332,True,0,"Nas cinzas de um reino profundo e calado, Um berço de insetos, de glória esvaziado, Desce o pequeno fantasma, capa a flutuar, Com seu velho ferrão, pronto para lutar. Pelas ruas de Hallownest, envoltas em dor, A praga laranja consome o esplendor. Sem mente ou vontade, forjado no Vazio, Enfrenta o abismo, silente e frio. Nem deuses, nem monstros detêm sua missão, Contra a luz ofuscante, ele traz escuridão. Para selar o antigo mal e a paz restaurar, Fica o Cavaleiro Vazio nas sombras a velar."
230303926,62.88333333333333,True,0,"otimo jogo pra tirar do tedio, ou, pra quem quer um jogo com uma dificuldade dificil, dependendo da pessoa pode ser impossivel de zerar. bosses bem dificil como Radiancia ou os lordes-louva-deus ( dificil para mim os lordes! ), muitas pessoas podem ter dificuldade no inicio mas, confia em mim, depois de um tempo o jogo fica Medio ( nem tao dificil nem tao facil ). otimo jogo pra quem for comprar ou jogar!"
230293347,40.016666666666666,True,0,"e completamente inacreditavel como um jogo tão simples pode ser tão perfeito, jogo ele a mt tempo mas so agr lembrei de avaliar"
208282997,131.03333333333333,True,0,"Outro jogo que eu ouvia falar mas tinha receio em experimentar, apenas jogue, caso se sinta sem objetivos veja guias e faça seus objetivos, explore e curta a vibe incrivel que esse jogo transmite, absolute cinema senhores, que jogasso 11/10 (Platinado)"
143818394,206.8,True,2,A obra mais linda já feita. A obra mais especial para mim. A obra mais importante da minha vida. A obra mais simbólica da minha existência. A obra mais transformadora. A obra mais inesquecível.
230267571,14.083333333333334,True,0,"é um jogo muito detalhado e bonito, com gráficos estupendos, que faz você se divertir muito jogando"
230261764,146.66666666666666,True,0,"briga de inseto, literalmente um besouro contra a fudendo deusa da luz, tem como ser mais foda do que isso? a platina desse jogo é mais difícil que a de cuphead e olha que nem platinei cuphead. que pena que a continuação não foi tão foda quanto o primeiro."
230258611,70.76666666666667,True,0,"ótimo jogo. boa gameplay, design trilha sonora e lore. compensa demais"
230255249,8.316666666666666,True,0,entrei no jogo e morri para uma mosca muita massa
230248017,63.15,True,0,"Jogo onde tu vai sentir um pouco de tudo, mas principalmente vai morrer... e não é pouco, é MUITO, e de maneiras até inesperadas (malditos mosquitos de todos os tipos nesse jogo). Tu vai chorar por NPCs (ou por perder todo o dinheiro depois de passar horas farmando), vai se sentir mais perdido que cego em tiroteio procurando o caminho no mapa, vai passar raiva por ficar horas tentando derrotar um único boss... Mas, no final, vai conhecer um dos jogos mais bem feitos que existem, com uma ambientação incrível, personagens memoráveis, uma direção de arte linda, uma trilha sonora impecável e, principalmente, uma lore fantástica! 11/10 ദ്ദി◝ ⩊ ◜.ᐟ"
230246088,105.1,True,0,"melhor jogo indie que eu ja joguei, mas recomendo vc preparar sua sanidade mental"
230239964,6.916666666666667,True,0,"Hollow Knight* é um dos melhores jogos do gênero metroidvania e merece ser recomendado pela qualidade de sua experiência. Desenvolvido pela Team Cherry, o jogo se destaca por apresentar um mundo vasto, interligado e repleto de segredos, incentivando constantemente a exploração e recompensando a curiosidade do jogador. Um dos seus maiores pontos fortes é a ambientação. O reino de Hallownest possui um estilo artístico desenhado à mão que transmite uma atmosfera única, combinada com uma trilha sonora envolvente que intensifica os momentos de exploração, mistério e combate. Cada área possui identidade própria, tornando a jornada sempre interessante. A jogabilidade também merece destaque. Os controles são precisos e responsivos, permitindo que o jogador desenvolva suas habilidades ao longo da aventura. O sistema de combate é simples de aprender, mas oferece profundidade suficiente para enfrentar inimigos e chefes desafiadores. Além disso, o sistema de amuletos permite criar diferentes estilos de jogo, aumentando a variedade e a personalização da experiência. Outro aspecto marcante é a narrativa, que é apresentada de forma indireta. Em vez de explicar tudo ao jogador, o jogo incentiva a descoberta da história por meio de diálogos, descrições de itens e da própria exploração do cenário, tornando a experiência mais imersiva. Por fim, *Hollow Knight* oferece uma excelente relação entre qualidade e conteúdo. Com dezenas de horas de exploração, desafios opcionais, finais diferentes e expansões incluídas sem custo adicional, o jogo proporciona um enorme valor para quem aprecia aventuras desafiadoras e bem construídas. Por todos esses motivos, *Hollow Knight* é uma recomendação fácil para qualquer pessoa que goste de exploração, combates desafiadores e uma história envolvente. É um jogo que consegue unir arte, trilha sonora, jogabilidade e narrativa de forma excepcional, tornando-se uma experiência memorável."
230235780,21.466666666666665,True,0,"Se eu fosse escrever um texto falando sobre tudo que esse jogo fez na minha vida, certamente faltaria linha para descrever o quão lindo e incrível esse jogo é. É e sempre será meu jogo favorito, eu queria perder a memória e jogar essa obra de arte novamente para ter a mesma experiencia novamente, platinei esse jogo no PS4 e agora vou platinar na steam tbm, pq esse jogo merece tudo que tem, muitos falam mal, mas, nunca jogaram até o fim ou nunca prestaram atencão no q estavam jogando, pq tudo nesse jogo é bem feito, cm certeza o jogo que marcou a minha vida, tenho mto a agradecer sobre ele, amo muito esse jogo e para sempre ele será meu top 1."
230210537,114.76666666666667,True,0,MUITO BOM (pena que é muito dificil algumas partes tipo o castelo branco )
230186297,60.3,True,0,"muito bom, passei 3 dias tentando matar a radiance mas finalmente consequi, esse jogo consequio me viciar facil"
230180656,18.4,True,0,ele fez muito a minha vida eso gratidao a esse jogo maravilhoso e complexo kkk
230177526,118.36666666666666,True,0,"Simplesmente um dos melhores jogos que já joguei, já platinei e ainda não consegui parar de jogar, simplesmente uma experiência incrível que vale cada centavo"
230172972,89.8,True,5,"Jogo muito bom, so demorei 80 horas pra zerar pq nao tenho coordenação motora msm, mas valeu a pena."
230172582,85.63333333333334,True,0,"A humilhação de jogar esse jogo é o que te vai te fazer se sentir feliz(mentira). Mas o jogo é muito bom, zerem e tentem platinar igual a mim kakakaka."
230167158,125.31666666666666,True,0,"Esse jogo consumiu minha alma e meus pensamentos. Nunca morri tantas vezes em um único jogo, sigo no Trial of the Fool após cerca de 50 tentativas e estou apenas ligeiramente mais perto de terminar, e ainda tem coisas bem piores pela frente. Recomendo"
230165295,7.7,True,0,"É baum, evite sair ruchando aprenda as mecânicas dos boses, e aproveite."
230161905,22.616666666666667,True,0,"bom, trilha sonora boa, bons gráficos, boa história, mas tem q ter paciência 😸💖"
230158728,55.483333333333334,True,0,"jogo incrivelmente bom, personagem memoraveis e muito bem desenhados, amo muito esse jogo."
230157418,121.46666666666667,True,0,"jogo otimo, muito lindo, recomendo joguem e entenderão, o jogo em si e muito lindo e também legal, divertido, especialmente pelo mistério e as histórias de alguns personagens."
230156413,27.3,True,0,MELHOR JOGO DA MINHA VIDA. PUTA QUE PARIU. HOLLOW KNIGHT MELHOR DOQUE BEIJAR AQUELA LOIRA
230154975,19.133333333333333,True,0,"É um jogo bastante difícil no início, e pode até ser frustrante. Porém, conforme é jogado o jogo, ele se torna divertido e interessante, com uma história muito interessante. Recomendo muito comprar este jogo e platiná-lo."
230154508,408.6,True,1,"Esse é, sem dúvida, um dos melhores jogos que eu já joguei na minha vida (se não o melhor), mas, a não ser que você seja paciente, aceite falhas e não se importe de estar perdido (e seja um pouquinho masoquista também), não acho que você vai gostar desse jogo. As magias são superestimadas."
216338645,122.33333333333333,True,0,"péssimo jogo de jogar, ótimo jogo de recomendar para o seu amigo mesmo assim"
157869207,101.03333333333333,True,0,"arte linda, história boa, gameplay dificíl e viciante, trilha sonora incrível."
58534703,24.333333333333332,True,1,"Absolutamente incrível. Melhor jogo Metroidvania que existe. Uma junção de beleza com jogabilidade fantástica, a arte do jogo é uma das mais lindas que eu já vi, o mesmo para a trilha sonora. A história do jogo não é diferente das outras particularidades do jogo, um enredo fascinante que, diferente de muitos jogos, não está lá para que qualquer um veja, é um conto de certa forma oculto e é o jogador quem deve ir atrás se quiser saber a história desse universo. Eu ainda consigo traçar uma relação bem grande entre esse jogo e a série Souls, visto que vários elementos lembram muito a franquia e isso apenas torna o jogo melhor."
230122442,5.35,True,0,O melhor metroidvania que você pode encontrar no planeta Terra.
230119957,51.96666666666667,True,0,"Um jogo difícil, porém gratificante. Realmente vale o tempo e o preço. Os maiores desafios, com certeza, são o Grimm e o Lorde Traidor."
230114958,35.083333333333336,True,0,Deixei de ser pirata por esse jogo 👍 ( Agr so piratio jogos acima de 100 RS )
230102631,12.716666666666667,True,0,Esse jogo tem um jogabilidade clara: Começa Luta Ganha Fica feliz Luta de novo Morre Fica frustrado e querendo moer o PC com um triturador industrial Morre de novo Repete o ciclo
215274233,49.06666666666667,True,1,"Hollow Knight é um jogo especial pra mim. Não só marcou a minha primeira semana de quarentena como acabou por marcar toda minha vida. Pra começar: O quesito jogabilidade é impecável na minha visão. Nunca presenciei um bug sequer nesse jogo e olha que já joguei MUITAS HORAS (em outras contas e outros dispositivos), e nenhum erro sequer aconteceu em minhas +500 horas de jogo. Os controles são precisos e as hitboxes EM GERAL são boas, responsivas e fazem sentido, com raras exceções. A exploração do jogo pode ser um pouco frustrante no começo, ainda mais para pessoas que, assim como eu na primeira jogatina, não tem muita familiaridade com jogos Metroidvania, mas com algumas dezenas de horas de jogo (talvez uma ou 2) você vai afiar seu instinto de localização e rapidinho começar a sacar onde é que deve ir pra completar a história e onde é apenas ""bônus"". O jogo tem muito conteúdo extra. MUITO conteúdo extra. Conteúdo esse que é de extrema qualidade e, ouso dizer, por vezes superior ao conteúdo do jogo base. E tipo assim, mano, é um jogo de 2018 que tem DLC GRATUITAS que adicionam pelo menos umas 5h de jogo cada, GRATUITAMENTE. Isso é simplesmente Team Cherry. Absolute empresa indie!!!!! Agora indo pro meu quesito particularmente favorito: Artes (todas) e História. Esse jogo tem a história contada, explicada e detalhada em CADA item, placa, diálogo com NPC, inimigos, ""missões"" e TODOS OS EVENTOS da gameplay. A história do jogo em si, o que vemos na superfície, é bem o padrão de jogos de aventura mais misteriosos: Seu personagem foi chamado para um lugar, por algo que nem ele compreende totalmente. Esse algo lhe levou a um reino decadente chamado ""Hallownest"", um reino esquecido por tudo e todos. O jogo, diferente do que pode parecer, não conta uma história enquanto ela acontece, você lê e se envolve uma história muito mais antiga, de tempos passados. Você não é a esperança de um reino em decadência. Você é parte de algo que já se foi. Um reino que já morreu e decaiu há muito tempo. Você não é nada mais que a esperança de conservação da memória do que UM DIA, foi um reino. A forma que os inimigos lutam, as músicas que tocam em cada área, tudo tem sentido, tem motivo, tem humanidade. Apesar de sim, ter um grande foco na jogabilidade, esse jogo é muito, mas MUITO artístico. Não houve nenhuma vez sequer que eu fui jogar esse jogo como um ""passatempo qualquer"", é sempre uma terapia, uma viagem na cabeça dos desenvolvedores que acaba por também entrar na minha. Esse jogo é o jogo da minha vida, e eu fico muito feliz que a Team Cherry manteve sua essência em Silksong e espero muito que a mesma siga trazendo mais conteúdo para expandir esse universo (na medida do cabível e mantendo o nível de qualidade desse jogo incrível) Nota: Hollow Knight/10"
230089524,42.88333333333333,True,0,"Primeiramente, este jogo NÃO é para qualquer jogador, tem que ser completamente apaixonado por jogos difíceis. Os games de gênero soulslike e parecidos ainda são pedaços de bolo, comparados com o desafio que é proposto aqui. Tirando a parte crucial do jogo, que é a dificuldade, a ambientação escolhida junto com a direção de arte, minimalista do jogo, é única e primorosa, fazendo qualquer pixel art pedir conselhos. O level design é simples e intuitivo, mesmo que você fique perdido, basta explorar um ou dois minutos e estará no caminho. A trilha sonora é impecável, você pode passar horas sentado no banco de olhos fechados saboreando cada estalar de teclas, acordes menores e de meia trazem o suspense para uma ambientação sombria e melancólica, porém em alguns momentos nos fazem sentir aconchego e paz. O enredo é bom, a história é bastante madura e triste, porém, o que me fez saltar os olhos foram as complexas side quests e seus personagens, com puro carisma e decisões que podem mudar o destino de alguns, algo muito surpreendente para um jogo de tal escopo. a conclusão é que Hollow Knight é um jogo digno de seus méritos, não fica atrás de nenhum grande jogo de sua época, um show de desafios que ao serem conquistados são satisfatórios o suficiente para te fazer ficar um bom tempo nele. Se aparecer em alguma promoção abaixo dos 30 reais, não pense nem 2 vezes!"
230089349,13.716666666666667,True,0,"É muito bom! Gráficos ótimos, lutas desafiadoras, história cativante, 10/10"
230087072,68.95,True,0,"jogo muito bom, antes eu jogava no celular mas agora estou no pc, o único ponto ruim é que não tem opção de traçar a salubra"
230085264,2.5833333333333335,False,0,Falência é o mínimo merda quem faz algo similar a uma merda dessa.
194624436,305.6333333333333,True,0,"Eu tenho o PRIVILÉGIO de ter o Game Pass e estar na família Steam pra jogar esse jogo. Hollow Knight é, pra mim, um dos melhores jogos já feitos. Não importa o que ninguém fale — eu adoro cada segundo desse jogo. Depois de praticamente 300 horas de gameplay, eu posso dizer que em nenhum momento o jogo ficou ruim. Até em lugares como o Deepnest (Ninho Profundo), eu me diverti falando “Meu deus do céu! A Team Cherry conseguiu fazer uma área que é tão desconfortável que chega a ser genial!” Os chefes desse jogo são extremamente divertidos e desafiadores. A dificuldade de Hollow Knight é um dos seus maiores acertos — ele te faz morrer, aprender e melhorar, e isso é muito recompensador. Cada vitória parece conquistada com suor e orgulho. E o mapa, nossa... o mapa! Gigantesco, cheio de segredos, caminhos escondidos, e surpresas em cada canto. A sensação de entrar em uma passagem secreta e, do nada, dar de cara com uma nova área INTEIRA mesmo depois de explorar o jogo por dezenas de horas é inigualável. A trilha sonora, impecável. Christopher Larkin criou músicas que parecem vir de outro mundo — composições que encaixam perfeitamente com o tom melancólico e misterioso de Hallownest. Hollow Knight não é só um jogo. É uma experiência. Um mundo inteiro pra se perder e se apaixonar. Esse não é qualquer jogo — ele é O JOGO."
230078408,37.266666666666666,True,0,"Melhor que ja joguei na vida, ja tinha zerado algumas vezes mas agora comprei na steam pra zerar novamente 112%"
230075294,31.183333333333334,True,0,melhor jogo ja feito na existencia so pere pra csgo rdr2 gta6 e zelda ocarina of time
230071324,116.75,True,0,"O jogo é bom, tem personagens legais, historia boa e gameplay melhor ainda, mas depois dos 112% fica muito chato de fazer conquista, mas o jogo no geral é bom, recomendo muito!"
230069866,94.06666666666666,True,0,"Hollow Knight é uma experiência que vale cada minuto. O mapa é enorme e cheio de segredos, a sensação de descobrir novas áreas é incrível, e o combate é desafiador sem deixar de ser justo. Cada chefe vencido dá uma sensação real de conquista, e a trilha sonora junto com a direção de arte criam uma atmosfera única. O jogo praticamente não pega na sua mão. Você aprende explorando, errando e evoluindo, e isso faz com que cada progresso seja muito mais satisfatório. Além disso, a quantidade de conteúdo é impressionante, especialmente considerando o preço. Mesmo depois de terminar a campanha principal, ainda há muitos desafios para quem busca completar tudo. É um daqueles jogos que ficam na memória muito tempo depois dos créditos. Recomendo sem pensar duas vezes. Se você ainda não jogou Hollow Knight, dê uma chance. Há grandes chances de ele se tornar um dos seus jogos favoritos. Hollow Knight é mais que ""só um jogo"". É uma experiência!!!!! EU PAGARIA MAIS POR ESSA OBRA DE ARTE!"
230066529,19.166666666666668,True,0,Esse jogo é muito massa. tenho 200 horas de Hollow Knight no PlayStation. Joguem
229119441,200.25,True,0,"Recomendo, Muito Satisfatório, A mecânica, A lore, tudo. O Jogo é basicamente perfeito, platinei, então tenho direito de fala."
230051623,27.7,True,0,"cara, comecei a jogar em 2025 e eu n tinha ideia de como esse jogo e cheio de lore e desafios dificeis mesmo... e a minha experiencia foi melhor pq eu n sabia nada do jogo em si. muito bom e recomendo pra geral se irritar com isso :D"
229959434,33.53333333333333,True,0,game bom pra quem tem não tem mais vida social
230038220,18.733333333333334,True,0,Adorei a jogabilidade e a historia ate o momento onde joguei esta magnifica.
230036727,26.1,False,4,"meu amigo me disse que eu deveria louvar a Deus pois ele dissse que o valor por esta obra prima entr os desenvolvedores estava baixo, me perdi, morri, e então percebi... eu paguei muito pouco por esse jogo AUMENTE O PREÇO"
73378306,69.55,True,0,"Facilmente um dos melhores indies que já joguei, a melhor das OST, uma arte excepcional, desafiador, uma exploração satisfatória, o sentimento de estar sempre perdido e hollownest é um sentimento q nem um outro jogo conseguirá reproduzir"
230035779,21.966666666666665,True,0,"Como biólogo, afirmo: esse jogo retrata perfeitamente a sociedade dos insetos, eles já nascem vivendo no hard. 10/10"
230030970,24.133333333333333,True,0,"um jogo totalmente desafiador, que é perfeito para jogar por horas, um jogo que cada detalhe tem uma coisa por trás, recomendo muito"
217312856,115.2,True,0,Quase dropei esse jogo pelo começo que fiquei muito perdido o mapa e um verdadeiro labirinto mas ainda bem que continuei jogando gostei muito do jogo principalmente dos bosses como Radiancia e Puro Vessel (Grimm pesadelo tbm mas ele foi mas fácil D+ ) zerei 112% e agr vou zerar Silk Song espero que seja tão bom quanto. 9.1/10
229999512,59.733333333333334,True,0,"Jogo lindo, primeiro metroidvania que já joguei na vida e foi uma ótima experiência."
229997008,21.666666666666668,True,0,"Odio total contra os cavaleiros sentinelas, tava tentando pegar a conquista de speedrun 2, mas n consegui por conta desse CAPETAS"
229995147,40.05,True,0,JOGO BOM DA PORRA EU DARIA MEU CU POR TUDO ISSO VIADO
229979343,63.666666666666664,True,0,"Jogo com uma imersão gigantesta além da quantidade imensa de conteúdo e finas alternativos, recomendo jogar para quando estiver no tédio pois há muitos segredos nesse jogo."
229977689,18.316666666666666,True,0,"Esse é o tipo de jogo que te deixa com raiva por horas, mas se você for bom o suficiente você atéee consegue ser bom nos bosses e fazer os 112%, recomendo dms, mas se vc é ruim que nem eu, nem tenta"
229968791,40.05,True,0,"MIM NAO SABER MATAR INSETO, INSETO FORTE MUITO EU FRACO, EU INSETO PEQUENO E FRACO NAO MATAR OS GRANDE, EU GASTAR 200 GEO EM PODER E NAO DAR CERTO MUITO RUIM, NAO BAIZEM NAO GOSTO JOGO INSETO FRACO NAO FORTE POR FAVOR"
229966314,66.13333333333334,True,0,Excelente! Muito bom para passar o tempo e distrair a mente.
229960306,4.7,True,0,melhor jogo do mundo (na minha opinião) tanto a temática; lore; personagens e o ambiente faz vc ficar cada vez mais e mais focado no vasto mundo de Hollow Knight (tanto que em outra conta da steam joguei por 60h em um unico mundo) e agora fiquei mais 40h no silksong (amo todos os personagens desse jogo)
229957912,234.73333333333332,True,0,"Para começar eu devo dizer que, este jogo e uma maravilha da natureza. Eu particularmente abandonei ele por um ano e meio depois de retornar a jogar como jogo neste momento. Primeiro devo dizer que tudo que e feito pelo ser humano tem de a vir coisas falhas 1. Se você acabou de gostar desse estilo de jogo não recomendo você jogar HK neste momento, recomendo fortemente que você procure outro jogo, em exceção se você for um Deus gamer. ( Dead Cells, Awaria, Terraria, Nine Souls) 2. Esse jogo e foda. 3. Tenha pelo menos muito tempo livre se você iniciar o jogo pela primeira vez. Hollow Knight e uma experiência maravilhosa, você ira sentir raiva? Com certeza, mas a sensação de progredir nesta budega e uma maravilha."
229954484,114.98333333333333,True,0,"Não possuo palavras que tenham capacidades para descrever o quão inimitavel é esse jogo. Um jogo que é capaz de te manter exageradamente imerso na história e na gameplay. Agora, terei de averiguar se o Silksong é tão bom quanto."
229942945,8.633333333333333,True,0,"Jogos lindo perfeito , trilha sonora cativante,Narrativa bem escrita, e sério foi literalmente feito POR 3 PESOAS uma obra prima"
229931304,69.71666666666667,True,0,"jogar ser noob. jogar, asa de monarca, manto da asa de mariposa e garra de louva-a-deus, ser noob/mediano, jogar, jogar,jogar ser pro, unir o abismo, ir pro boss hollow knight e matar a radiância. achar facil, querer jogar silksong, e se tornar um pro, recomendo pois você aprende a controlar seu nivel de raiva (talvez nao) e aprende a ser pro e se preparar pra quase qualquer chefao em jogos."
229708821,48.71666666666667,True,0,"Não jogue se você tem vida social, esse jogo vai simplesmente tirar horas da sua vida sem nem perceber. Dito isso, jogue agora! Jogasso da porra"
203202778,13.366666666666667,False,14,"Um dia zeraremos, daí escrevo a analise final desta bodega"
229911453,137.48333333333332,True,0,"Comprei pensando que seria um joguinho de um inseto fofo. Algumas horas depois eu estava apanhando de besouros, questionando minhas habilidades e dizendo ""agora vai"" pela 50ª vez. Mesmo assim, fui até a platina (100% das conquistas). Sofri? Muito. Me arrependi? Nem por um segundo. Cada chefe derrotado depois de várias tentativas dava uma satisfação absurda. Hollow Knight é daqueles jogos que te fazem passar raiva e, cinco minutos depois, você já está jogando de novo. Obra-prima."
160419466,94.96666666666667,True,0,"Hollow knight é com certeza o melhor jogo já criado, de todos os jogos que já joguei nenhum se compara a essa obra de arte. A trilha sonora do jogo, a luta contra os bosses, os cenários, tudo perfeito. Zerar ele vale muito a pena, por mais que demore ou em algum momento vc passe raiva vale a pena continuar, pq esse jogo nunca enjoa. Estou muito ansioso para o hollow knight silksong, já que poder controlar a hornet vai ser muito bom. Enfim o jogo não tem nenhum defeito, nem mesmo o preço, já que na minha opinião esse preço é totalmente justo para um jogo tão bom assim. Nota 1000/10."
203165814,194.71666666666667,True,0,"Melhor jogo indie da historia nao tem como, simplismente perfect 🤠😎😼💨🍃"
229904267,111.7,True,0,"Cara, simplesmente o meu jogo favorito. Hollow Knight inicialmente pode te deixar meio perdido na imensidão do mundo. Eu mesmo fiquei horas pra descobrir o caminho de 80% do jogo, mas digo com convicção que, se você for jogar este jogo pela primeira vez, vai se encantar com a arte e a trilha sonora desta obra de arte. Este jogo me deu muitas horas de alegria. A exploração, no meu ponto de vista, não peca em nada. Às vezes, você pode ficar com raiva com alguns bosses, ficar perdido e não saber pra onde ir depois de um certo ponto, mas, em si, o jogo deixa os caminhos ""claros"". Quando fui fazer a platina e re-joguei no modo Alma de Aço, coisas que não tinha visto na primeira vez que zerei depois ficaram muito claras. Não me canso de recomendar este jogo pra todos meus amigos e falar sobre esta obra de arte em forma de jogo! 10/10. Detalhe nenhum pouco importante: quero deixar o jogo com 112hrs pela conquista de conclusão pura kkkkkkk."
229898994,12.75,True,0,"Ee.u NAUo gostu d,.e jogo assi mas holluw nikignth play .experiencia fogo eu comecei aogra. m,as., adoreiiii, de ve.dadde jogo sem his.toria toda hola e gamlplay favoloece 💚💚💚🏍☁👥😠🐴"
229897717,42.71666666666667,True,0,mano eu não tenho palavras pra descrever o quão bom é esse jogo
229897450,44.53333333333333,True,16,"Depois de tantas análises, não creio que tenho algo a acrescentar. Só quero deixar meu agradecimento ao time por nos proporcionar essa obra prima. Que tenham muitos anos de vida pela frente e que possam nos entregar ainda mais experiências como esta, seja qual for o gênero ou história."
229892500,32.38333333333333,True,0,"Mds Se quer passar raiva jogue esta merda,jogo bom da porra melhor soulslike 2d"
229891700,120.76666666666667,True,0,"Você é um besouro que luta contra o SOL, você anda, se perde, morre, se perde, acha banco, se perde, acha boss, se perde. Jogo bem tranquilo 10/10"
229888624,54.63333333333333,True,3,"Rapaziada,comprem esse jogo eu odiava jogos metroidvania principalmente jogos difíceis, depois que eu dei mas uma chance pra hollow night,gostei pra caralh# do jogo agr tô viciado em jogos assim recomendo muito 1000/10"
229857945,59.1,True,0,"eu demorei muito pra zerar esse jogo (40 horas), foi minha primeira vez e eu fiz o ""não sonhe mais"" e o ""irmãos selados"" acho q é muito mais sobre paciência e timing. É bem divertido, fora a sensação de matar um boss q vc tá preso há muito tempo, achar algo que procurou muito, ou passar de uma área difícil ou ""chata""."
229844575,82.51666666666667,True,2,"Simplesmente meu metroidvania favorito, os ambientes do Hollow Knight são lindíssimos, os bosses são marcantes e te fazem emergir na luta, a gameplay é cativante e faz você querer explorar cada vez mais o mapa, e a trilha sonora... são divinas. Por mais que eu elogie Hollow Knight várias vezes sempre vou achar insuficiente, já zerei 3 vezes na versão de celular e platinei na versão do PC, acredito que tenho +300 horas somando todas minhas gameplays, enfim, compre Hollow Knight, você não vai se arrepender! e outra coisa, EU TE ODEIO REI PÁLIDO!!"
229819286,15.216666666666667,True,0,"Jogo desnecessariamente difícil, bosses impossíveis de passar, uma maldição, nunca joguei algo tão difícil, acho que fiquei até mais burro 10/10"
229815996,37.38333333333333,True,0,Joguei Achei facil Cheguei na Hornet 5 horas de sofrimento para cada boss 10/10
208085979,269.1666666666667,True,0,jogo muito bom com adorei as trilhas sonoras e o jogo em si é muito bom
229813633,82.55,True,0,Jogo Muito bom te prende e quando ganha de um chefe dificil é muito bom
229813438,43.5,True,0,"Jogo impecável, simplesmente um dos melhores, se não, jogos da minha vida, com uma arte e gameplay que são uma delícia, além da trilha sonora que te faz se sentir no céu, o único erro desse jogo é não poder cometer adultério com a esposa do cornifer, aquela safafa..."
229811319,20.716666666666665,True,0,"Simplismente uns dos meus jogos favoritos, literalmente zerei mas de 15 vezes em varias plataformas diferentes, e recentemente finalmente me deram de presente dito isso esse jogo é literal uma perfeição musica, ambientação, chefes, mapas, historia boa pa cacete até graficos, esse jogo é simplismente perfeito"
229806900,86.48333333333333,True,0,"Simplesmente um jogo perfeito (sou suspeito, porque faz parte dos meus dois jogos favoritos). Sua arte 2d é um colírio para meus olhos e possui uma trilha sonora muito imersiva. Além do mais, possui boss fights desafiadoras e muito divertidas. Definitivamente um jogo indie metroidvania completo. Obrigado a mim mesmo por comprar esse jogo que sempre quis jogar desde 2022."
229797018,2.566666666666667,True,0,"👍 Recomendado Fiz a platina dessa porra no console e ainda vim aqui recomendar. Acho que isso já resume o quanto esse jogo é bom. No começo eu pensei: “ah, um joguinho de inseto”. Algumas horas depois eu tava completamente obcecado explorando cada canto de Hallownest igual um maluco. A arte é linda pra cacete, a trilha sonora é absurda e o mapa é um dos melhores que já vi. Toda vez que você acha que acabou de explorar tudo, o jogo mete uma passagem escondida e fala: “te fode aí, ainda tem mais.” Os chefes? Alguns fizeram eu questionar minhas escolhas de vida. Mas quando você finalmente derrota aquele desgraçado depois de apanhar por meia hora, a sensação é melhor que muita vitória em jogo competitivo. A história é contada de um jeito que não pega na sua mão. Ou você presta atenção ou vai terminar o jogo pensando: “que porra aconteceu aqui?”. E isso faz parte do charme. Enfim, Hollow Knight é barato, gigante, bonito e viciante pra caralho. Se você gosta de metroidvania e ainda não jogou isso, tá perdendo tempo."
229739158,67.9,True,0,"PERFEITO, muito bom mesmo, simplesmente meu melhor jogo da vida"
229731601,58.21666666666667,True,3,"===Gráficos=== 🔲 Atari 🔲 Paint 🔲 Aceitável 🔲 Bom ✅ Ótimo 🔲 The Witcher 3 🔲 Red Dead Redemption II 🔲 Cada frame foi pintado por Da Vinci ===Requisitos=== 🔲 Qualquer coisa que conduza energia ✅ Uma calculadora com 1 pilha 🔲 PC da XUXA ou HOTWHEELS 🔲 PC de entrada 🔲 PC Gamer 🔲 PC Master Race 🔲 PC com Ryzen 9 9900X3D + RTX 5090 (jogo mal otimizado) ===História=== 🔲 História? que história? 🔲 Tem uma historinha 🔲 Uma história bacana 🔲 Uma história digna de prestar atenção 🔲 É sobre a vida real 🔲 Feita pelo Tolkien ( prepare seus lenços ) ✅ Platão escreveu junto com Machado de Assis e virou novela das 21h. ===Jogabilidade=== 🔲 Precisa de dois dedos pra jogar 🔲 Aceitável (4 dedos pra ser específico) 🔲 Jogabilidade bacana ✅ Jogabilidade excelente ===Complexidade=== 🔲 Jogo da velha é mais complexo 🔲 Fácil de entender 🔲 Fácil de aprender, difícil de dominar ✅ É daqueles jogos que as pessoas ficam estudando 🔲 Precisa de, no mínimo, 2 doutorados ===Dificuldade=== 🔲 Você escolhe a dificuldade 🔲 Seu cachorro consegue 🔲 Da pra zerar com uma batata de controle 🔲 Fácil 🔲 Médio 🔲 Quase Dark Souls 🔲 Dark Souls ✅ Você precisa de reflexos instantâneos e 4 mãos ===Tempo de jogo + platina=== 🔲 Da pra jogar enquanto ouve 1 música 🔲 6h 🔲 12h 🔲 24h 🔲 48h ✅ 62h+ 🔲 Você começa, seu neto termina ===Áudio, músicas=== 🔲 Beep 🔲 É melhor jogar no mudo 🔲 Aceitável 🔲 Muito bom 🔲 Músicas escritas por Hans Zimmer ✅ Mozart escreveu junto com Beethoven ===Bugs=== ✅ Nunca vi nenhum 🔲 Pequenos bugs 🔲 Pode ficar irritante 🔲 Pode estragar a gameplay 🔲 Assassin's Creed: Unity 🔲 Cyberpunk 2077 ===Público=== 🔲 Crianças 🔲 Adolescentes 🔲 Adultos 🔲 Moradores do porão da mãe que comem maionese ✅ Tudo e todos ===Compensa Comprar? === 🔲 IT'S FREE ✅ Preço justo 🔲 Compre se tiver dinheiro sobrando 🔲 Espere uma promoção 🔲 Caro demais não recomendo 🔲 Mais fácil você queimar seu dinheiro"
229730008,50.68333333333333,True,0,"zerar no alma de aço foi izi, vamos ver a platina"
217732737,256.76666666666665,True,0,"dps de um tempo, vc fica paranoico mas é efeito positivo, o jogo joga na tua cara q tu é um bosta, soque dps ele faz vc conquistar tudo oq vc quiser no jogo. Super recomendo vc vai sofrer por umas horas, vai, mas vale apena. jogue vc vai se arrepender mas dps se volta com raiva pq o jogo te subestima o tempo todo mas é afeito positivo!"
229725637,27.116666666666667,True,0,"Um inseto que mata outros insetos, disso que eu precisava"
229708006,34.916666666666664,True,0,"Esse jogo é o melhor que já joguei na minha vida e é uma p#ta experiência jogar sem nenhum spoiler nem usar algum guia na internet. Eu já tinha jogado hollow knight, platinei o jogo com os seus 112% e todas as conquistas mas infelizmente perdi minha conta da steam e não consegui recuperar. Agora que queria jogar o Silksong, estou platinando de novo em novo save e nova conta e to gostando demais de revisitar o jogo que fez parte da minha infância em 2017 e 2018. Enfim, joguem e não tenham medo de se perder nas áreas gigantes com muitos segredos e muita lore foda"
229704790,25.133333333333333,True,0,"JOGO MUITO, ZEREI 112% EM POUCO TEMPO FOI A PRIMEIRA VEZ JOGANDO NO PC"
229704364,39.166666666666664,True,0,"Acredito que minha avaliação não vai agregar muito a esse ponto mas gostaria de fazer minha parte e falar que esse jogo é simplesmente perfeito. A arte, mapa, personagens e as musicas... Ah as musicas... O MEU DESPERTADOR É A PLAYLIST DE DAS MUSICAS DESTE JOGO PERFEITO MARAVILHOSO LINDO GOSTOSO! SE EU FOSSE FICAR PRESO EM UMA ILHA EU NÃO LEVARIA NADA ALEM DESTE JOGO, EU PASSO FOME MAS NÃO DEIXO DE JOGAR ESSA PERFEIÇÃO! EU FARIA AMOR COM ESTE JOGO E ME CASARIA COM ELE! Mas como todo relacionamento tem seus momentos de amor infelizmente existem os momentos de ódio... E como eu fico puto jogando isso quando eu fico preso em alguma parte ou tentando fazer a platina desnecessariamente irritante desse jogo que eu tanto amo."
229704083,27.266666666666666,True,0,"que jogo sensacional ja tinha terminado ele no cell, agora que peguei o noot me deu vontade de terminar, essa maravilha novamente, sem comentarios muito bom 10/10."
229696140,28.633333333333333,True,0,"SINCERAMENTE!! o melhor jogo de todos os tempos, o meu favorito, trilhas sonoras impecaveis, ambientação muito boa, historia perfeita é um jogo que te da um prazer de jogar, o melhor do estilo souls like."
204790591,6.85,True,0,Jogo bom pra cassete mas e difícil na primeira vez depois de vc zerar tu acha tão fácil quanto matar o primeiro Boss por isso jogue vc na sr arrependera
229683223,3.75,True,0,jogo 10/10 se quiser passar raiva com insetos e perfeito
229682443,27.133333333333333,True,0,"o jogo mesmo sendo de 2017 parece que foi feito ano passado, jogabilidade incrível e dificuldade perfeita. Te amo Team Chery"
203741425,55.36666666666667,True,0,Bom jogo! A batalha com o Grimm dos sonhos me divertiu muito.
229644702,17.283333333333335,True,0,"insano, perderia o jogo do pao se aparece esse jogo na minha frente"
226495797,146.06666666666666,True,0,"Cara Hollow Knight mistura vários elementos, se vc quer combate tem, se vc quer explorar tem, se vc quer saber de lore tem tnm, foi 47 reais mais bem gasto, 10/10."
229638600,33.4,True,0,"Metroidvania sensacional, um dos melhores (se não o melhor) jogos que ja joguei na vida, graficos melhores do que varios jogos por ai"
229637221,78.68333333333334,True,0,"Essa obra prima, um jogo literalmente perfeito. Me deu um conteúdo de quase 80 horas para conseguir os 100% das conquistas e compensou cada segundo CADA SEGUNDO. Trilha sonora, ambientação, arte, gameplay, história, tudo milimetricamente perfeitos. Chefes que dão gosto de lutar, derrotar um chefe é uma satisfação imensa, ""Grimm, Hollow Knight, Lordes Louva-a-Deus, Radiance"" essas lutas são CINEMA ✋😶🤚. Bom, enfim um dos MELHORES jogos já criados na face da terra, recomendo a todos 👍"
229636795,59.916666666666664,True,0,"simplesmente jogaço, arrependimento de não ter jogado essa obra prima antes"
229633751,19.966666666666665,True,0,"o JOGO eh bem feito. jogabilidade gostosa. dificil, mas voce se diverte."
229632850,16.316666666666666,True,0,"esse jogo basicamente é uma obra de arte, quem diz o contrário é maluco da cabeça"
229628371,14.066666666666666,True,0,"Jogo ótimo, com uma história intrigante e uma atmosfera única"
229628169,253.51666666666668,True,0,"simplismente incrivel, um besouro matando insetinhos gulosos pra encontrar seu irmão, entrar na cabeça dele e simplismente matar o SOL, que na verdade era uma mariposa gigante que é uma deusa... Simplismente CINEMA!"
229619703,170.86666666666667,True,0,"Você baixa, se perde no mapa, pega o dash e depois se vê passando o 5 panteão. Depois de quase 150 horas de jogo posso finalmente descansar com minha primeira platina adquirida."
229614529,28.133333333333333,True,0,"Esse jogo é simplesmente incrível, é bom no começo e ao decorrer do avanço vai ficando difícil, ai você começa a gostar dos boss difíceis que nem um doente, e fica repetindo o chefe depois de 10 mortes só pelo prazer de ganhar!"
229610784,2.8,True,0,"Muito bom, É muito bom zerar esse jogo novamente, Principalmente na Steam!"
229597196,100.41666666666667,True,0,Uns dos melhores jogos que eu ja joguei na minha vida
229590833,81.88333333333334,True,0,VALE APENA DMSSSSSSSSSSSSSSSS JOGUE MN SERIO MSM VC VAI GOSTAR
229587354,109.36666666666666,True,0,"Ganhei de presente de natal do meu primo, jogo otimo estou tentando platinar, historia muito boaaaaaaaaaaaaaaaaaaaaaaaaaa jogo bomm de mais da conta"
229560522,236.41666666666666,True,0,"Minha avaliação de Hollow Knight Nota: 10/10 ⭐⭐⭐⭐⭐ Hollow Knight foi um daqueles jogos que me prenderam do começo ao fim. No início eu achei tudo meio confuso, porque o jogo não fica dizendo para onde você deve ir, mas conforme fui explorando o mundo de Hallownest, percebi que essa é justamente a graça da experiência. A ambientação é incrível. Cada área tem um visual único, uma trilha sonora que combina perfeitamente com o momento e uma sensação constante de mistério. Dá vontade de explorar cada canto do mapa para descobrir novos caminhos, personagens e segredos. O combate também é um dos pontos altos. Ele é simples de aprender, mas difícil de dominar. Alguns chefes me fizeram perder várias vezes, mas quando finalmente consegui derrotá-los, a sensação de conquista foi muito boa. O jogo recompensa a paciência e a prática. Outro ponto que gostei bastante foi a história. Ela não é contada de forma direta, então você vai entendendo aos poucos por meio dos personagens, dos cenários e das descrições dos itens. Isso faz com que o mundo pareça vivo e desperte ainda mais curiosidade. O único ponto que pode incomodar algumas pessoas é a dificuldade. Em alguns momentos ela é bem alta e pode gerar um pouco de frustração, principalmente para quem não está acostumado com esse tipo de jogo. Mesmo assim, acredito que isso faz parte da identidade de Hollow Knight. No fim, Hollow Knight se tornou um dos meus jogos favoritos. É uma aventura marcante, cheia de momentos memoráveis e que vale cada minuto investido. Se você gosta de explorar, enfrentar desafios e descobrir histórias escondidas pelo cenário, esse jogo é uma escolha certeira."
229559590,43.81666666666667,True,0,entrei uau q jogo lindo morri morri dnv fui explorar me perdi tentei voltar pro banco cai numa boss fight dnd morri JOGO 10de10 recomendo
229554446,56.4,True,0,muito bom otimo so sou horrivel no jogo e estou sofrendo muito mais resto é muito bom
229551028,31.783333333333335,True,0,"o jogo e muito bom, me acabei nos r34 da hornet, foi bem legal"
229550503,82.91666666666667,True,0,jogo bom pra caralho. estou deixando minhas unhas crescerem excessivamente para assasinar e torturar insetos.
229549514,4.6,True,0,bom bom bom bom nada de ruim melhor jogo legal daora
140850405,305.73333333333335,True,0,"Muito bom o jogo, jogabilidade incrível, trilha sonora não tem oque dizer além de perfeição, melhor jogo que já joguei."
229547089,146.43333333333334,True,0,"Achei relativamente fácil, só tive um pequeno problema no panteão de hollownest"
229546194,23.666666666666668,True,0,"melhor jogo indie ja feito, me apaixonei de primeira, finalmente arrumei dinheiro para compra-lo e aproveitar a experiencia completa."
72462346,109.98333333333333,True,0,"Jogo bom do caralho. Se tivesse como resetar minha memoria, eu resetaria 1000x pra experimentar a 1° sensação de ter jogado essa maravilha. Comprem, comprem imediatamente."
197841879,244.23333333333332,True,0,"Eu me arrependo profundamente de ter comprado esse jogo e ter deixado ele mofando, Hollow knight é facilmente um dos melhores indies que eu joguei pontos positivos a ambientação do jogo é muito boa, as musicas desse jogo são incríveis a gameplay é muito boa e os bosses são muito memoráveis e únicos a historia é muito boa mesmo depois de zerar silksong eu não senti que hk ficou ultrapassado e honestamente eu até prefiro a gameplay dele do que a de silksong pontos negativos o jogo pode ser bem confuso em vários momentos e se você não esta acostumado com o gênero metroidvania ou não leu os diálogos direito (que por sinal são poucos) você vai demorar horas e horas para descobrir o que raios você tem que fazer, eu quase desisti do jogo por causa disso o Zote roubou a minha namorada e ainda falou mal de mim pra ela pontos menos relevantes Como é de se imaginar num jogo onde o story telling é em diálogos e na ambientação, é mt facil de ser perder nas informações ou só ter um monte de coisa que é deixada batida no final eu acho que o jogo vale muito a pena especialmente pra quem curte metroivania, eu até agora não sei como esse jogo custa tão pouco mas oferece muito mais do que alguns jogos atuais"
229518618,16.0,True,0,"jogo muito bom, otima ambientaçao, otima trilha sonora e etc, vale mt a pena jogar."
229516353,27.75,True,0,uma grande toleta não joguem não recomendo você vai se irritar muito se jogar não compre nem jogue
229512511,184.03333333333333,True,0,"Com certeza um dos meus jogos favoritos, a exploração de cada area cada mapa e a estetica dele muito linda, mesmo depois de horaaas passando por boss VALEU CADA CENTAVO!! eu amei muito e a historia por tras do jogo tbm é surreal SO JOGUEM!! recomendado pelo meu namorado grato a ele por me mostrar essa obra prima, vamos la agr Silksong"
229500309,54.983333333333334,True,0,"a historia de um inseto vazio que busca a liberdade de seu povo,usando da força pra vencer até mesmo de deuses,e que ainda por cima é descendente do rei de seu país,sendo o filho mais forte dele. e tudo isso pro animal que controla ele não conseguir nem passar de um morcego sofrendo de hemorragia mesmo usando comandos safasdisticos,é impressionante como a team cherry consegue prender voce no jogo mesmo que voce esteja sofrendo pra uma mariposa gigante e tenha morrido pra ela tantas vezes que nem dá lembrar o que que é pra fazer na luta dela,dito isso esse é o meu quarto jogo favorito de toda minha vida e tudo nele será bom não importa os argumentos contrarios. nota 1000/10"
229476372,41.56666666666667,True,0,"Talvez pelo fato de eu ter jogado Silksong primeiro, este ficou bem fácil."
229466629,80.13333333333334,True,0,"Meu jogo favorito, sem dúvida. Eu simplesmente amo tudo em Hollow Knight. A trilha sonora é linda e combina perfeitamente com cada lugar, a arte é maravilhosa e cada cenário consegue passar uma sensação diferente. Os personagens são muito carismáticos, até os que aparecem pouco acabam sendo marcantes, como a Cloth e o Tiso. A exploração é uma das melhores partes. É muito gostoso descobrir áreas novas, enfrentar os chefes e montar a história aos poucos. O jogo consegue ser desafiador na medida certa, e cada vitória dá uma sensação muito boa. Nunca me canso de jogar e sempre encontro algum motivo para voltar. Hollow Knight merece todo o reconhecimento que tem. 🤍"
229452126,66.15,True,0,muito bom show de dor e angustia mais prazer nada mais a dizer só joga ai recomendo
229450997,1.5666666666666667,True,1,Melhor jogo que eu já joguei!!!! uma verdadeira obra de arte. 👌😊
215969067,148.05,True,0,"Hollow Knight é um jogo extraordinário. Seu estilo artístico é lindo, com cenários ricos em detalhes e uma atmosfera envolvente que torna a exploração muito prazerosa. A jogabilidade é fluida e desafiadora, recompensando tanto a habilidade quanto a paciência do jogador. A trama do jogo também é muito boa e consegue prender o jogador do início ao fim. A história é contada aos poucos durante a exploração, o que desperta a curiosidade para descobrir mais sobre Hallownest e seus personagens. Além disso, um dos maiores destaques são os chefes. Cada batalha apresenta desafios únicos, exigindo que o jogador observe padrões de ataque, adapte sua estratégia e desenvolva uma abordagem completamente diferente para cada confronto. Isso faz com que cada vitória seja extremamente satisfatória e recompensadora. Jogar Hollow Knight foi uma experiência inesquecível. A combinação de exploração, combate, trilha sonora e narrativa cria uma aventura marcante do início ao fim. Sem dúvida, é o meu jogo favorito e um dos melhores jogos que já tive a oportunidade de jogar."
183316180,118.81666666666666,True,0,"Jogo fácil, bom para desestressar e uma ótima opção para quem não sabe se localizar bem sem mapas, se perder nesse jogo é um verdadeiro desafio e morrer mais ainda."
229435771,31.616666666666667,True,0,Esse Hollow Knight e o Silk Song são os melhores jogos da minha vida.
229429853,26.15,True,0,O inicio eh bem lento porem a partir da metade do jogo n consegui parar de jgr
229429086,310.4166666666667,True,0,- jogo começa divertido parkur com um besouro - acho o primeiro boss (sou destroçado) - depois de 3 horas chego na hornet (sou destroçado de novo) - sigo nessa logica por mais de 100 horas - melhor jogo que ja joguei na vida :)
94624144,55.266666666666666,True,2,"Jogo fantástico, arte maravilhosa e a trilha sonora é incrível. História muito boa, mas confesso que podia ser menos fragmentada, especialmente por ser um metroidvania, acaba sendo afetada dependendo da exploração."
229390365,40.15,True,0,"insetos, lore, luta, pogger poogers, recomendo par tudo e todos, sem zoeira. agora falando serio Não é difícil se perder no mundo subterrâneo e profundo de Hollow Knight – e digo isso em mais de um sentido. As extensas catacumbas de Hallownest oferecem inúmeros caminhos para explorar e segredos para descobrir. Mas, além disso, o reino é rico em história, mitologia e propósito, o que me atraiu para um mundo Metroidvania 2D do qual eu queria desvendar cada centímetro. Quanto mais eu me aprofundava em Hollow Knight, mais me surpreendia com a quantidade de conteúdo e liberdade que ele oferecia. Eu podia vagar praticamente em qualquer direção e encontrar chefes para enfrentar, melhorias para coletar e segredos para desvendar. Mas o que é realmente cativante na exploração deste reino há muito morto é a sua atmosfera. Arte, música, paleta de cores, sons e uma infinidade de outros pequenos detalhes se combinam para dar a cada área do mapa uma identidade própria, e essas áreas se encaixam de uma forma que parece intencional e vibrante. Sua história é tão rica que sinto que poderia escrever um livro sobre ela. Na verdade, Hollow Knight revela muito pouco sobre o que está acontecendo, e em vez disso, te envia para um mundo repleto de eventos monumentais que ocorreram muito antes da sua chegada: guerras e heróis, amor e cultura, doenças e destruição. As consequências do passado conturbado de Hallownest ficam para você descobrir e se revelam de forma clara e direta, mas apenas se você se der ao trabalho de prestar atenção. A narrativa é feita de maneira muito sutil, mas ensina tanto sobre Hallownest durante o processo que eu sinto que poderia escrever um livro inteiro sobre isso. É uma história trágica, repleta de heróis caídos e decisões terríveis, mas ainda assim consegue reservar tempo para momentos belos, calmos e esperançosos. E é fácil apreciar esses momentos, porque a arte desenhada à mão de Hollow Knight é simplesmente linda. É um mundo que consegue parecer coeso apesar de seus habitantes serem adoráveis ​​pessoas-inseto em uma caverna decadente. A história (e o seu papel nela) se revela aos poucos. Parte dela vem do diálogo com os adoráveis ​​e excêntricos personagens que ainda habitam este reino decadente, parte através de eventos importantes da trama, e parte simplesmente observando o ambiente e as pistas espalhadas por ele. Após minha segunda jogada, tenho uma ideia bastante clara da história de Hallownest, mas é uma imagem que construí por conta própria."
217666679,125.73333333333333,True,0,"Hollow Knight sem dúvidas é um jogo cativante... cheio de mistérios, segredos, frustrações e muita raiva em certos momentos (kkk). Além disso, é notável o carinho que a Team Cherry teve ao fazer esse jogo. Mas o que faz ele ser tão bom para tantos tipos de jogadores? Bom, na minha opinião, o que atrai todo esse público é o fato de o jogo abranger muitas coisas. Por exemplo: se você gosta de explorar o mapa, há 15 áreas diferentes; se você gosta de lutar, tem inimigos novos em todas as áreas do jogo; se gosta de lutar contra chefes com habilidades únicas, há mais de 50 deles espalhados pelo reino (incluindo as DLCs). Se você gosta de apreciar uma boa trilha sonora, ela não é apenas incrível, mas combina perfeitamente com a temática de cada local e com a lore do jogo, que você vai descobrindo quanto mais avança por Hallownest. E ainda por cima, o jogo te dá total liberdade de escolha: sempre há um caminho principal, mas a opção de segui-lo ou não é totalmente sua. Você também pode customizar suas habilidades usando o sistema de amuletos, focando mais na sua arma (o Ferrão), em magias ou buscando um meio-termo entre os dois. Para você ter uma ideia, eu já joguei em vários dispositivos diferentes: no Nintendo Switch do meu primo, no PC (onde inclusive terminei de platinar o jogo para um amigo) e no PS4, onde o platinei três vezes. E posso garantir: a experiência continua incrível em todas as plataformas. Mesmo após platinar o jogo sete vezes no total e passar mais de mil horas correndo pelo mapa — ou apenas sofrendo no Lar dos Deuses enfrentando chefes no modo Radiante —, sinto que não consigo colocar em palavras tudo o que eu gostaria. Apesar de sua grande dificuldade, eu recomendo fortemente Hollow Knight para todo tipo de jogador. (10/10)"
229383000,33.55,True,0,"Jogo com excelente trilha sonora e batalhas desafiadoras, o que mais gostei é que o jogo deixa tudo a sua disposição, te deixa solto no mundo para fazer quase o que quiser."
229378788,102.5,True,2,"*Hollow Knight* é um dos melhores metroidvanias que já joguei. O mapa é enorme, a exploração é extremamente recompensadora e o combate é preciso e desafiador na medida certa. Cada nova área tem sua própria identidade, e a trilha sonora consegue deixar cada momento ainda mais marcante. O jogo não pega na sua mão, então cada descoberta parece realmente conquistada. Mesmo morrendo várias vezes, nunca senti que era injusto; bastava aprender os padrões e tentar de novo. Se você gosta de explorar, enfrentar chefes e passar muita raiva esse é o jogo certo, e vc vai descobrir uma história aos poucos, *Hollow Knight* é uma experiência incrível. Vale cada centavo. ⭐ Nota: 10/10."
229376928,21.05,True,0,"esse jogo e muito, bom no meu ps4 tenho mais de 190 horas ele é muito bom"
229373683,5.833333333333333,True,0,"Hollow Knight e o melhor jogo indie para se descobrir o mundo indie e se brincar e o melhor de todos os tempos, e o meu jogo indie favorito"
229372912,134.41666666666666,True,0,"Esse game, é bom, mais você vai passar raiva, mais depois de pegar o jeito você fica bom."
224331261,102.0,True,0,"cara, simplesmente o jogo da minha vida, quase platinei no xbox e joguei umas 15 vezes no não oficial de celular, e voltar pra Hallownest depois de Fiarlongo é definitivamente como voltar pra casa depois de uma longa viagem Okay, now that I'm finally trying to do all the achievements I need to say, that's why I'll beg in English, PLEASE NERF THIS ♥♥♥♥♥♥♥ JOURNAL, I DON'T BOTHER THE COLOSSEUM, BUT WHY THE ♥♥♥♥ THE LEAPING HUSK NEEDS SO MUCH TO KILL, EVERY PLAYTROUGH OF MINE IT'S AWAYS NEEDING 20+ KILLS OF THIS MF, AND MANY OTHER, WHY TEAM CHERRY, WHY?"
229366573,48.5,True,0,"se você conhece minimamente sobre o jogo sabe que não precisa ficar vendo avaliações. Tenho um save completo no celular, o jogo é tão bom que eu tive que jogar de novo no pc. Sim. Compre. É maravilhoso"
155025779,33.3,True,0,"Hollow Knight simplesmente redefiniu QUALQUER coisa que eu esperava dele. cada área desperta uma sensação diferente, parece um mundo que realmente existiu, vivo, cheio de coisas e histórias. o jogo não pega na sua mão e fala pra onde ir, mas sim te incentiva a explorar, se perder e descobrir tudo por conta própria. (e ficar frustrado com um mosquito btw................................ é impressionante pensar que um jogo desse tamanho, com tanta qualidade e tanto conteúdo, foi feito por uma equipe tão pequena. é um dos melhores jogos que já joguei obra-prima. 10/10"
229363730,14.483333333333333,True,0,muito peak recomendo muito trilha sonora boa dms jogabilidade otima meu deus e vc vai passar horas sem nem perceber
229354871,61.266666666666666,True,0,"Não zerei ainda o jogo, mas, dar para ver como o jogo e bem pensado, tendo partes bastante inteligentes, animação incrível, jogo difícil (de um jeito bom), este jogo em minha opinião deveria ter ganhado mais prêmios( entretanto nao recomendo este jogo para pessoas que tem facilidade de ficar com raiva, porque vai passar muita raiva durante a gameplay, ou bota no modo fácil ) em minha opinião foi o melhor jogo que joguei na minha vida , barato e legal, vale apena parar de jogar jogo em 3D, para jogar esta obra prima, em resumo dar para ver o carinho dos criadores para com o jogo, tambem espero futuramente comprar a continuação Hollow Knight Silksong"
229353880,30.066666666666666,True,0,Hollow Kinght virou meu jogo favorito desdo do ano passado quando derrotei a radiancia no celular jogo10/10 perfeito jogo sem erros team cherry foda demais
229347031,33.483333333333334,True,0,"Muito bom, joguei no celular, ps4 e agora no pc, nunca perde a graça"
201876822,138.68333333333334,True,0,ESSE JOGO MUDOU A MINHA VIDA SUPER RECOMENDO BOM DE MAIS
229291736,44.93333333333333,True,0,"Hollow Knight é aquele jogo que não irá te contextualizar sobre a história e nem te dará um objetivo para ir atrás. Tudo o que você precisa fazer é ser curioso e ver o que Hallownest tem a oferecer. Talvez por conta disso, a experiência de terminar esse jogo seja tão única. É praticamente impossível você não sentir que passou por uma grande jornada. Cloth - best NPC btw"
229290505,63.81666666666667,True,5,"Essa foi uma das melhores e piores experiências que tive com um jogo! Munido de muito charme, boa história, personagens cativantes (a seu modo), dificuldade estimulante, arte e músicas lindas, Hollow Knight conseguiu me conquistar facilmente. Não sou fã e nem experiente com jogos no estilo metroidvania, mas esse título me chamou a atenção o suficiente para abrir a mente e tentar um novo estilo, e por isso digo que também tive uma das piores experiências. Afinal, pasmem: descobrir que você é muito ruim em um estilo de jogo mexe demais com o seu orgulho e pode te deixar em uma bad profunda em certos momentos KKKKKKK Como já ressaltei muitos pontos positivos no início, sinto que não preciso me aprofundar muito mais, mas gostaria de deixar um destaque especial ao storytelling do jogo e para a ambientação de modo geral, visto que exploradores distraídos e levemente ingênuos conseguem se encantar facilmente e querer absorver mais e mais do jogo... tanto que eu pretendia apenas jogar e zerar normal, mas acabei me envolvendo em diversas side quests e fiz de tudo para cumprir algumas que considero especiais, como salvar todas as larvas <3 O final que conquistei foi mais que justo e bem executado. Digno de uma obra-prima. Quanto ao principal e único ponto negativo, destaco o level design do palácio branco. Achei muito extremo, longo e cansativo sem real propósito. Inclusive, pra quem fez o design daquela área... dedico o meme ""indico a leitura ""Pare de se Odiar"" como medida emergencial!"" kkkk. Dito isso, mesmo com esse ponto negativo (que pra mim foi bem impactante), não tiro a nota máxima do jogo. Cherry merece demais meus aplausos!"
229289279,137.61666666666667,True,0,"Literalmente,o MELHOR jogo indie da historia,historia boa,personagens bons e TUDO de bom,não tem oque dizer.O MELHOR DA HISTORIA"
149591199,313.31666666666666,True,0,"melhor jogo que já joguei, jogue ou irá se arrepender"
159104545,116.21666666666667,True,0,"O jogo realmente é um aclamado metroidvania. Segue a minha análise: 1) Gráficos: pela época do lançamento (2017), muito bom. É estilo cartoon. Dentro do padrão proposto, não prejudica a fluidez do jogo e não chega a ser algo surpreendente. Nota 9,0; 2) Cenários: bem montados e diversificados, mas, não possuem uma paleta de cor formidável. Nota 8,5; 3) Gampelay: bem fluído e sem problema. Só não gostei o sistema do personagem bater e recuar o corpo. Nota 10,0; 4) Personagens: o protagonista é bom, vários NPC’s interessantes e com boa diversificação de inimigos. Mas, muitos chefões são fracos e fáceis de derrotar. Percebi uma maior dificuldade em algumas fases do que nos chefes. Nota 9; 5) Itens: como sempre, alguns desnecessários, mas, um pouco melhor que a média. Nota 7,5; 6) História e fases: fases são boas, algumas bem difíceis para passar 100% (o que torna enjoativa) e diversificadas. O mapa é bom, mas, não é perfeito e dificulta fazer 100% de achar todos os itens. A história é o lado fraco. Nada demais, básico e com final sem sal. Nota 7.5 7) Objetivo: alcançou a finalidade de metroidvania, apesar da facilidade de alguns chefes. Ele é difícil por requerer mais da habilidade do jogador em algumas situações. Me divertiu, passei muita raiva em algumas fases e desafios, o que enjoou um pouco. Nota 9,0 Nota final: 8,64. Para mim, ele não divertiu tanto, como por exemplo, Ender Lilies. Isso é bem subjetivo, principalmente, por alguns aspectos que cada jogo tem em si. Contudo, o jogo é muito bom. É obrigatório jogá-lo."
229287040,33.1,True,0,"o jogo é muito bom, pena q gastei quase 1500R$, 20 pila do jogo e o resto no monitor que eu quebrei no soco"
229283476,32.666666666666664,True,0,"Vale todo os elogios que recebe. Toda a atmosfera melancólica na jornada silenciosa do Knight por esse mundo é lindo, e a trilha sonora deixa tudo ainda melhor. É um jogo desafiador, profundo sem necessitar de diálogos para contar a história. Me exigiu muita paciência e persistência, mas valeu todo o esforço ao longo do caminho."
229283447,37.65,True,0,jogo bom da mizera passo raiva mas é bom q só a mizera :)
229281290,28.433333333333334,True,0,esse jogo é uma obra de arte na minha primeira vez eu desisti e depois de meses voltei e comecei a jogar a serio e vi que esse jogo é um dos melhores e vale muito a pena jogar
229274249,95.1,True,0,se estressa e volta no dia seguinte no en finitamente
229268221,58.93333333333333,True,0,Que jogo bom! Ja teno mais de 100 oras de jogo (nas outras vezes era pirata) e aco esse jogo fenomenal
229259409,69.21666666666667,False,0,eu joguei e consegui evolui muito pra dps de tanto trbalho para o meu save simplesmente sumi e eu nunca mais poder volta ele
229257024,82.01666666666667,True,0,Divertido para matar o tempo. Mas muito complexo para lutas com bosses
229217264,49.63333333333333,True,0,"Uma obra de arte - Hollow Knight. Terminei o game, me empolguei tanto jogando esse jogo, bem desafiante e divertido ao mesmo tempo. Um dos melhores jogos 2d, metrovania que já joguei. Comprarei a sequência em breve. Falando sobre valores, é sensacional pensar que o que esse game entrega e pelo valor que ele cobra, simplesmente é inacreditável. Parabéns aos criadores, toda equipe. Espero que mais pessoas tenham a mesma sensação que tive ao sair do jogo. - Little Ghost fez história hahaha. ""What a journey"""
229208635,15.166666666666666,True,0,"É a quarta plataforma que eu jogo esse jogo, e cada vez fica melhor que a próxima, amo esse mundo, amo o conforto que essa jornada me trás e o quanto carinho tem acumulado na produção dela, difícil dizer entre esse e Silksong qual meu jogo favorito da vida, esse foi meu primeiro jogo difícil da vida, Silksong me fez me apaixonar de novo por videogames de maneira que nunca achei que aconteceria novamente com tanta intensidade, fato é que eu recomendo muito esse jogo, ele pode ter uma curva de aprendizado meio absurda de início, mas quando pegar o jeito você vai amar (inclusive, eu fiquei surpreso como eu passei de todos os chefes de primeira, dava para ter jogado no modo alma de aço se viesse desbloqueado de início kkkk)"
215254700,246.4,True,0,não sei se estou jogando hollow knight ou GeoGuessr 10/10
229197501,23.3,True,0,"compra aí mn , é barato e bom , n tem oq reclamar"
229193553,11.95,True,0,"Ja platinei no Ps5 e agr to tentando no PC, jogo maravilhoso"
229190785,41.733333333333334,True,0,"melhor jogo da minha vida essa obra prima melhor que a monalissa,os graficos sao perfeitos,a historia e perfeita e a jogabilidade tbm"
228509652,24.166666666666668,True,0,"esse jogo é um sentimento, trilha sonora incrivel, jogabilidade fantastica e chefes extraordinarios, eu amo esse jogo, recomendo que comprem!!!!!!!"
229189648,20.083333333333332,True,0,"melhor jogo indie do mundo,a unica coisa que me atrapalha na experiencia desse jogo é meu vicio em jogar ouvindo musica e me faz perder a trilha sonora incrivel desse jogo"
229187039,154.73333333333332,True,0,Jogo bom pra krl.... certeza que ele aconteceu no quintal de um desses manos
220370875,35.416666666666664,True,11,"Minha primeira verdadeira experiência metroidvania e ela não poderia ter sido mais perfeita e mais única, Hollow Knight me proporcionou isso das melhores e mais diversas formas, com sua arte maravilhosa, com seu mundo rico, belo e trágico, com tantas e tantas histórias pra contar e mensagens para passar, acompanhando é claro de uma jornada de descobrimento, dificuldade e aprendizado, todo o conjunto da obra faz desse um jogo muito especial, que ganhou o meu coração. O universo construído aqui é tão criativo e único, que você não encontrará nada parecido, você definitivamente se sente ali dentro, sente a vontade de explorar, o medo das áreas mais macabras e bizarras, e entende toda a transformação que aquele mundo passou, e como isso afetou a todos. Mesmo que simples, o combate funciona muito, tendo algumas combinações com as habilidades, e desbloquear cada uma delas é uma sensação ótima de progresso, aqui não precisamos ter uma árvore de habilidades, upar ou coisas do tipo, aqui a nossa jornada vai nos recompensando, e quanto mais entendemos, mais sentido tudo isso faz. Eu jamais irei esquecer a sensação de entrar na Cidade das Lágrimas, e aquela trilha sonora arrepiar até a minha alma, é uma combinação de arte e trilha sonora de outro mundo, e muitos lugares tem um impacto tão grande, que definitivamente você termina marcado com muitas memórias. E falando em direção de arte, claramente você vê o quanto de carinho e amor foi colocado em tudo, como tudo foi pensado com calma, com dedicação, e faz Hollow Knight ter um visual único e marcante, é lindo parar, admirar, e sentir o que queriam passar pra gente."
217700523,33.6,True,0,"Um dos maiores jogos da minha vida, se não for o maior, é realmente uma obra prima, tenho um carinho absurdo por esse jogo, muito obrigado Team Cherry."
229152383,34.016666666666666,True,0,"Jogo ótimo para quem gosta de metroidvanias, mas tem que gostar MESMO de luta de bosses, assim como eu."
229150210,29.466666666666665,True,1,"Sinceramente, Hollow Knight não é só um jogo. Hollow Knight é uma filosofia extremamente profunda com uma história bela, zerei esse jogo em outros softwares e não me arrependo de agora comprar ele pra ter as conquistas guardadas. Caso você goste de metroidvanias e jogos indies COMPRE, pode ser seu próximo jogo favorito"
229146522,30.05,True,0,"Não importa quantas vezes eu termine esse jogo, ele continua sendo incrível"
229146040,130.36666666666667,True,0,esse jogo e muito bom recomendo para todos vale muito a pena
229126818,152.4,True,0,"Meu jogo preferido, não mudaria nada. É a perfeição do inicio ao fim e a platina mais satisfatória que já consegui. Jogo feito com alma, por pessoas de verdade. Obra de arte."
229124046,47.2,True,0,"Simplesmente o melhor game metroidevania já feito, entre um dos melhores jogos da minha vida, tudo enredo subscrito nas entrelinhas, todo canto do mapa tem alguma parte da história, além de ser uma delícia achar passagens secretas pela primeira vez, o carinho no desenvolvimento é muito nítido, embora silksong seja uma melhora de tudo ainda prefiro muito mais esse primeiro jogo com o icônico knight, ""vou tatuar um dia aliás"", a experiência de se perder e achar o caminho é a cereja do bolo, aproveitar a exploração ao máximo, muito obrigado team cherry por me apresentar esse gênero de uma forma tão inexplicável."
158671004,612.5,True,0,"Hollow Knight é um dos jogos mais bonitos e bem feitos que já joguei. com um mundo cheio de detalhes e personalidade. A gameplay é bem fluida e divertida, com várias habilidades que você vai pegando e que deixam o personagem cada vez mais forte. As lutas contra os bosses são bem desafiadoras e dão aquela sensação boa quando você finalmente vence uma batalha quase impossivel O jogo também é meio difícil em alguns momentos, então você vai morrer bastante até aprender os padrões Mesmo assim, é um jogo incrível, simplesmente um dos melhores jogos indie já feitos. Recomendaria isso aqui 1000 mil vezes: ∞/10"
187834466,8.066666666666666,True,0,"muito foda pena que não tem porno de inseto, soq é 10/10 tirando isso Edit: oh meu Deus, o que eu disse..."
229111846,53.18333333333333,False,9,Para de ver avaliaçao negativa e compra essa perfeiçao em forma de jogo logo
229110397,0.5,True,0,Jogo Incrivel consegui todas as conquistas na versão Ps5 agora estou aqui na Steam!
229108907,10.416666666666666,True,0,"cara, joga hollow knight. no começo parece difícil, mas depois que você pega o jeito fica muito viciante. a exploração é muito boa, os bosses são desafiadores, a trilha sonora é linda e o mundo do jogo é incrível. vale muito a pena."
229103293,40.06666666666667,True,0,one of the best metroidvania out there and if you havent played it yet you need to buy it now
206657333,54.96666666666667,True,0,"HOLLOW KNIGHT No começo, há apenas silêncio. Um pequeno ser desperta diante de um portão antigo, envolto em névoa e mistério. Não há vozes para guiá-lo, nem setas apontando o caminho. Apenas o som distante de gotas caindo e o eco de passos solitários. Assim começa Hollow Knight. Logo abaixo daquele portão existe Hallownest, um reino esquecido nas profundezas da terra. Um lugar onde o brilho da civilização já se apagou, restando apenas ruínas e ecos de um passado glorioso. Cada túnel, cada ponte quebrada e cada muralha rachada parecem contar uma história não em palavras, mas em atmosfera. Você desce, sem saber o motivo. Enfrenta pequenos insetos enlouquecidos, descobre caminhos escondidos, encontra viajantes tão perdidos quanto você. Um velho cartógrafo apaixonado e sua amada, uma guerreira em busca de propósito, uma máscara branca que observa de longe. A cada encontro, o mundo se expande um pouco mais e, ao mesmo tempo, fica mais triste. Não há pressa em Hollow Knight. Você se perde, morre, volta, tenta de novo. Aprende a ler o mapa de cor, a reconhecer os sons dos inimigos antes de vê-los. Aos poucos, o desconhecido vira familiar e isso é o que torna tudo tão recompensador. As batalhas são intensas, quase como danças. Cada chefe é uma prova de paciência e precisão. Você apanha, observa, aprende, tenta novamente… e quando finalmente vence, a música muda, a respiração alivia, e a sensação é de puro êxtase e euforia. Não é uma vitória qualquer é a vitória de quem insistiu. Mas o que mais impressiona é como o jogo conta sua história sem falar quase nada. As respostas estão escondidas em cantos escuros, em fragmentos, em palavras de personagens que parecem sussurrar verdades antigas. Aos poucos, você entende que Hallownest é mais do que um cenário: é um túmulo, um sonho tomado pela escuridão, um aviso silencioso sobre o preço do sacrifício. E quando o fim chega seja qual for o final que você alcance, há um sentimento agridoce. Não é felicidade, nem tristeza completa. É algo entre os dois, como acordar de um sonho bonito demais para ser real. Hollow Knight não te conquista com grandiosidade, mas com elegância e respeito pela sua curiosidade, pela sua paciência, pela sua vontade de entender. É um jogo que não grita por atenção ele sussurra. E, quando você percebe, o sussurro ficou dentro de você, ecoando muito depois dos créditos subirem."
229088720,49.266666666666666,True,0,passei quase 2 meses pra passar dos panteao. JOGAÇO DA PORRA COMPREM
229083191,49.63333333333333,True,0,o jogo e mt bom so nao fiz true ending pq tenho preguiça mas estou na busca ainda e vou tentar platinar mas o jogo e incrivel e sempre sera o meu jogo predileto
229081768,20.816666666666666,True,0,"Extremamente divertido e viciante,a exploração do jogo é ótima,ele é super recheado de conteudo,joguei por 13 horas e ainda estou na metade do jogo aparentemente, definitivamente um 10/10"
229077156,183.88333333333333,True,0,"Melhor jogo que já joguei... O jogo é tão bom que mesmo após a platina de 162 HORAS, resetei todas as conquistas e estou no caminho de platinar de novo."
229054952,5.45,True,0,segundo melhor jogo indie(na minha opinião) porque só perde para silksong
229032690,42.483333333333334,True,0,Uma obra prima. cada area consegue transmitir uma atmosfera unica.
229022309,32.233333333333334,True,0,"Esse jogo chega a me dar arrepios, um dos melhores indies já feitos na história"
229016544,7.083333333333333,True,0,"O inferno existe, crianças e ele se chama Hallownest - Não tem cachorrooooo <3"
229016302,5.8,True,0,eu instalei achando que seria igual cuphead e descobri que na verdade é um simulador de caminhada com obstaculos.... 10/10
191566880,252.55,True,0,"Isso é muito mais que um jogo, é uma experiência que só jogando pra entender e sentir. Queria poder apagar da minha mente esse jogo só pra poder jogar de novo!! Compre e goze dessa maravilha!"
229005706,3.3,True,0,alguem me ajuda stalar mod pelamor de deus ja tentei 100 vezzzes em 10 dias sem dormir porfavor me ajudem quem quiser me chama no pv pfv
208957346,55.7,True,0,"Um jogo extremamente bem polido, complexo, requer e recompensa a insistência do jogador, por muitas vezes é necessário parar e ver um tutorial, mas o jogo vale muito a pena sem a menor duvida"
228997897,46.016666666666666,True,0,"Um dos melhores jogos que joguei se perde no meio acha um boss derrota ele fica mais perdido, nesse tempo tu acha ate o boss final e demora um tempao pra matar e depois tu so tem que matar todos os boses em sequencia sem morrer top demais"
203415272,44.45,True,0,muito bom jogo se desiste na primeira vez e volta e adora o jogo
228974713,139.95,True,0,"Esse jogo é o significado de perfeição. Gameplay, soundtrack, game design, criatividade e história incríveis, Hollow Knight é uma experiência, que faz você feliz, triste, raivoso, confuso e, apesar de tudo, grato. Não consigo dizer uma bossfight ou parte deste jogo que não seja prazerosa, bem pensada e linda. Essa obra de arte vale cada centavo do seu dinheiro, eu prometo. Dica: não faz o panteão (você vai entender o porquê)."
183074157,133.16666666666666,True,0,"Abracei o Vazio e Ele me abraçou de volta, 10/10. 🖤"
228942244,66.91666666666667,True,0,"Se você está aqui para decidir se compra ou não o jogo, escute só isso aqui: >>> Não existe um jogo que envelheça melhor que Hollow Knight. <<< Hollow Knight é um jogo que a princípio, você não vai ligar para ele. Mas quando você encosta no jogo, você vai se apaixonar por tudo. Os personagens são muito carismáticos e interessantes, cada um tem uma história muito rica, motivações mais marcantes que metade da cultura pop e muito bem desenhados. Não só isso como o mundo em que você é jogado te fará sentir todas as emoções já descobertas pela humanidade e por novas emoções. Você vai ficar hipnotizado com os cenários deslumbrantes, em choque com o quão assustador algumas áreas conseguem ser. É uma fusão de calafrio com maravilhado. E nem se fala da trilha sonora. Cada música composta com coração e alma impostas na música, trazendo um fluxo de adrenalina incessante durante os combates e uma calmaria inexplicável, ao ponto de que você vai querer deixar o jogo aberto no menu, só pra ouvir a música em loop durante horas. A gameplay é punitiva do jeito certo. Você precisa ser bom no jogo, ter tempo de reação para esquivar dos ataques, saber quando atacar e quando fugir e ter reflexos rápidos para ser habilidoso na movimentação complexa que esse jogo pode ter (se você sabe, você sabe). E se quiser enfrentar os desafios maiores desse jogo, acredite em mim, você vai precisar saber disso tudo. Ou se você for muito bom em montar um arsenal de medalhões que possuam sinergia, você só precisa confiar em sí mesmo. Esse jogo é literalmente perfeito."
199663689,116.18333333333334,True,2,"Quando comprei, joguei por umas duas horas, não aguentei e parei. Voltei para os jogos online que costumava jogar, mas já estava ficando entediado com videogames no geral. Meses depois, resolvi dar outra chance. Comecei do zero e, dessa vez, fui fundo. Explorei, me envolvi e fiquei com vontade de ir cada vez mais longe. Queria descobrir tudo o que esse mundo tinha a oferecer. E, olha... esse jogo tem muita coisa. Enquanto eu jogava, minha vida ia acontecendo, muitos altos e baixos, mas, no fim de cada dia, Hallownest estava lá. Um mundo à parte, sempre pronto para eu me perder nele. Depois de muito tempo, terminei o jogo. E, pela primeira vez, senti vontade de ver tudo o que ele tinha. Quis ""platinar"", completar cada detalhe. Prometi que só faria uma análise quando chegasse lá. E agora, depois de seis meses entre idas e vindas, finalmente alcancei os 100% das conquistas. Eu amo esse jogo. Ele me devolveu a paixão de jogar."
228934222,7.566666666666666,True,0,realmente uma experiencia nova para mim mesmo com um conbate meio basico o jogo consegue ser muito dificil muito dificil muito dificil muito dificilmuito dificilmuito dificilmuito dificilmuito dificilmuito dificilmuito dificil
228921849,33.28333333333333,True,0,"o joguin bom da prr bixo, sonora, boses, ambiente, movimentação, te faz passar raiva as vezes? claro, q jg n faz né? mas quando vc mata aquele boss q vc deu até teu ku pra mata, ai é uma deliçia"
228918683,5.333333333333333,True,1,"Muito good, fico meio perdido as vezes mas depois me acho. a atmosfera do game é muito boa, game muito lindo, muito bom recomendo"
208091900,169.95,True,0,"Jogo bão da pourra, so compre e jogue logo, se não gostar jogou errado"
228888227,197.18333333333334,True,0,"esse foi o melhor jogo que já joguei em minha vida, sem exagero, você deve jogar esse jogo"
204056832,1.6333333333333333,True,0,"Hollow Knight é um daqueles jogos que mostram o quanto um estúdio independente pode entregar uma experiência inesquecível. O mundo de Hallownest é gigantesco, cheio de segredos e recompensas para quem gosta de explorar cada canto. A direção de arte desenhada à mão é linda, a trilha sonora cria uma atmosfera única e os chefes conseguem ser desafiadores sem parecerem injustos."
228876138,31.95,True,1,"Jogo incrivel, músicas incríveis, combates que vao te deixar maluco, e um mapa que te deixa muito perdido. Perfeito equilíbrio (tenho mais de 200h em outra conta)"
57991588,108.91666666666667,True,1,"Uma obra de arte, um jogo onde a arte e o desenvolvimento de cada personagem são memoráveis e muito bonitos. Cada cenário e personalidade são cativantes e únicos! Simplesmente, cada detalhe me encanta. (review feita em abril de 2017)"
228860814,50.833333333333336,True,0,"Eu odeio o Zote com todas as minhas forças. O cara é um completo inútil, arrogante pra caramba e ainda tem a coragem de agir como se fosse o maior guerreiro de Hallownest, sendo que passa metade do jogo esperando alguém salvar a pele dele. Sempre que começo uma run nova, faço questão de deixar ele morrer pra aquele mini chefe insignificante. É o destino que ele merece. E como se já não bastasse ser insuportável, ainda existe o Grey Prince Zote pra fazer qualquer jogador passar raiva. Na minha opinião, Hallownest fica um lugar muito melhor sem esse cidadão respirando. (MORRA ZOTE.)"
228843026,24.866666666666667,True,0,Simplesmente o melhor jogo já criado na história. Impossível ultrapassar esse nível de perfeição
215057814,83.58333333333333,True,0,jogo de bixa ao inves disso joguem half life e cs2 sem usar hack e aprendem o bhop
228841260,87.83333333333333,True,0,MORRA ZOTE MORRA ZOTE MORRA ZOTE MORRA ZOTE MORRA ZOTE MORRA ZOTE MORRA ZOTE MORRA ZOTE MORRA ZOTE MORRA ZOTE MORRA ZOTE MORRA ZOTE MORRA ZOTE MORRA ZOTE MORRA ZOTE MORRA ZOTE MORRA ZOTE MORRA ZOTE MORRA ZOTE MORRA ZOTE MORRA ZOTE MORRA ZOTE MORRA ZOTE MORRA ZOTE MORRA ZOTE MORRA ZOTE MORRA ZOTE MORRA ZOTE MORRA ZOTE MORRA ZOTE MORRA ZOTE MORRA ZOTE MORRA ZOTE MORRA ZOTE MORRA ZOTE MORRA ZOTE MORRA ZOTE MORRA ZOTE MORRA ZOTE MORRA ZOTE MORRA ZOTE MORRA ZOTE MORRA ZOTE MORRA ZOTE MORRA ZOTE MORRA ZOTE MORRA ZOTE MORRA ZOTE MORRA ZOTE MORRA ZOTE MORRA ZOTE MORRA ZOTE
228830831,81.3,True,0,"jogo muito bom uma história interessante, boss desafiadores, poderes e personagens incriveís"
228830239,163.03333333333333,True,0,"MUITO BOM, no começo era dificil mas com o tempo foi ficando mais facil e mais divertido, joguei muito tempo esse jogo e não me arrependo,"
228829121,96.91666666666667,True,0,"Eu te amo muito Hollow Knight obrigado por tudo ＼(ﾟｰﾟ＼). Jogo fenomenal em todos os aspectos, desafiador, bonito e com uma trilha sonora de arrepiar. Você sente o carinho que o Ari e o William (sem falar é claro do resto da equipe) colocaram nesse jogo que surgiu como conceito em uma Game Jam em 2013, aí já tínhamos nossa primeira aparição do nosso carismático, porém, silencioso protagonista O Hollow Knight, ""Nem inseto, nem besta, nem deus."" A história é contada mas ao mesmo tempo não é tanto, você lê resquícios de informação em grandes painéis de carapaças de besouro, pedras entalhadas e muitas informações você pega através dos próprios NPCs que tem todo o seu charme único e sem contar os inúmeros NPCs que foram feitos em homenagem as pessoas que mais apoiaram a criação do jogo no Kickstarter, totalmente únicos e cheios de personalidade marcante. O jogo é desafiador, vai te segurar por horas em uma luta porque você não vai deixar seu ego ser ferido e vai querer derrotar na marra aquele chefe safado e a sensação depois de conseguir é espetacular sem contar a sensação de derrotar todos os panteões . O jogo vai te trazer muita alegria não só em momentos de triunfo de batalha mas interagindo com os NPCs e descobrindo mais sobre eles e vendo cenas lindas como o ferreiro posando para o Sheo fazer uma pintura dele entre muitas outras coisas lindas. Se você sentir todo esse carinho pelo jogo, eu sugiro que você tente platiná-lo, se você não é uma pessoa que curte platinar o jogo e gosta só de jogar e curtir eu recomendo mesmo assim! É muito recompensador e te prometo que não demora muito, você pode ver guias para as conquistas de speedrun que ao meu ver são as mais chatinhas! Eu amei e aproveitei cada segundo jogado e deixo essa review feita inteiramente do meu coração e pelos meus dedos não por uma IA de bosta. （づ￣3￣）づ╭❤️～ Agora é hora do Silksong"
228828397,184.03333333333333,True,0,"Esse jogo é uma banger hein, puta que pariu Joguei isso pela primeira vez quando vi que tava em promoção e pedi para minha mãe comprar, ela comprou porém só pude jogar após terminar os trabalho de casa, fiz em 4 minuto e fui jogar, abri o jogo e já amei"
228828269,122.13333333333334,True,0,"meu primeiro jogo de plataforma e metroidvania, certamente uma experiencia unica e especial"
228825416,112.93333333333334,True,7,"O jogo é muito legal e divertido! é normal ficar perdido no inicio, pois vc precisa explorar o jogo para conseguir mapas, descobrir novas areas, boses e itens dentro do jogo, o jogo em si é muito bom, no inicio é meio difícil os boses, mas ao longo da gameplay vai ficando mais ""fácil"" jogar. Recomendo bastante!"
176935605,182.15,True,0,"que jogo horrivel mano, eu la jogando nem pra ter a hornet sem ropa 2/10 so porque tem a hornet do silk song"
228818507,14.0,True,0,"Jogo dificíl, porém muito bom, recomendo de mais, assim que eu zerar esse já vou direto para o silksong que já estou ansioso para jogar, se fosse para dar uma nota em estrelas para esse jogo de 1 a 5 eu daria 5 de tanto que esse jogo é bom dificíl é relaxante ao mesmo tempo."
184462037,92.33333333333333,True,0,"Muito Difícil Mas Quando Você Entende, Fica Muito Legal de Se Jogar"
228763453,57.2,True,0,"voce se perde bastante, mas que delicia de jogo, muito bonito, otimo combate, otima lore E MUITO DIFICIL"
228756738,16.283333333333335,True,0,"Mapa mt grande, hornet arrombada. Muito bom o jogo, recomendo."
228754694,91.91666666666667,True,0,"Acredito que Hollow Knight tenha sido o primeiro metroidvania que tive contato. Quando joguei pela primeira vez, me senti perdida e frustrada, morrendo várias vezes até para inimigos bobos. Mas, quanto mais eu jogava, mais o horizonte do jogo se expandia, e cada chefe derrotado trazia uma sensação recompensadora, como se eu pensasse ""eu consegui superar isso"". A arte do jogo é linda, a ponto de eu parar a gameplay diversas vezes só para admirar os cenários ao redor. A trilha sonora é impecável e fica na cabeça por muito tempo. Tudo ao seu redor transmite uma atmosfera de perigo e mistério que desperta uma vontade constante de avançar cada vez mais. Hoje em dia, se tornou um dos meus jogos favoritos. Vivo rejogando várias e várias vezes, e em cada novo save sinto que evoluo mais. É um daqueles jogos pelos quais meu carinho só cresce com o passar do tempo."
228754549,21.466666666666665,True,0,"Esse jogo é simplesmente CINEMA! Tem uma história boa, músicas maravilhosas, gráficos incríveis e a jogabilidade é muito boa. A dificuldade é complicada até você se acostumar."
228754500,45.733333333333334,True,0,"que jogo maravilhoso, é como se as trombetas tocassem nos meus ouvidos dizendo, ``pequeno negrinho se entretenha com toda minha suculencia digital e viva feliz com todas as decisões que te levaram a comprar esse jogo´´ esse jogo mexe com a pessoa de uma forma extratosferica e abismal, compre 100%"
204843547,43.11666666666667,True,0,"Dá pra entender o porquê Hollow Knight faz o coração de muitas pessoas por aí. Tem uma das melhores trilhas sonoras que eu já vi, ganhando até de alguns jogos triple A. NÃO é tudo o que dizem ser, mas ainda sim é um jogo imperdível!! Recomendo"
228744781,169.21666666666667,True,0,muito bom bati no meu amigo 20 vezes e agr q eu zerei o jogo o meu amigo entrou em coma a 30 dias
228733059,205.9,True,1,"jogo massa d+, embora no começo você fica todo perdido sem saber pra onde ir kkkkk. eu gosto de como esse jogo NÃO é injusto, mas também não te trata como você fosse um bebê recém nascido XD. eu tenho mais de 160 horas nesse jogo, ele é facilmente meu favorito."
228731649,23.733333333333334,True,1,"Sinceramente hollow knight é muito bom o cenario é muito bom, jogabilidade fluida, uma obra prima."
228724529,60.21666666666667,True,1,"historia linda, bosses com padrão, vatomanocu tatu bola que taca mini tatu bola, incrivel"
133697134,159.88333333333333,True,1,Mais confuso doq algumas mulheres porém gostei dos bosses e músicas e mecanicas e é bem bonitim e tem umaa historia foda
154662484,48.416666666666664,True,0,"Bonito, difícil, denso e bosses marcantes. Tudo que se espera de um bom metroidvania"
222452541,177.43333333333334,False,1,"Horrivel se voce nao tiver as habilidades. Bem dificil, morre se muito facilmente por qualquer coisa."
228692083,180.06666666666666,True,0,na minha humilde opinião a mc radiância deveria ter direito a 5 minutos de porrada com o mano palido
228689780,366.73333333333335,True,0,"O jogo é simplesmente espetacular a cada passo! Assumir a pele de um mini inseto parece ter tomado conta de mim ate na vida real. Sentia vontade de explorar e descobrir aquele mundo tão vasto e grande, e apesar de enorme, voce fica realizado, porem triste de ter chegado ao fim de uma grande aventura. O carinho nas artes e na gameplay são bem explicitas, e apesar de voce se estressar em MUITOS momentos, é o que eu mais sentia falta em qualquer jogo atual. Confie em mim, se voce quer um jogo que NÃO precise de muitas horas de dedicação e estresse, não jogue. Mas se voce é um nerd tão doido e apaixonada por desafios como eu, recomendo muito, adotei esse insetinho como meu proprio bebe ksskks amo muito mesmo esse jogo, e não faz nem um ano que começei a jogar ou que comprei, serio, se juntem a essa comunidade louca se voces quizerem, pois ela é a melhor que eu já estive."
228668375,87.06666666666666,True,0,maravilhoso esse jogo amo muito rodou muito bem no meu note mad mage ficou feliz
228667745,49.05,True,0,"o nome do jogo condiz com a realidade, apos platinar vc se sente como um cavaleiro vazio jogasso 09/10"
228642735,71.28333333333333,True,0,"Cara, Hollow Knight é um jogo incrível. Toda a parte artística, as animações, as artes, a trilha sonora, tudo é absurdamente bom, não tem como não se impressionar. A jogabilidade também é um ponto muito alto. Os comandos são extremamente responsivos, o que faz a gameplay fluir de um jeito muito gostoso. O sistema de combate e movimentação se complementam muito bem: com os controles precisos, o combate fica satisfatório, e junto com o dash, o pulo e as outras mecânicas de movimentação, fica um jogo gostoso de jogar de verdade. As batalhas de boss são inesquecíveis, cada um completamente diferente do outro, com padrão e estilo próprio. Muito bom. Mas nada disso chega perto da exploração, que pra mim é o ápice do jogo. A sensação de ficar perdido no mapa sem saber pra onde ir é única, o backtracking encaixa muito bem nessa proposta, e quando você finalmente descobre o caminho... cara, é uma sensação f*da. Juntando isso com a atmosfera e a direção de arte absurda do jogo, você vai querer explorar cada canto. Agora, um aviso: se você só quer terminar o jogo, vai ser tranquilo, provavelmente não vai ter muita dificuldade. Mas se você é do tipo que gosta de fazer 100%, guarda esses nomes: Caminho da Dor e Panteão. PQP, isso aqui é coisa de outro mundo. Gastei um tempo absurdo pra passar por esses dois infernos, então se pretende platinar o jogo, já vai se preparando."
74928071,122.33333333333333,True,0,"Esse jogo é simplesmente lindo e incrível com certeza o melhor jogo que eu já joguei,os bosses são incríveis e alguns muitos difíceis enfim melhor indie de todos os tempos"
228632479,38.95,True,0,- novo jogo - ando por meia hora - me perco - tilto por morrer perdido - fecho o jogo - dois dias depois abro de novo - chego onde morri - repito todos os processos até zerar 10/10 jogo bom
228618830,78.16666666666667,True,0,"Joguei pela primeira vez, me perdi no mapa, desisntalei, instalei dnv, me perdi, 2 horas depois achei o caminho certo, e quando fui ver já tinha acabado. Mt ruim 9/10"
228616064,16.783333333333335,True,0,"Não me julgue pela pouca quantidade de horas que tenho! Isso é apenas na steam, vim aqui só pra ressaltar mais uma vez o quão lindo esse jogo é, mesmo que seja muito difícil e nada acolhedor diversas vezes, assim que você começa a pegar o jeito da gameplay e da exploração, o resto da história principal flui que nem água, o jogo ele passa uma vibe bem tranquila e melancólica, as músicas, pelo menos grande parte delas, são mais lentas, justamente com esse objetivo! E falando em músicas, a melhor a da luta contra o Nightmare King Grimm e pense numa luta incrível! . Mas esse jogo é realmente incrível, contando com lindos cenários e ótimas bossfights. Talvez não seja seu estilo de jogo, mas sempre vale a pena dar uma olhada!"
217195544,95.41666666666667,True,0,"só compre se tiver muito dinheiro no bolso, o tanto que tu vai gastar com teclado/controle não é brincadeira"
228607089,58.0,True,2,"Um jogasso! Não irei me atrelar a elogios para ambientação, arte, mapa, bosses, conteúdo e etc, mas específicamente a trama!! Comecei a jogar pelo desafio de um metroidvania, mas continuei pela trama. Se você é do tipo que realmente se afunda na lore do que consome, seus significados e filosofia, esse jogo vai ser absurdamente lindo pra você, e recomendo ele ao extremo! Você entra questionando quem é você e porque tá fazendo tudo aquilo, enquanto no fim do jogo você está sendo mais movido pela trama do que pela dificuldade. E claro... Se você é do tipo que gosta de se desafiar, Hollow Knight tem um dos melhores (se não O MELHOR) endgame que já vi! Evitando spoiler, mas são níveis que realmente requer um domínio mecânico do jogo. No geral, é um dos melhores jogos que você vai consumir, sem exagero algum. Então boa jogatina, Receptáculo!"
228599636,154.95,True,0,"Os desafios são muito bons e conseguem ser difíceis na medida certa, dando uma sensação ótima de progresso quando você supera um chefe ou uma área complicada. A trilha sonora é perfeita e combina muito bem com cada ambiente, deixando a exploração ainda mais envolvente. Além disso, o mapa é muito bem construído, a direção de arte é linda, os controles são precisos e a exploração recompensa a curiosidade do jogador com segredos e habilidades novas. A história é contada de forma sutil, despertando interesse sem precisar explicar tudo de forma direta. No geral, Hollow Knight é um jogo extremamente bem feito e uma experiência que vale muito a pena para quem gosta de metroidvanias e desafios"
228598811,61.35,True,0,"Gameplay crocante, gráficos estilosos, trilha sonora absurda de boa e uma dificuldade muito bem ajustada (salvo o panteão, que foi feito pra ser uma desgraça mesmo). Ele merece todo o sucesso mesmo."
228589000,36.93333333333333,True,0,"gostei do tipo de jogo,mesmo ele fazendo eu ir pra terapia,é um ótimo jogo 10/10"
228588530,119.75,True,0,"entro em uma área qualquer, morro, perco uma vida que aparentemente não vai fazer falta, morro, encontro uma primal aspid, morro tambem, otimo jogo recomendo muito!"
228585583,148.65,True,0,uma experiencia única que todo mundo deveria usufruir pelo menos uma vez na vida!
228571015,105.33333333333333,True,1,"Existem muitos jogos que eu considero incríveis, mas Hollow Knight ocupa um lugar especial. Para mim, ele é simplesmente o melhor metroidvania já criado. Cada área de Hallownest transmite uma sensação única de descoberta, mistério e melancolia, enquanto a trilha sonora transforma cada momento em algo memorável. A exploração é recompensadora, os chefes são desafiadores na medida certa e a história consegue emocionar sem precisar explicar tudo diretamente ao jogador. Se eu tivesse que escolher apenas um jogo para representar o gênero metroidvania, seria Hollow Knight sem pensar duas vezes. Uma verdadeira obra-prima que todo jogador deveria experimentar pelo menos uma vez"
228540466,147.3,True,0,"Vamos lá. Este é o melhor jogo que eu já joguei na minha vida, com bosses fights desafiadoras o suficiente pra você quebrar a tela do seu notebook ao morrer pela Radiância Absoluta no final do quinto panteão. (experiência própia). Mas quando vence, você tem a maior sensação de vitória possível, é inexplicável a sensação. As ""sountracks"" são MARAVILHOSAS, sendo a minha favorita durante a batalho do Grimm Rei do Pesadelo (támbem conhecido como melhor boss do jogo). Aliás, nunca achei que iria gostar tanto de um jogo de insetos kk."
216803673,12.966666666666667,True,0,"Hollow Knight: um jogo fascinante. Me prendeu de uma maneira incrível. Na minha primeira gameplay — ou melhor, na minha primeira zerada — levei cerca de 54 horas para derrotar o Hollow Knight. Mesmo tendo demorado tanto, não senti o tempo passar. Foi uma experiência realmente única e leve, daquelas que te fazem querer explorar só mais uma área, enfrentar só mais um chefe e descobrir só mais um segredo antes de desligar o jogo. O mundo é extremamente bem construído, cheio de mistérios, personagens marcantes e lugares que despertam curiosidade a cada passo. A trilha sonora, a direção artística e a sensação de progressão se encaixam perfeitamente, criando uma aventura difícil de esquecer. Além disso, a exploração é recompensadora o tempo todo. Sempre há algo novo para encontrar, seja um caminho escondido, uma habilidade importante ou um desafio inesperado. Isso faz com que a jornada seja tão divertida quanto o destino final. Recomendo de verdade para qualquer pessoa. É um daqueles jogos raros que conseguem ser desafiadores, envolventes e memoráveis ao mesmo tempo. Uma experiência que vale cada minuto investido"
228530150,89.03333333333333,True,4,"Sempre achei muito exagerado quando consideravam o HK como um jogo ""completamente inovador"" antes de retornar ao jogo após 5 anos que joguem pela primeira vez (fiz inicialmente 109%). Não tenho muita competência para falar com propriedade sobre jogos metroidvania, mas consigo entender completamente o hype com a jogabilidade, atmosfera e criatividade que esse jogo proporciona. Recompensa (e muito) se você quiser ir além do final inicial, com novos bosses e lore que te imergem mais em um mundo que é incrível. Assim, amei demais a nova experiência que tive com esse jogo e fiquei feliz por ter retornado nele para fazer os 112% depois de curtir o SilkSong. Acho que sempre vai ser uma questão de momento mesmo. Sendo assim, esse jogo clickou muito para mim recentemente e posso afirmar que foi uma das melhores experiências em jogos que já tive."
228520960,183.03333333333333,True,0,que jogo frustante e viciante q jogo bom e de dar odio recomendo so uma dica : n tem dica
228515745,51.483333333333334,True,0,"Melhor jogo que ja joguei em toda a minha vida, tudo em Hollow Knight e perfeito exeto os tatus bolas porém o resto é muito bom"
228508614,146.53333333333333,True,0,"minha relação com esse jogo e tipo mulher de traficante, leva tiro e porrada e ainda sim eu nao paro de jogar. adendo eu sou a mulher"
228499185,29.183333333333334,True,1,"umna frase ""sabe onde eu to, nem eu kkkkkkkkkkkk"" jogo muito bom recomendo"
228481763,9.583333333333334,True,0,sla. Joguei por umas 5 horas e apaguei meu save sem querer. Pelo menos eu me perco menos no mapa agora
228415812,219.15,True,0,"bem hollow, muito knight gostei porque é legal e é bem bom (juybinho tmb gostou)"
154717656,385.25,True,1,"Gameplay simples de inicio, porém vai se complicando com a evolução. Musicas instrumentais insanas e efeitos sonoros bons. As DLCs são relativamente complicadas mas dão uma ótima sensação quando completas (principalmente tudo que envolve o salão dos Deuses e o panteão. A arte desse jogo é maravilhosa, cenários muito detalhados para acompanhar as musicas, os mobs comuns são bem simples, mas a grande parte dos bosses tem um design bem único e que normalmente indicam curiosidades sobre sua história e forma de combate. História bem complexa com a evolução de outros personagens a não ser o protagonista da história ""hollow knight"", vale muito a pena prestar atenção em cada detalhe, além de que algumas partes pedem para que o jogador escolha um caminho, deixando um NPC viver ou salvando ele. Unica coisa que não gostei é que tem alguns objetivos muito difíceis mesmo, tipo toda a missão da flor pálida a Radiancia Absoluta e o grande modo alma de aço (Claro que pode buscar macetes para lidar com esses desafios no Youtube Reddit ou sei lá, mas ter que sair do jogo pra buscar informação como no caso da flor pálida é um pouco desagradável)."
228327688,127.88333333333334,True,0,"Hollow Knigth: É uma das melhores experiencias que joguei, provavelmente o melhor Metroid Vania, com coisas incríveis, história misteriosa mas interessante, uma gameplay maravilhosa, Npc's marcantes, e Boss Fight's muitos boas e perfeitas. Sinceramente é uma carta de amor para os games, não á toa é amado, inclusive por mim, obrigado Team Cherry."
228451807,422.1,True,0,"As primeiras 400 horas são pra aprender sobre o jogo e se acostumar com ele, depois disso é só alegria..."
228443312,24.85,True,0,jjjjjjjjjjjjjjjjjjjjjjjjjjjjjjjjjjjj j j j j jjjjjjjjj jj j jj j j j j j j jjj j j j j j j
179876452,247.86666666666667,True,0,"Cara, Jogo Muito Bom, Personagens Marcantes, Músicas ótimas, Arte Que Não tem NEM O QUE FALAR, Só acha vai com Tudo Nesse Jogo, tu vai jogar por uma semana, vai perder o hype, mas quando tu voltar a jogar🎮🔥"
228440445,49.516666666666666,True,0,"Mano, simplesmente um dos melhores indie que já joguei superou todas minhas expectativas e valeu a pena cada centavo."
228430101,36.88333333333333,True,0,esse jogo e bueno e meu amigo gordo recomendou ele e ele e um gordo sacana
228425374,116.66666666666667,True,0,"Jogo cinema absoluto, recomendo para todo jogador que curte um mundo aberto e historia pq esse joguinho tem tudo e mais um pouco. Jogo desde 22 e continua insano mesmo hoje. Joga logo isso e o Silk Song, não vai perder nada, única coisa que acho difícil e tem de colocar um esforço a mais é a platina, as ultimas são complicadas e requerem tempo mas vale a pena nos dois jogos. Compra e joga logo, quem não tem está perdendo muito."
228414665,185.25,True,1,Simplesmente o jogo perfeito. Nada descreve o quão perfeito é jogar esse jogo.
228413579,11.866666666666667,True,0,Um jogo indie bem divertido tem exploraçao eu recomendo muito a historia e muito boa mais tem um detalhe e dificil que caramba por mais que seja bom legal e divertido e dficil demais eu por exemplo tenho 12 horas e ate agora nao zerei entao nao e um jogo pra qualquer um e dificil pra cacete
228389201,86.13333333333334,True,0,"O que dizer desse jogo incrível? simplesmente ambientação impecável, trilha sonora de cair lágrimas e uma gameplay viciante até demais."
228378562,62.416666666666664,True,0,"É um jogo incrível sem duvidas, minha única reclamação é que o modo multiplayer é feito por mods"
228359599,22.65,True,0,"Jogo incrível, ótimo em tudo que lhe é proposto! Lutas intensas com boses diversificados, exploração divertida, trilha sonora perfeita, evolução dinâmica e mais. Se você busca por um jogo que lhe traz diversão e dificuldade ao mesmo tempo, esse é o jogo. É necessário ter um pouco de paciência, pois no começo pode parecer muito difícil, você vai se sentir um pouco perdido em alguns momentos e provavelmente vai querer desistir por conta do jogo não entregar as coisas para você facilmente, mas permaneça firme e disfrute dessa obra prima dos metroidvania!"
228345460,155.71666666666667,True,0,Provavelmente o metroidvania mais importante e influente desde os clássicos. Eu diria que pode mudar o nome do gênero para hk-like. Experiência obrigatória.
228299112,50.5,True,0,"Um dos melhores jogos que já joguei, mas passo muita raiva pra alguns bosses"
228296458,160.13333333333333,True,0,"jogo Brutal de tudo, Fodástico, incrivelmente difícil e gostoso de jogar simultaneamente, sabe usar a chatice do jogo, cosplay de cego em todo mapa novo, boses criativos, eu era um mimado fudido q só jogava joo de retardado e mudei por causa desse jogo, recokmendo 100%, tenho no pc, celular e ps4, 500h+ no total e ainda volto todo mês jogar um pouco"
228295980,110.05,True,0,"jogo foda, só ter paciência com o mapa e os boses."
228291144,5.65,True,0,"jogo bom, exploração vasta, muitos inimigos e chefes legais de serem enfrentados, no geral um ótimo jogo"
228286952,51.65,True,0,"para quem gosta de jogo dificil e longo, com muita diversão e caminho proprio, esta ai o jogo que precisa"
228277689,5.666666666666667,True,0,eu tenho bem mais horas e oque posso dizer é.... que master piece
228263149,183.25,True,0,"Jogo perfeito, simplesmente isso. Esse é o meu jogo preferido, já fiz trabalho escolar sobre e sei toda a historia, tudo sobre esse jogo é perfeito, a ambientação, musicas, batalhas, historia, etc. Amo de coração esse jogo!!!!!!!!"
228262233,29.783333333333335,True,0,Queria jogar esse jogo tipo como se fosse a primeira vez
228256367,133.15,True,0,muito bom não dormi dias para platinar muito bom mesmo recomendo demais
228254621,46.21666666666667,True,0,"**Nota: 10/10** Meu Deus... fazia muito tempo que um jogo não me deixava tão fissurado quanto Hollow Knight. Era aquele tipo de experiência em que eu passava o dia pensando no jogo e não via a hora de chegar em casa para ligar o computador e tentar novamente aquela parte que me matou 50 vezes no dia anterior. E, quando finalmente conseguia passar, a sensação de conquista era simplesmente fantástica. Hollow Knight não pega leve. Em vários momentos você vai morrer, se perder, ficar frustrado e questionar suas escolhas. Mas é justamente aí que está a magia do jogo. Cada vitória é conquistada com esforço, e a recompensa emocional por superar um desafio é muito maior do que em jogos que entregam tudo de mão beijada. Além da jogabilidade impecável, o mundo criado é espetacular. Existem momentos em que você simplesmente para de jogar por alguns segundos para admirar o cenário, a ambientação, a trilha sonora e o cuidado colocado em cada detalhe. Poucos jogos conseguem transmitir tanta personalidade e atmosfera. Minha recomendação é simples: jogue no escuro. Não procure guias, mapas, builds ou vídeos na internet. Explore, erre, se perca e descubra tudo por conta própria. A experiência fica infinitamente melhor dessa forma. Sim, é um jogo difícil. Mas justamente por isso cada descoberta, cada chefe derrotado e cada nova área encontrada se tornam memoráveis. Um dos melhores jogos que já joguei. **Pontos positivos:** * Combate extremamente satisfatório * Exploração recompensadora * Mundo lindo e cheio de personalidade * Trilha sonora incrível * Sensação de conquista incomparável * Excelente relação entre desafio e recompensa **Pontos negativos:** * NÃO TER JOGADO ANTES!!!!! Quem é Louco de ver ponto negativo neste jogo????"
228217532,250.7,True,1,"Um jogo extraordinário, dito como o melhor jogo Indie de todos, carrega consigo, uma jogabilidade intensa e desafiadora, com gráficos e texturas extraordinários, e uma ótima história por trás do jogo."
228210512,55.5,True,0,"Ainda pretendo conseguir mais finais e ir atrás de conquistas, mas sei o suficiente pra poder avaliar. Posso ter sido modinha e começado por Silksong quando viralizou, mas mesmo indo da versão ""melhorada"" para a base eu não me decepcionei de forma alguma, o jogo é espetacular, muito divertido e desafiador, muito belo e os personagens são cativantes . Sinto que sempre tem algo a mais para fazer caso o desafio atual seja muito difícil no momento. É uma experiência incrível e vale cada segundo e cada centavo. Talvez você não ache o jogo tão incrível na 1° ou 2° tentativa, mas na 3° você vai se apaixonar hehe experiência própria. Super recomendo ."
228146238,48.333333333333336,True,0,"Posso dizer que Hollow Knight foi uma das melhores experiências que já tive em um videogame. No começo eu achei que seria apenas mais um jogo de plataforma, mas logo percebi que ele é muito mais do que isso. O que mais me marcou foi a sensação de descoberta. Cada nova área que eu encontrava parecia esconder algo interessante, seja um personagem diferente, um segredo ou um chefe desafiador. O mapa é enorme e dá uma satisfação enorme quando você percebe como tudo está conectado. O combate também é excelente. Cada vitória contra um chefe difícil parece realmente conquistada, porque o jogo exige que você aprenda os padrões e melhore suas habilidades. Em vários momentos eu passei raiva tentando derrotar alguns chefes, mas a sensação de conseguir vencer depois foi incrível. Outro ponto que me conquistou foi a atmosfera do jogo. A trilha sonora é linda, os cenários são memoráveis e a história é cheia de mistérios. Mesmo sem contar tudo diretamente, o jogo faz você querer descobrir mais sobre aquele mundo. O mais impressionante é que tudo isso foi feito por uma equipe pequena. Pelo preço que custa, Hollow Knight entrega uma quantidade absurda de conteúdo e qualidade. Se você gosta de exploração, desafios e jogos que deixam uma marca depois de terminados, Hollow Knight é uma experiência que vale muito a pena. Para mim, foi um daqueles jogos que, quando acabou, deixou aquela sensação de querer poder jogar pela primeira vez novamente."
228144508,80.21666666666667,True,0,"Gosto muito desse jogo. Apesar da dificuldade em alguns momentos, me diverti demais jogando. Ainda não zerei e sei muito bem o que me aguarda no final: a maldita da Radiância Absoluta. Mesmo assim, tenho certeza de que vou me divertir muito, assim como me diverti até agora. Tanto o jogo base quanto a DLC Trupe Grimm são incríveis."
228131915,37.166666666666664,True,0,"cara esse jogo fez eu querer fazer batalhas de vasora com a aranha da minha parede, recomendo"
228123743,38.05,True,0,"jogo simples mais muito bom, historia boa, chefes divertidos e desafiadores, tudo que um gamer procura em um jogo, podem comprar sem medo o jogo é bom de vdd"
212369199,65.56666666666666,True,0,"Um jogo que é uma junção de graficos lindos, ótima jogabilidade, soundtrack incrível, morte atras de morte. Os bosses desses jogo são a melhor parte, e a história é muito boa tbm. e primal aspid pior inseto desse jogo🖕"
228100639,71.96666666666667,True,0,"Hollow Knight é uma obra-prima indiscutível do gênero Metroidvania e um dos jogos mais artísticos, desafiadores e imersivos já criados. A atmosfera de Hallownest, a trilha sonora melancólica e a jogabilidade extremamente precisa fazem dele uma experiência obrigatória para qualquer fã de videogame."
130222254,186.83333333333334,True,0,"Esse jogo é uma aula de como se criar uma obra de arte. Há vários pontos que fazem este jogo se tornar uma obra prima pra mim, como, sua ambientação, personagens, soundtracks e game design são vários dos motivos. Hollow Knight é fascinante, não há palavras pra descrever o sentimento de entrar de cabeça na história e com o tempo você decorar cada lugarzinho do mapa. O jogo lhe bota no lugar de um cavaleiro em um reino antigo chamado Hollownest, com sua própria história e personagens importantes, com áreas desafiadoras, bosses difíceis e uma mecânica de batalha/movimentação extremamente gostosa de se usar, que de inicio pode ser desafiadora, mas quanto mais você vai pegando o gosto, mais gratificante e recompensador é. Digo mais uma vez, pois é algo na qual Hollow Knight faz com maestria, ainda mais em um jogo como este: Sua arte e design visual na qual os ambientes são meticulosamente projetados, com detalhes cuidadosos e uma paleta de cores que transmite perfeitamente a atmosfera melancólica e sombria do jogo. Sua exploração em uma região que você não faz ideia de onde ir dando uma sensação de liberdade, pois ao mesmo tempo em que você pode ir pra qualquer lugar que quiser e tiver vontade, é incrivel. O jogo lhe limita á ir em algumas áreas, mas de um jeito balanceado que acaba dando uma liberdade ao jogador. O jogo é repleto de segredos, áreas ocultas e caminhos alternativos, encorajando os jogadores a investigar cada canto do mapa. A trilha sonora de Hollow Knight é magistralmente composta e se encaixa perfeitamente no mundo do jogo. As músicas variam de melancólicas e suaves a intensas e empolgantes, aprimorando a imersão e as emoções dos jogadores, todas as musicas são feitas magistralmente encaixadas em cada luta/ambiente. Hollow Knight é de longe um dos melhores jogos já feito, loucura pensar q foi criado somente por 3 pessoas que estava começando na criação de jogos, simplesmente inacreditável."
228075584,46.7,True,0,"mt bom, exceto se voce nao tem paciencia de descobrir onde ir no inicio."
228070364,91.01666666666667,True,0,"Por esses dias, decidi rejogar essa belezinha aqui, e chegou a me dar vontade de escrever uma análise de tanto que eu amo esse jogo. Hollow Knight mudou completamente o conceito de jogos plataforma para mim. A história interessante e imersa, a jogabilidade fluida e desafiadora na medida (sim, isso é uma agulhada em Silksong, que achei difícil demais para ser agradável), os cenários incríveis e interessantes, a progressão diversificada e envolvente, a criatividade dos bosses... Bom, os motivos são inúmeros, mas vou afirmar o seguinte: Hollow Knight é simplesmente uma pérola da história dos jogos. Só posso esperar que nossa Obra Prima do Vazio continue sendo jogado pelas novas gerações. Não só recomendo, como ordeno: JOGUE."
199248766,74.98333333333333,True,1,"jogaço, confesso que a primeira vez que joguei desanimei por conta q fiquei perdido, mas, na segunda vez q resolvi jogar, percebi q era só explorar todo lugar q eu nao tinha ido (se sentir meio perdido é normal) um jogo realmente mto bom e com lutas pikas e bastante desafiadoras, o grimm por exemplo, é mto memorável e um boss mto bom. também tem uma história dhr por trás (se vc quiser entender 100% vai ter q procurar por fora do jogo provavelmente)"
228062012,82.98333333333333,True,0,cara se tu nao gosto eu tambem nao gostei de vc
203408881,179.38333333333333,True,0,"Esse jogo te força a ter a própria alma escravizada, se eu quiser posso tacar um processo nos criadores do jogo por danos psicológicos... Dito isso, esse jogo é uma obra de arte. 10/10"
228036467,66.05,True,0,"resumo 5 panteão: fazer os 4 outros, achar q ta preparado, ir, morrer 5 vezes, ficar um tempo sem jogar tentar de novo, morrer mais 15 vezes dessistir. conclusão: meu jogo favorito"
228025521,81.86666666666666,True,0,"simplismente o melhor jogo que já joguei, trilha sonora, historia, personagens, tudo, comprem esse jogo"
228017313,65.66666666666667,True,0,"Estressante igual Soulslike, porém um dos melhores jogos que joguei!"
228002038,118.01666666666667,True,0,"""Then again, a meandered journey still has meaning. It is, after all, from a journey we find our purpose, though a stop is more than just a stop... Yours was not the first, nor will it be the last, but it's a unique and special thing nonetheless."" ★★★★☆"
152154948,195.3,True,0,"Me perdi, me achei, me perdi de novo, e foi assim até o fim. Agora, o design de mundo desse jogo é simplesmente incrível, e suas trilhas sonoras NOSSSA, são perfeitas"
227984424,5.083333333333333,True,0,"nasci, morri miseralvelmente, me perdi, me perdi dnv, mas é incrível, recomendo."
227972042,22.133333333333333,True,0,"Jogasso da pega,n tem mtt o q falar né, hollow knight é hollow knight, super divertido, facil demais de se perder, mas vc se acha alguma hora, um dia que sabe eu faça o panteão, recomendo muito pra quem nunca jogou"
227951583,99.16666666666667,True,0,"tu vai ficar puto, vai mas o jogo é foda."
217661038,7.916666666666667,False,0,"Então... tão aclamado Hollow knight e um game indie bem popular, com batalhas de bosses e um mapa explorável com uma gameplay metroidvania envolvente, que apesar de suas qualidades tanto na trilha sonora e em seu design únicos de mapas e personagens, infelizmente não foi um game que me prendeu tanto. Vou dizer os seguintes motivos; Mapa um pouco confuso e extremamente estranho de se explorar (na maioria das vezes eu me perdia muito fácil), parte da coloração do mapa não curtir muito, e um combate que não tem nada demais mas ok. Foram esses motivos que especifiquei, se você não concorda com isso, o problema é totalmente seu, ainda mais que não sou obrigado de gostar desse jogo. A questão é que apenas não me prendeu sabe? Não acho que é isso tudo o que dizem sobre o game, mas se você curte esse game está tudo bem. E isso é apenas a minha própria opinião sobre o game. Só foi apenas um game que não foi feito para mim."
227935048,100.16666666666667,True,0,"que jogo divertido e bom cara, team cherry mandou bem demais"
