review_id,author_playtime_forever,voted_up,votes_up,clean_text
231251388,16.8,True,0,"Resident Evil Village é um jogo incrível e uma excelente continuação para a história iniciada em Resident Evil 7. Ele consegue fechar esse arco com chave de ouro, respondendo várias perguntas, desenvolvendo melhor os personagens e esclarecendo algumas pontas que ficaram soltas no jogo anterior. Um dos pontos mais interessantes da história é a maneira como o jogo expande a mitologia da franquia e apresenta novas informações relacionadas às origens da Umbrella. As revelações ajudam a conectar os acontecimentos recentes com elementos clássicos da série, mostrando que existem relações muito mais antigas por trás de tudo do que inicialmente imaginávamos. A ambientação também é um grande destaque. A vila possui uma atmosfera sombria e misteriosa, enquanto cada região apresenta seu próprio estilo, seus inimigos e uma abordagem diferente. Em determinados momentos, o jogo aposta mais no terror e na tensão; em outros, entrega combates intensos e bastante ação. Essa variedade faz com que a campanha dificilmente se torne repetitiva. Apesar de seguir uma direção mais voltada para a ação em comparação com Resident Evil 7, Village ainda consegue preservar o clima de suspense e desconforto característico da franquia. A exploração, os quebra-cabeças, o gerenciamento de recursos e a procura por itens continuam presentes, agora acompanhados por uma variedade maior de armas e possibilidades de combate. No geral, Resident Evil Village é uma continuação muito satisfatória e um ótimo capítulo da franquia. Ele encerra a trajetória iniciada no jogo anterior de maneira emocionante, amplia a história do universo de Resident Evil e ainda deixa revelações importantes para os fãs mais atentos. Um jogo extremamente divertido, visualmente impressionante e cheio de momentos memoráveis. Recomendo principalmente para quem jogou Resident Evil 7 e deseja acompanhar a conclusão dessa história."
232079166,14.933333333333334,True,0,"Papo reto,muto pica! Mas quem é ethan? irmao do jorel? versao rosto?"
232079011,14.5,True,0,"Esse jogo é incrivel de bom, eu amo o Ethan, que personagem legal, O jogo é lindo a dublagem está sensacional de boa, nossa esse e o resident evil 4 são os meus favoritos da franquia"
92439215,61.75,True,0,"Não dá bola para quem fala que o jogo é ruim, a maioria comeu alguma coisa estragada no almoço ou não tomou seu medicamento"
231952570,13.2,True,0,"Zerei e muito bom, sempre tem uma gasosa bem bonita em todos os RV kkkkkk!! *-* Sou fã do jogo sou duvidoso para falar mal dessa obra de arte.... Té amo CAPCOM por não trazer DLC com preço de um rim."
231940892,41.85,True,0,"9/10 Eu zerei umas 5-6 vezes até ficar meio enjoado, o pessoal reclama bastante da ação do jogo, como se todo resident evil precisasse ser aquele survival horror macabro... A realidade é que é muito difícil uma franquia gigante dessas conseguir agradar o público. O único ponto negativo que eu vi nesse jogo foi o desperdício de certos vilões e personagens, fora isso, é manero :D Jogue e jogue bastante, você não vai se arrepender!!"
159406334,15.016666666666667,True,0,"Jogabilidade: 9,1 História e Personagens: 9 Visual e Áudio: 9 Diversão: 8,8 Custo-Benefício: 9 Média: 8,98 Veredito: Asmei."
231853209,9.016666666666667,True,1,"o jogo é bom, meio tenso até, mais você pega o ritmo."
231839203,23.65,True,0,"Não tenho palavras para esse jogo. Acabei de zerar e não sei descrever o quão incrível foi essa experiência. Simplesmente o melhor protagonista de toda a saga Resident Evil. Obrigado por tudo, Ethan Winters."
231828469,13.333333333333334,True,0,"Me diverti pra cacete no jogo, muito boa historia, mas pqp CAPCOM essa sequencia na fabrica do Heisenberg é chata pra cacete. Fiz ela toda sem vontade alguma e me forcei só pq o jogo estava acabando. Recomendo comprar só na promoção."
215269212,30.15,True,0,"Foi o primeiro que joguei da franquia Resident Evil, então tem um peso especial pra mim. Resident Evil Village traz uma proposta um pouco diferente do que a franquia costumava fazer, com bem mais ação no geral. Sinceramente, não vejo tanto terror assim, é mais ação com momentos pontuais de tensão. O início do jogo é perfeito, muito envolvente, e dá pra perceber várias referências ao Resident Evil 4."
231819486,21.55,True,1,"Acho que eu daria uma nota 7,5 na minha opinião a melhor parte do jogo é a do castelo, gostei um pouco da parte da casa das bonecas também mas o castelo foi o melhor cenário disparado e a fábrica do magneto é disparada a pior parte, os inimigos lá também são bem chatos de se enfrentar, aqueles robôs lá. Eu gostei de explorar a Vila, esse é outro ponto positivo do jogo na minha opinião, na parte dos vilões a Dimitrescu foi a mais legal tirando a parte da transformação aquilo meio que deixou fácil enfrentar ela. Falando agora do Ethan, muita gente não gostou do protagonista, a capcom vacilou em não mostrar o rosto do cara, acho que isso foi um dos fatores de ele não ter tanto carisma pois meio que deixou ele um pouco sem personalidade, não acho ele um protagonista ruim, eu sei que ele não é um dos melhores da franquia, apesar disso ele teve um final digno, podem falar o que quiser dele mas uma coisa é fato ele foi um grande pai e se sacrifícou para salvar a filha dele e foi isso o que eu mais gostei no personagem. O jogo tem seus defeitos mas no fim eu curti jogar e zerar."
231788443,14.9,True,1,"cinema pa krl, Ethan goat demais sempre estará nos nossos corações😥"
231785310,20.983333333333334,True,0,"Como Ser Chad no Resident Evil Village Passo 1 - Mentalidade Black Pill Você não entra na vila com medo. A vila entra em estado de alerta porque você chegou. Enquanto os aldeões estão desesperados, você já está pensando no copo de suco de laranja que vai tomar depois de derrotar o próximo boss. Passo 2 - Seja #FAIRS👌 ✔ Nunca corra em pânico. ✔ Nunca desperdice munição. ✔ Sempre ande calmamente. ✔ Ignore completamente o conceito de ""terror psicológico"". Quando o jogo tenta dar um susto... Você apenas pensa: ""Legal a decoração."" Passo 3 - Relaxe com os Bosses Enquanto a maioria dos jogadores: • Grita. • Pausa o jogo. • Procura tutorial. • Reza. O Chad simplesmente pergunta: ""Aceita um copo de suco de laranja?"" Lady Dimitrescu: ""Você vai morrer."" Você: ""Primeiro termina esse suquinho aqui."" Passo 4 - Como Não Ter Dificuldade A dificuldade existe apenas para quem acredita nela. Se um Lycan aparecer... Moggue. Se aparecer um boss... Moggue. Se faltar munição... Continue moggando. A confiança causa mais dano que a Magnum. Passo 5 - Moggando a Vila Inteira Você não faz stealth. O stealth faz você. Os inimigos observam Ethan chegando e imediatamente começam a reconsiderar suas escolhas de vida. Chris Redfield? Também foi moggado. Heisenberg? Virou NPC. Miranda? Tentou. Lady Dimitrescu Ela mede quase 3 metros. Você mede apenas o suficiente para manter o shape. Ela acha que está caçando. Na verdade... Está participando do seu passeio matinal. No universo do Chad, Ethan nunca esteve preso. Todos os bosses apenas marcaram uma reunião. Conclusão ✔ 100% Chad. ✔ 100% Black Pill. ✔ 100% #FAIRS👌. ✔ Zero medo. ✔ Suco de laranja sempre gelado. Resident Evil Village não é um jogo de terror. É um simulador de passeio para quem nasceu para moggar absolutamente todo mundo."
231753064,10.683333333333334,True,0,"Jogo linear com momentos seletos de exploração satisfatória. Não é tão gostoso em sua linearidade quanto o RE4 Remake, nem tão interessante de explorar quanto a RPD ou outros cenários já vistos na franquia. Apesar da gameplay gostosinha, sinto que o jogo se torna cansativo pela quantidade considerável de momentos scriptados e repletos de cutscenes. Digo que: há muitos perigos que não se refletem na gameplay de forma prática. De primeira, esses momentos podem até parecer legais, mas quando nota que nada está em jogo, a imersão ou qualquer resquício de medo somem, tonando essas partes uma pedra no caminho para a jogada de quem já zerou ou assistiu ao jogo. Somado com isso momentos de exploração divertidos se tornam raros. Dos poucos que tem, como a vila principal e a fabrica Heisenberg, que podem ser chatos ou confusos de navegar, apenas trechos da Mansão Dimitrecu e fábrica Heisenberg dão agencia ao jogador. Já sobre a historia, gráficos, dublagem e personagens posso ser breve: Ousados, interessantes e diferentes. Bons, às vezes inventivos demais das conta. Contudo, talvez teria sido melhor não ter visto a gameplay do filipe ramos e ter esperado esses anos sem poder o game para ser surpreendido pelos curiosos plots twists dele. GOSTEI"
231713561,10.666666666666666,True,0,"Absolute Resident Evil. Resident Evil Village praticamente aprimora tudo o que o Biohazard fez. O terror fica um pouco mais intenso, tem muito mais ação do que apenas perseguição. Tem a Dimitrescu (Que mulherão da porra) e tu joga como a porra do Chris Redfield. Pedir mais o que? Eu tlgd da DLC da Rose, mas como eu já vi a gameplay e sei como é a história dessa DLC, eu pessoalmente não faço questão de jogar (ainda mais com a parte das malditas bonecas da Casa Beneviento (Quase tive um infarto com o bebê gigante, imagine com bonecos de madeira). Enfim, Resident Evil Village é mais um acerto da Capcom e estou pronto para o Resident Evil Code Veronica Remake, que chega ano que vem. SÓ VEM CAPCOM!! Nota.: 10/10 (Absolute Videogame. Obs.: compre em promoção o pack do RE7 e RE8, vale muito a pena)."
231639667,93.86666666666666,True,0,"Não da muito medo, mas definitivamente jogasso divertido pra porra"
231576478,42.21666666666667,True,0,"Uns dos melhores jogos da saga, caso você jogue só uma vez. Existe muitas partes neste jogo que se tornam enjoativas para a segunda jogada, mesmo estas partes sendo muito boas para quem nunca jogou antes. O RE8 volta com o sistema que tinha no RE4 e alguns outros de ""Novo Jogo+"", onde tu começa com todos os itens da sua jogada anterior, se não fosse por esta mecânica, eu não teria continuado na busca das conquistas só por causa destas partes que são enjoativas, e além da campanha principal de 6:00 á 8:00Hrs na primeira jogada e 2:00 a 3:00Hrs na segunda jogada em diante, tem a DLC da filha do Ethan no qual é ruim de mais, sendo uma gameplay curta de no máximo 3:30Hrs, mas na segunda jogada 1:30Hrs tranquilo. Se for jogar, só jogue a campanha principal e tente não jogar mais de uma vez para não enjoar."
231574834,17.766666666666666,True,0,fez eu lembra que meu pai não me quer 10/10
231560817,11.35,True,0,"jogão da porra só achei meio estranho a mãe Miranda tomar bimbada do Ethan por puro amor ao jogo mas acho que pelo charme dele é ate que compreensível afinal todo mundo no jogo quer um pedaço dele, e o nosso mercador duque é um dos maiores goats do game (sinto muito Chris gordo mas tu foi moggado)"
231487472,13.016666666666667,True,0,"jogava n ps5, vim pro pc e comprei aqui, jogo é simplesmente muito bom"
231484053,45.05,False,0,"jogo tenta ser sequencia espiritual do re4, ethan é mto fds e a parte da fabrica é uma porra, mas a gameplay salva um pouco"
231478950,30.383333333333333,True,0,"jogo dahora. vi um pessoal que não gosta dele, eu entendo mas pessoalmente eu gostei (não vou dar mais detalhes porque to com preguiça)"
231469833,9.266666666666667,False,0,"tem o heinserberg no jogo, mas nao tinha o wesker"
231450841,21.6,True,0,"Que jogo bom, nossa senhora um dos meus RE favoritos da vida"
231419706,16.95,True,0,"Eu desejo tudo de ruim a quem fala mal desse jogo. Ambientação INCRÍVEL, antagonistas INCRIVEÍS (menos a mãe miranda) e jogabilidade fudida de boa, facilmente meu Resident evil favorito."
92239536,68.6,False,0,"O jogo original foi lançado cheio de travamentos por causa do Denuvo. Além disso, vários chefes foram mal aproveitados e o jogo sofreu um downgrade absurdo em comparação com o título anterior."
231369895,9.7,True,0,"Gráficos: A minha avó desenha melhor - Dá para o gasto - Bonito, mas nada de especial - Obra-prima da computação gráfica - X Jogabilidade: Que M@RD! - Frustrante, mas jogável - Podia ser melhor - Perfeição - X História: Nem um saco de batatas tem menos enredo - Esquecível - Interessante - X Vou chorar a fingir que não - Som/Música: Prefiro silêncio - Passa despercebido - Bom ambiente - X Já pus na playlist - Duração: Acaba antes de começar - Curto mas intenso - Tamanho certo - X Nunca mais acaba (no bom sentido) - Dificuldade: Modo fácil já é difícil - Equilibrada - X Só para masoquistas - Souls-like a fingir que não é - Nota Final: Devolver ao vendedor - Passa o tempo - Bom jogo - Compra já, não penses duas vezes - X Conclusão: Resident Evil Village equilibra na perfeição o terror claustrofóbico com momentos de ação mais intensos, oferecendo uma variedade de cenários (do castelo da Lady Dimitrescu às fábricas mais industriais) que mantém a experiência sempre fresca. Um dos melhores capítulos recentes da série. Nota: 9/10"
231353989,29.25,True,1,"Muito bom com certeza, de toda a franquia é um dos melhores sendo que só se aproveita o Zero, 1, 2, Code Veronica, 5, revelations 2, 7 e 8. O resto é porcaria!"
231341030,18.85,True,0,PERFEITOOOOOOOOO! A PARTE DA BONECA ME DA ARREPIOS ATÉ HOJE
231295630,50.1,True,0,"Adorei. Fator replay ótimo, tem muita coisa pra fazer. Jogabilidade 10 de 10 História 7 de 10 Personagens 8 de 10 Duração de jogo 10 de 10 Eu recomendo bastante, é bem divertido, tem muitos cenários pra explorar, boss fights diferentes, armas muito boas. Só a fabrica do Heisenberg que é meio maçante mas logo pega o jeito. Lembrando minha opinião."
231258617,20.05,True,0,"Jogo muito bom, valeu a experiencia, isso sim é resident evil."
231251347,13.85,True,0,"O JOGO É INSPIRADO TOTAL NO RE4 .. O JOGO É OTIMO, apesar de alguns fanaticos em resident evil nao terem gostado pq ""não faz parte da lore do jogo, e o jogo é misturado em ação e minijogos"", eu gostei muito pq eu sou um grande fã de re4 e queria jogar um jogo parecido com ele, E ESSA OBRA PRIMA É MUITO PARECIDA, E TEM UMA LORE DO CARAMBA... Recomendo se vc jogou o resident evil 4, se ainda nao jogou o 4, jogue ele primeiro e dps jogue esse."
231173263,21.55,True,0,"Um Excelente jogo, mesmo que muitos não gostem tanto. Nesse segundo capitulo da história da família Winters, temos um jogo bem maior em escopo e profundidade narrativa. Diferente do 7º jogo que trouxe de volta a pegada do terror e sobrevivência em sua essência, nessa sequencia eles tentam mais uma vez mesclar momentos de terror com a boa dose de ação que os jogos passaram a ter depois do 4. É até engraçado que esse jogo tem mais cara do RE4 do que RE7 que é onde a história do Ethan começa. A exploração desse jogo é animal e bem recompensadora, o velho vai e vem da franquia nunca perde a graça e ter que resolver puzzle bestas para conseguir uma chave que abre um cofre que te dar a peça restante de um quebra cabeça que funciona como chave de uma porta... você entendeu. A história em si é muito boa, a mais sentimental e profunda da franquia. Eu não havia curtido muito o Ethan no jogo anterior, mas nesse aqui ele arrebenta. Tem mais camadas e muito mais carisma. Sobre os vilões, não tenho muito que comentar, são todos muito bons e marcantes. Todos são caricatos, mas os que roubam a cena são de fato a Dimitresco e o Heisenbergh. O mesmo não consigo dizer da Miranda, pois era pra ser a boss final e marcante, mas ela é bem qualquer coisa e sua luta final é bem Mé. Mesmo o jogo tendo umas quebras de ritmo ali e fases chata lá, é um bom jogo que vai te prender por um tempo legal. Pra finalizar, recomendo que joguem também: a sombras de Rose. A DLC que continua a história após zerarem. Vale muito a pena para poder concluir a jornada da família Whinters."
231169848,14.066666666666666,True,0,"Resident Evil Village é uma das melhores sequiencias que eu ja tive o prazer de jogar apesar de ser bem diferente do seu antecessor. Eu acompanhei todo o anúncio desse jogo assim como acompanhei o do RE7 e foi muito interessante como a história mudou do 7 pra esse pra uma coisa maior. Todos na fandom achavamos que ultimamente a história seria mais conectada ao universo de Resident Evil do que o 7, principalmente por causa da participação do Chris Redfield que aqui é logo do começo do jogo ao inves de só aparecer no final. Sem querer dar spoilers mas a história realmente expande o universo mas expande de uma maneira bem surpreendente. Duvido que alguem na fandom tenha previsto isso. Uma das coisas mais elogiadas sobre o RE7 até hoje são seus gráficos hiper realistas e RE8 não decepciona nem um pouco nesse aspecto. A principal diferença aqui é que ao invés de estarmos em cenários podres, nojentos e mofados estamos em lugares antigos, misteriosos e meticulosamente construído. A temática de vila remota na Europa é bem interessante pra deixar um clima assustador e lembra bastante os cenários do Resident Evil 4. Uma coisa que eu não vejo muitas pessoas elogiarem são as atuações dos atores de voz originais aqui. Vendo os making ofs você realmente percebe que uma parte enorme da performance deles é mantida no jogo. Realmente interpretaram cada personagem de maneira muito interessante, com destaque, claro, á Lady Dimitrescu, Heisenberg e á Mãe Miranda. E é claro que eu não posso deixar de falar da sensacional dublagem em português desse jogo! A primeira da franquia e que maneira incrível de se começar! Ethan dublado pelo Raphael Rossato é perfeito até demais. Você sente a raiva dele contra os que levaram a filha dele na maneira que ele fala e isso ajuda muito pra que nos conectemos melhor com ele. Tenho ouvido muitas pessoas online dizendo que a dubladora da Grace Ashcroft no RE9 também fez um trabalho sensacional assim como o Raphael Rossato. Eu nunca imaginaria que os jogos de Resident Evil seriam responsáveis por trazer performances tão íncriveis de voz no Brasil mas, como uma das milhares de pessoas que cresceu tendo que aprender inglês pra saber o que estava acontecendo nos meus video games eu fico extremamente feliz com isso."
231165358,18.85,True,0,"Boa parte da comunidade diz que esse jogo é ruim e que não faz sentido para a lore de resident evil e realmente tem algumas coisas bem viajadas kkkk, porém o jogo é mto bom. A gameplay é gostosa e pra mim fecha muuuito bem a lore do ethan."
231163480,14.6,True,0,"jogo espetacular! historia boa, personagens marcantes e grafico maravilhoso recomendo muito 10/10"
231153080,18.45,True,3,"Não esperava menos desse jogo depois de ter jogado o 7 e ter sido tão incrível. Apesar de eu ter há um bom tempo assistido a Gameplay completa desse game, não lembrava quase mais nada e ainda assim, a coisa muda quando você faz parte da jogatina. Considerando todos esses aspectos, encerro dizendo que o jogo é lindo em gráficos, bem otimizado e muito bom de jogar! Sem dúvidas, mais do que recomendado!"
231110354,21.333333333333332,True,0,"ele pega a historia criada no re7 melhora, traz mais personalidade e mais carisma ao ethan que agr tem personalidade e fala de vdd, estetica MTO daora, até a antes da boss battle do heisenberg tava tranquilo aql boss é mto nd haver dps dela volta ao normal, mas ao mesmo tempo eles tentam ser mtooo diferentes nesse jogo coisa que n agrada todos, ( tendo lobisomen por exemplo) meio re4 porém com ethan e chris e um pouco mais terror, mais susto e o fato de ser uma pai e n um profissonal deixa o ngc mais daora (só deveriam tirar a boss do heisenberg e alterar os eventos deixando dimestruscu antes da mãe miranda . 9/10 ( pagável )"
231082188,9.5,True,0,"jogo viciante, tem altos e baixos em questao aos puzzles e boss, ele equilibra bem em dificil e desafiador, alem de que ele realmente puxa pro terror e açao, eu achei melhor q o 7, mais perde pro 3,4,5,1, e 2. obs: eu ainda nao zerei o 2 NO PC"
216777373,12.533333333333333,True,0,"q jogo bom, o Ethan como protagonista é incrível, ele é simples e mostra o essencial, não um soldado, apenas um pai tentando salvar sua família, e esse era o Ethan desde o 7."
231014103,87.53333333333333,True,0,"como eu posso dizer. ele e bom, muito bom mesmo, ele e ação ( vila e castelo ). ele e terror puro (casa beneviento ), e, eu não sei o que falar da fabrica mas de resto, o jogo vale apena"
231000967,22.983333333333334,False,0,"Oque falar sobre este jogo ? não é o melhor Resident Evil mas também não é o pior, fora isso não tenho mais nada de bom para falar do jogo além da ambientação ser incrivel mas muito pouco explorado nos melhores locais, sem contar que a fabrica é o pior local da série inteira e parecia não ter fim."
230992569,5.083333333333333,True,0,"Bem divertido de jogar tem uma historia legal e tem uma ambientação FODA PRA CARALHO e pra quem tem medo de terror nesse jogo tem 3 gostosa, nao tem como dar medo 👍"
230991038,18.083333333333332,True,0,"esse jogo e bom demais, não como um resident evil, mas como um jogo no geral e muito bom historia meio viajada da metade pra frente mas o final e cinema, esse jogo me fez gostar do ethan."
230938710,43.71666666666667,True,6,"Resident Evil Village foi minha porta de entrada para a franquia. Um jogo polêmico para alguns, mas toda a atmosfera me capturou desde os trailers e as gameplays que vi no YouTube na época de seu lançamento. Os gráficos são excelentes e não me lembro de me deparar com nenhum bug ou problema de otimização. O game tem uma história bacana e personagens melhores ainda, inclusive um dos defeitos foi não ter dado destaque o suficiente para alguns deles, como por exemplo as filhas da Dimitrescu e a Beneviento. Mesmo assim, é um jogo cativante. Ethan é um dos melhores protagonistas que tive o prazer de acompanhar, muito divertido e fácil de se conectar. A maioria das lutas é interessante e o jogo equilibra muito bem os momentos de tensão, terror e ação. Cada área consegue passar uma sensação diferente, o que faz a campanha não ficar repetitiva e deixa a exploração muito divertida. Sendo assim, é um jogo que eu recomendo para todo mundo. A dublagem em PT-BR é uma obra-prima e só aumenta a imersão durante a campanha. Foi um jogo que me fez ter vontade de conhecer o restante da franquia, então com certeza marcou minha experiência com Resident Evil."
230921274,35.55,True,0,"gosto muito, como diria o luiz near crazy: ta de parabnes"
230879640,46.583333333333336,True,0,"Jogo maravilhoso, não vá na onda da modinha de haters de games. Esses caras q ficam na internet falando mal de jogos, não são gamers. O game termina de forma apoteótica a história do Ethan."
230860313,42.2,True,0,"Ótimo mapa,, a primeira metade é boa, a segunda metade pode acabar ficando tediosa.. Mas no geral é um bom jogo..."
230302582,16.85,True,1,"adorei o jogo. Eu senti que esse resident evil é bem focado na ação, comparado com o anterior em que o personagem é estimulado a fugir, mas isso não é algo negativo, essa gameplay me agrada muito. Eu não joguei a DLC ,pois pareceu muito caro por 2 a 3 horas de jogo. Minha única crítica é que vários locais se tornam inacessíveis após matar o boss, e nesse game, o dinheiro é sempre necessário, mas fora isso 10/10."
153015707,25.083333333333332,True,3,"Um dos meus jogos favoritos da franquia Resident Evil e uma das melhores experiências que já tive com a saga. Resident Evil Village consegue misturar perfeitamente terror, ação, exploração e uma atmosfera incrível, além de trazer uma das melhores ambientações de toda a franquia. Para mim, explorar aquele vilarejo e enfrentar cada um dos seus perigos foi uma experiência inesquecível. A expansão Winters também é excelente e complementa muito bem a história. Shadows of Rose traz uma conclusão importante para a história da família Winters, enquanto as outras DLCs adicionam novos conteúdos e tornam a experiência ainda mais completa. Como fã de Resident Evil, é impossível não se envolver com a história, os personagens e todo o universo criado nesse jogo. Resident Evil Village é, sem dúvidas, um dos meus jogos favoritos da saga e uma experiência que todo fã da franquia deveria jogar. Para mim, é um jogo praticamente obrigatório para qualquer pessoa que ama Resident Evil. ⭐ Nota: 10/10"
230809367,54.18333333333333,True,13,"Fod@ pra crl e pau no c* de quem fala mal desse jogo, não caia na ladainha desse tipo de gente, só compre, a unica parte zoada do game é a boss fight do heisenberg, de resto 10/10 total."
230801782,15.95,True,0,"Achei mais ou menos, muita acao e pouco terror, mas num geral um bom jogo. 7/10"
230696730,23.683333333333334,True,0,"chorei babado justiça por Bela, Cassandra e Daniela, jamais esquecidas em meu coração <3"
230663060,7.7,True,0,Lindo jogo interessante que vale a pena até mesmo pra quem está jogando pela primeira vez pra zerar novamente
230644300,24.283333333333335,True,1,"Resident Evil Village prova que é possível evoluir sem perder a essência da franquia. O jogo encontra um equilíbrio quase perfeito entre o terror de Resident Evil 7 e a ação marcante de Resident Evil 4, entregando uma experiência que consegue ser tensa, divertida e inesquecível ao mesmo tempo. Cada região da vila tem sua própria identidade. O castelo transmite um terror clássico, a Casa Beneviento entrega um dos momentos mais perturbadores de toda a franquia, enquanto as fábricas e os demais cenários mantêm a sensação de que sempre existe algo novo esperando na próxima porta. A atmosfera é um dos maiores destaques. Os cenários são ricos em detalhes, o design de som aumenta a tensão em cada passo e a ambientação faz o mundo parecer vivo, mesmo quando tudo ao redor está desmoronando. O jogo também sabe a hora de acelerar o ritmo. A exploração é recompensadora, a evolução das armas é viciante e cada confronto contra os lordes deixa sua própria marca. Nenhum deles parece repetitivo; todos entregam experiências completamente diferentes. Resident Evil Village entende que terror não depende apenas de sustos. Às vezes ele vem do silêncio, da curiosidade em abrir uma porta ou da certeza de que alguma coisa está observando você antes mesmo de aparecer. Resumo: não importa se você veio pelo terror, pela ação ou pela história. Resident Evil Village consegue entregar os três com uma qualidade impressionante e mostra por que a franquia continua sendo uma das maiores do gênero."
230642950,16.166666666666668,True,3,"Se Resident Evil 7 já tinha sido uma maravilha, essa continuação ficou perfeita! Que obra-prima a Capcom entregou aqui... O desfecho é excelente e cheio de reviravoltas. E os vilões desse jogo? Todos são extremamente cativantes! Trilha sonora, ambientação... tudo foi feito com muito capricho. E a gameplay? Gostosa demais de jogar!"
230502420,24.333333333333332,True,0,"Jogo bom demais! Cenários e ambientação simplesmente incríveis, e uma história bem legal também com um plot twist bem interessante. Os desenvolvedores se inspiraram bastante em resident evil 4, e por ser fã de resident evil 4, decidi jogar esse jogo da série, mas por não gostar de jogos de terror, fiquei receoso de comprar no começo por achar que seria assustador ou daria medo kk, mas esse jogo diferente de outros da série não tem nada de terror (a não ser pelo feto gigante e tenebroso que aparece no subsolo da casa beneviento, que eu inclusive usei um mod pra não ter passar por ele, já sabendo disso kk), só tem ação misturada com terror de sobrevivência que é bem diferente de terror mesmo, e por isso eu curti demais, virei fã desse game! E como eu falei no começo e repetindo, os cenários e a ambientação desse game são simplesmente incríveis!"
230476408,54.11666666666667,True,0,"Meus amigos, junto com resident evil 4, esta belezura está no top 3 facilmente dos jogos mais divertidos da franquia. É isso. Fim. Joguem muito!"
230420450,20.85,True,4,"jogaço, não é o que os fãs queriam, mas sim o que eles precisavam, goat ethan, vulgo melhor protagonista da saga, uma historia cativante, ótima gameplay e boa exploração."
230417123,24.55,True,0,"Consegue equilibrar ação e terror muito bem. Mesmo ainda não zerado os cenários são marcantes, os chefes são memoráveis e a história prende do começo ao fim."
230415917,11.216666666666667,True,0,"PERFEIÇÃO ,JOGABILIDADE ENREDO ,CONTROLE ,HISTORIA EQUILIBRADA, GRAFICOS MEDIANTE A MINHA PLACA MUITO BOM JOGO LEVE ,QUEM SABE EM UM PROXIMO LEON E CRHIS SE ENCONTREM SERÁ IGUAL AO REQUIEM."
230360066,12.433333333333334,True,0,"bem ele e uns dos meu RE favorito so perdendo pro 4, mas bem o jogo ele e muito bom mesmo sendo uma beta test do RE 4 remake, desculpa vovò por nn comprar seus remedios a colecao tava muito barata"
230338818,16.533333333333335,True,0,"SIMPLESMENTE PERFEITO! NAMORAL, PRA MIM É O MELHOR JOGO QUE JÁ JOGUEI NA MINHA VIDA! Não entendo o que esse pessoal tem contra o RE8, simplesmente devem ter visto um bando de youtuber falando mal e vai na onda. NÃO ACREDITEM! O jogo é simplesmente um experiencia que dificilmente vou ter em toda a minha vida, o desenvolvimento de personagens é perfeito, a historia é perfeita, personagens secundários tem um excelente desenvolvimento também, o peso emocional é absurdo, eu pagaria 10x o valor original pra jogar dnv, SIMPLESMENTE ABSURDO. Resumindo: JOGUE ESSE JOGO FANTASTICO!"
230323904,41.25,True,0,"Eu comprei a versão Gold Edition desse jogo e não me arrependo nem um pouco. Não acredite nessas pessoas que n conseguem aceitar que o 8 não é bom só porque tem fantasia e n tem o Leon como protagonista, o jogo é ótimo, tem uma história maravilhosa, as mecânicas e a os bosses são perfeitos. Apenas jogue!"
230301902,48.11666666666667,True,1,Jogaço !!!. o quanto eu estou viciado nesse jogo não é brincadeira
230275014,17.716666666666665,True,1,"achei o jogo foda , zerei no ps5 e estou zerando no pc , nao curti muito o final da historia porem e um otimo jogo"
230267818,15.783333333333333,True,1,"Compreendi pq as análises aqui são extremamente positivas. Sou jogador de Resident Evil desde os clássicos de PS1 e confesso que estranho esse jogo como sendo um Residente Evil (assim como estranho o 4) mas não deixa de ser um excelente jogo (mesmo eu ainda achando o 7 melhor). Cuidado com os reviews dos ""especialistas de youtube"", eles vão tentar te convencer que esse jogo é ruim mas não se deixe levar. É um jogo absurdo de bom, todos os cenários são ótimos de explorar e ele ainda tem aquele tempero que faz um Resident Evil ser um excelente Resident Evil."
230250781,10.666666666666666,True,3,"Que jogo bom do caralho, não confie nessas opinoes de youtubers safados que sao infelizes e querem ficar botando defeito até na bunda do ethan, jogue"
230235896,21.633333333333333,True,0,"Sou muito fã da franquia, o terror é equilibrado e a ação tbm"
230095243,12.733333333333333,True,0,"Sabia que era bom, mas pqp jogasso do caralho, ta maluco, tudo era daora de fazer"
230079757,14.55,True,0,"Resident Evil Village – Nota: 8/10 ⭐ Resident Evil Village é um excelente jogo de terror e ação que, para mim, merece 8/10. A campanha é envolvente e consegue equilibrar muito bem momentos de tensão, exploração e combates intensos. A gameplay é bastante divertida, com uma boa variedade de armas, melhorias e inimigos que tornam cada área diferente da anterior. Um dos maiores destaques do jogo, na minha opinião, é o Castelo Dimitrescu, que oferece uma atmosfera incrível, ótima exploração e alguns dos momentos mais marcantes de toda a campanha. Lady Dimitrescu e suas filhas são personagens muito carismáticas e ajudam a tornar essa parte inesquecível. Os gráficos são excelentes, com cenários extremamente detalhados, ótima iluminação e uma ambientação que aumenta ainda mais a imersão. Estou me divertindo muito durante a campanha e já estou na parte final do jogo, ansioso para descobrir como a história termina. Apesar de algumas áreas posteriores não me prenderem tanto quanto o castelo, a qualidade geral continua muito alta. Resident Evil Village é um ótimo capítulo da franquia, trazendo uma experiência divertida, envolvente e memorável para os fãs de Resident Evil."
230051216,31.216666666666665,True,5,"Eu pagaria por isso O jogo pode não ter agradado todo mundo, mas ate que gostei do fator replay do jogo, e tambem pelo ethan kk"
230049349,60.233333333333334,True,7,"Resident Evil Village is the absolute peak of what Capcom has been building with the RE Engine. After achieving 100% completion and exploring every single corner of this gothic nightmare, I can confidently say: this is one of the most entertaining, varied, and rewarding experiences in the entire franchise. The game acts as a direct evolution of Resident Evil 7, keeping the immersive first-person perspective (though third-person is also available now) while brilliantly bringing back the action, inventory management, and progression system that made Resident Evil 4 an absolute classic. Why it's a must-play: Incredible Pacing & Variety: The game never lets you get bored. Every area ruled by the Four Lords has a completely unique identity. You transition seamlessly from classic gothic horror in Castle Dimitrescu to pure psychological terror in House Beneviento, right into heavy action-packed segments later on. Addictive Progression: The return of a merchant (The Duke) brings back that amazing gameplay loop of hunting for treasures, gathering ingredients to permanently upgrade your stats, and spending every Lei wisely on weapon modifications. Top-Tier Replay Value: Going for the 100% achievement completion is incredibly satisfying. The post-game content shop, infinite ammo weapons, and extra challenges give you plenty of reasons to speedrun and replay the campaign multiple times. Performance & Visuals: The PC optimization is outstanding. The game looks stunning, character models are highly detailed, and the sound design keeps you on the edge of your seat the entire time. The Mercenaries Mode For those looking for the ultimate test of skill, the Mercenaries mode extends the game's lifespan significantly. It demands strategy, map memorization, and perfect combo management to land those coveted SSS ranks required for completion. Final Verdict Whether you loved RE7 or are feeling nostalgic for the vibe of RE4, Village is essential. It perfectly balances tension with the pure joy of becoming a walking arsenal by the end-game. Ethan Winters proved once again to be one of the most resilient (and unluckiest) protagonists in gaming history. Rating: 10/10 (Fully approved after the 100% grind!)"
229968177,26.55,True,0,"Jogo legal, assustador de inicio assim como o 7, mas achei a ambientação desse jogo 100x superior!!! Até o momento não estou gostando do hit detection, mas isso é bobagem"
229938239,20.383333333333333,True,0,"no começo é meio viajado, mas depois parece que ta no comeco."
229902557,26.166666666666668,True,0,Quando parece que está acabendo.. simplesmente está começando... to curtindo demais o jogo.
229811268,9.1,True,0,"HISTÓRIA: A trama é interessante, porém, acho que deram uma viajada legal, até mesmo para os padrões da saga. GAMEPLAY: Aqueles que esperavam uma continuação com a mesma pegada do RE7 vão se decepcionar demais. Dessa vez, a Capcom trouxe um jogo com forte inspiração em Resident Evil 4, só que em primeira pessoa. E quando digo forte inspiração, é forte mesmo! A dinâmica da vila, a presença do mercador, o drop de itens, a economia do jogo... é tudo totalmente diferente daquilo que vimos no RE7. Mesmo assim, não deixa de ser muito divertido e conta com um excelente fator replay, como os jogos da franquia costumam ter. GRÁFICOS: Para a época do lançamento, foi referência. A RE Engine da Capcom simplesmente dispensa comentários. CONCLUSÃO: Quem queria uma continuação da gameplay do RE7 vai se decepcionar, assim como o fã mais purista que espera a essência clássica de um Resident Evil. Creio que se a Capcom tivesse lançado esse título como um jogo não numerado, assim como fizeram com RE Code: Veronica, a galera não teria caído matando em cima dele. No fim das contas, a verdade é esta: é um excelente jogo, mas um péssimo Resident Evil."
218984914,15.283333333333333,True,0,"Se Resident Evil 7 foi um mergulho no terror mais claustrofóbico e tenso, Resident Evil Village (RE8) chega para elevar a escala de tudo, misturando aquela imersão em primeira pessoa com o ritmo frenético e a ação que a gente tanto ama na franquia. O jogo continua a jornada de Ethan Winters, que depois dos traumas na Louisiana, tenta viver uma vida normal com sua esposa Mia e sua filha recém-nascida, Rosemary. Mas a paz dura pouco: o lendário Chris Redfield reaparece de forma brutal, e Ethan acaba sendo jogado em um vilarejo sombrio e isolado em algum lugar da Europa. Lá, ele descobre que sua filha foi raptada e que o lugar é dominado por quatro lordes bizarros e uma figura misteriosa conhecida como Mãe Miranda. O grande trunfo de Village é como ele abraça a variedade e a caoticidade. O vilarejo funciona como uma espécie de ponto central que conecta quatro áreas completamente diferentes, e cada uma delas dita um ritmo de jogo único. Você vai desde a imponência gótica e o combate do castelo da gigante Lady Dimitrescu até o terror psicológico puríssimo e desesperador da Casa Beneviento — que, sem dúvidas, entrega uma das sequências mais assustadoras de toda a história dos videogames. A jogabilidade herdou o melhor de dois mundos. Ela mantém a câmera em primeira pessoa para te deixar cara a cara com o perigo, mas traz de volta mecânicas consagradas de Resident Evil 4, como o retorno do mercador (o carismático Duque), o gerenciamento refinado da maleta de inventário, a caça para melhorias de atributos e um foco muito maior nos confrontos contra hordas de lycans e outras criaturas. É um equilíbrio perfeito onde você nunca se sente totalmente indefeso, mas o perigo ainda é real. Resident Evil Village é uma montanha-russa de emoções. É bizarro, exagerado, divertido e esteticamente impecável, conseguindo amarrar a história de Ethan de um jeito surpreendentemente épico. Se você quer uma campanha eletrizante, com vilões marcantes e uma atmosfera de fantasia sombria sensacional, esse jogo é um prato cheio."
229775079,52.25,True,0,"Uma sequência muito boa de Resident Evil 7. De fato, o jogo traz diversas melhorias gráficas e personagens muito marcantes. Gostei bastante da forma como o terror é misturado com a ação. A história é envolvente e bem escrita. Obs.: Não joguei o jogo em terceira pessoa, por favor."
229763902,33.233333333333334,True,0,"Ótimo jogo em que a história do Ethan é finalizada. Cenários magníficos e chefes memoráveis. Recomendo ainda jogar a DLC para mostrar um outro ponto da história, bem como ler os arquivos relacionados ao RE7. Recomendado!"
229728139,16.7,True,0,recomendo muito o jogo e maravilhoso nem trava e os graficos sao top
229727075,24.816666666666666,True,0,"ambientação muito boa, muito terror mas não deixa de ser pouco resident evil mas bom para cacete ate"
229719469,44.4,True,0,"Incrivel, amei a história, as reviravoltas, e a gameplay lembra muito RE4 em alguns momentos."
229634568,12.333333333333334,True,0,"Eu já gostava da estetica do Village em particular e o tinha na biblioteca mas demorei pra jogar mesmo só por falta de energia, mas engatei e zerei ele de uma vez. é um jogo gostoso de se jogar, tem uma experiencia de FPS mas agradavel que o 7 pra mim por conta de animação e movimento mas principalmente pela estetica do level design que me é mais gostoso. é um passo complexo pra lore e que acredito que voltara a ser citado com mais força seja em um Resident evil 10 ou mesmo numa santa DLC do RE9 Enfim, vale muito a pena, divertido e gostosin, não tive nenhum problema com bugs"
229587898,17.383333333333333,True,0,"uma baita experiencia, vale muito a pena a jogatina. a introdução é lenta e bem chata, mas depois que chega no castelo dimitresco o jogo fica bom do inicio ao fim. achei a boss batle na fabrica nada haver com o tema, mas ainda baita mapa interessante. o final é emocionante e fecha bem com o nosso querido ethan."
229559883,16.116666666666667,True,0,"Sou pai de menina e não tem jeito, jogo emocionante demais, esse final partiu meu coração. Ethan Winters pai do século, eu teria feito o mesmo pela minha filha. 10/10"
229519043,18.1,True,0,"""ainn o village e muito viajado ja nao e mais resident eviL"" e desde quando resident evil nao foi viajado? jogasso da poha"
229504982,13.566666666666666,False,1,"slc joga outlast q é a msm coisa, achei bem bosta nao gostei nao"
229474939,46.28333333333333,True,0,"Eu realmente curto esse jogo, tirando algumas partes meio insuportaveis tipo a vila do começo que eu acho bem chata e o heisenberg magneto do final ele é bem legal, tem terror e ação, bom jogo, não dos melhores, mas ainda bem bão, 8/10"
229459342,33.65,True,0,"Foge um pouco do que é Resident Evil, mas é um ótimo jogo, bastante divertido, gráficos e artes bonitas. O Ethan é um pouco sem sal, mas a história é massa! O maluco dá a vida para ter a filha sã e segura! O fator replay dele é divertido também. Zerar só na faca foi topado."
229348340,31.016666666666666,True,0,"Resident Evil Village apareceu na minha vida por meio de um presente de alguém especial, então eu aproveitei o jogo, apesar do momento ruim que eu estava passando, e mesmo assim o jogo conseguiu me fazer sentir melhor enquanto o jogava. Viver na pele de alguém semelhante a mim(Ethan Winters), um homem com preocupações e obrigações, que foi jogado direto no inferno e que precisa resgatar sua filha para que possa retomar sua vida que estava começando a melhorar é incrível. É inegável que o jogo possui sim defeitos, listo entre eles: o mal aproveitamento dos melhores guardiões de Rose (Alcina Dimitrescu e Donna Beneviento), sendo na minha opinião a melhor distruibuição de casas/chefes: Moreau, Haisenberg, Dimitrescu, Beneviento. Relato aqui também pontos positivos: o jogo agrega em lore para a franquia, trazendo e explicando mais sobre Oswell E. Spencer e seus objetivos/ideias, também te faz sentir algo pelo protagonista, pois seu motivo é nobre e singelo, ele não é um soldado treinado e com uma missão: é somente uma pessoa comum, assim como eu e você que está lendo essa análise. Dlc: é aqui que o público se separa em um misto de emoções, para mim, Resident Evil Village: Shadows Of Rose é um modo de jogo satisfatório, com gameplay diversa da gameplay original, inimigos novos, boa ambientação(pois se passa no castelo da Alcina Dimitrescu) e é divertido de jogar/assistir a história, além de dar a Rosemary a chance de conhecer seu pai, que morreu a protegendo, e faz isso até hoje, como seu anjo da guarda, é emocianante as decisões tomadas por ela no contexto da DLC pois ela abraça tudo que seu pai deixou pra ela e promete que vai continuar seguindo em frente."
229333558,23.6,True,0,"Muito bom o jogo, a historia se conect com a historia do RE 7 muito bom."
229277670,39.28333333333333,True,0,"Sempre tive o RE2 e RE4, como os meus jogos favoritos da franquia. Tanto que joguei o remake de ambos no lançamento quando jogava pelo console e anos depois comprei para jogar novamente pelo PC. Joguei o RE7 e achei um bom jogo, com uma boa história e inovador com a mescla de stealth e ação. Mas mesmo assim, não se tornou um dos meus favoritos. Mas este RE8. O que foi isso? Que jogo senhoras e senhores, que história e que carga emocional."
229178892,29.183333333333334,True,0,"Esse jogo foi uma das melhores finalizações de história que eu já acompanhei. Ele fecha muito bem o arco dos Winters além de dar um contexto gigante do surgimento do mofo. Esse jogo é obrigatório para quem gosta do arco do Ethan e principalmente, assim como eu, adorou o jogo anterior."
229084416,29.516666666666666,True,0,"⋆ “It’s not paranoia if there’s a grain of truth to it.” ⋆ ⤷ ゛ ˎˊ˗ Foi incrível aproveitar cada momento desse jogo. A ambientação é simplesmente perfeita e consegue misturar terror, tensão e ação de um jeito que, para mim, tem muito a cara de Resident Evil. Sinceramente, não entendo algumas críticas que esse jogo recebe dentro da franquia, porque eu gostei demais da experiência. ۶ৎ ᥫ᭡.ִֶָ𓂃 O Castelo da Lady Dimitrescu foi, sem dúvidas, o ponto alto para mim. A atmosfera daquele lugar é sensacional, e eu só queria que essa parte durasse muito mais. Da mesma forma, a Casa Beneviento, com a Angie, também merecia ser maior. É uma das partes mais marcantes do jogo. ⋆༺𓆩☠︎︎𓆪༻⋆ 𓍯 ִֶָ Também joguei a DLC Sombras de Rose, e a sequência das bonecas foi simplesmente fantástica. O fato de você não poder tirar os olhos delas enquanto avança cria uma sensação constante de agonia. É aquele tipo de mecânica simples, mas extremamente eficaz, que deixa a tensão lá em cima. Foi um dos momentos mais legais e perturbadores que já vivi em Resident Evil. ｡𖦹°‧ >⩊< E uma coisa que eu acho muito especial é ficar assistindo às artes finais. Dá para sentir o carinho e a dedicação da equipe que criou esse jogo. Ver aqueles conceitos e ilustrações depois de terminar a jornada fez tudo parecer ainda mais memorável. ⋆˚࿔ 𖹭.ᐟ Resident Evil Village entrega personagens marcantes, cenários incríveis e uma ambientação impecável. Eu amo amar Resident Evil, e Village só reforçou ainda mais esse sentimento. 𓇢𓆸"
229082728,13.916666666666666,True,0,JOGAÇO ta no top 3 melhores da franquia cncrtza podia ter tido parte maiores achei bem curto pra um resident evil
229061861,31.55,True,1,"Depois de RE7 trazer o terror de volta ao centro da franquia, Village resolve seguir outro caminho e coloca a ação novamente no centro da experiência. O horror ainda existe, mas apenas na casa Beneviento e um pouco na DLC. Os cenários variam bastante durante a campanha e cada região principal consegue oferecer uma experiência diferente. O Castelo Dimitrescu é o ponto alto do jogo (pena que dura tão pouco), equilibrando exploração, puzzles e perseguições. A Casa Beneviento praticamente abandona o combate para apostar no terror psicológico e entrega um dos momentos mais tensos da campanha. O Reservatório de Moreau é a parte mais fraca. Já a Fábrica de Heisenberg (Magneto) abraça de vez a ação, trazendo confrontos mais intensos e um clima completamente diferente do restante do jogo. Enquanto isso, a vila funciona como um grande hub, ligando todas essas áreas e incentivando revisitas conforme novos caminhos são desbloqueados. A exploração continua recompensadora, tesouros escondidos, melhorias para as armas e o sistema de comércio fazem valer a pena sair do caminho principal. O combate é muito mais voltado para a ação do que em RE7 e os inimigos aparecem em maior quantidade (me senti no Dark Souls 2), existe uma variedade maior de armas e upgrades, e o jogo quase sempre incentiva enfrentar tudo o que aparece. Dependendo do que você espera de Resident Evil, isso pode ser um acerto ou um problema, aqui você encontrará ''Zumbis de VR''. Nem todos os chefes têm o mesmo impacto e algumas áreas funcionam melhor do que outras, mas a variedade constante faz com que a campanha mantenha um bom ritmo do início ao fim. Village consegue misturar elementos de RE4 e RE7 de uma forma divertida e cria uma identidade própria dentro da franquia. Não é o meu Resident Evil favorito e nem está no meu top 10, mas é um jogo bom para o final de semana, mesmo deixando o terror em segundo plano."
229003824,19.95,True,0,"novamente zerando mais um jogo dessa saga incrível, pretendo levar esse legado mais pra frente."
229003050,20.7,True,0,"Excelente jogo, tem pontos positivos e negativos. esta entre os top10 RE"
228979015,32.81666666666667,True,0,"JOGO FODA PRA CARALHO, VALE A PENA CADA CENTAVO, VENDA SUA CASA PRA COMPRAR ESTE JOGO"
228975808,24.3,True,0,"Resident Evil Village é um jogo que mistura ação, suspense e terror de uma forma muito equilibrada. Desde o início, ele consegue prender o jogador com uma atmosfera envolvente e uma história cheia de mistérios. Os gráficos são impressionantes. Os cenários são extremamente detalhados, com castelos, vilarejos e ambientes sombrios que ajudam a criar uma experiência muito imersiva. A iluminação e os efeitos visuais tornam cada momento ainda mais marcante. A jogabilidade é fluida e variada. Além dos combates contra diferentes tipos de inimigos, o jogo também traz exploração, quebra-cabeças e gerenciamento de recursos, fazendo com que cada área ofereça novos desafios. A história é outro grande destaque. Ela consegue manter o interesse do começo ao fim, apresentando personagens marcantes e reviravoltas que deixam a aventura ainda mais emocionante. Os chefes são muito bem feitos, cada um com mecânicas próprias e batalhas que exigem estratégia, tornando os confrontos memoráveis. A trilha sonora e os efeitos sonoros completam a experiência, aumentando a tensão nos momentos certos e deixando a exploração ainda mais envolvente. Nota final: 9,8/10. Resident Evil Village oferece uma excelente combinação de ação, terror e exploração, entregando uma aventura emocionante, com gráficos incríveis, ótima jogabilidade e uma campanha que prende do início ao fim."
228932739,40.266666666666666,True,0,"Um jogo muito bom, que vai te entregar uma experiência muito boa caso você jogue sem saber nada sobre ele, e mesmo que saiba o que te aguarda, ele ainda pode te entreter bastante. Um Resident Evil que ousa nos conceitos, misturando um pouco de folclore com as armas biológicas, que pode afastar aqueles que esperavam os zumbis clássicos, não posso julgar a frustração deles, mas essa mudança não me impediu de gostar dos inimigos deste jogo. Apesar deste Resident Evil ser uma experiência única, ele ainda comete alguns deslizes, tanto na sua gameplay quanto em alguns pontos da história, a jogabilidade dele para mim, foi bastante cativante, usar as armas e ver os impactos dos tiros nos inimigos é algo muito bom desse jogo, quanto às armas, o jogo peca na rejogabilidade com elas, ao optar por seguir upgrades lineares onde a próxima arma que você pegará é objetivamente mais forte que a sua atual, ele não te faz experimentar as outras armas que você pegou ao longo do jogo. Em questão de história, creio que seja bater em cachorro morto, mas realmente me deixa triste alguns personagens serem mal utilizados, como Lady Dimitrescu e Karl Heisenberg. No fim das contas, esse jogo vale muito a experiência, sem sombra de dúvidas, para mim ele é um 7/10 que poderia ser um 8/10, mas algumas escolhas como os upgrades de armas me deixam com um gosto amargo, pegue em uma promoção boa que você não irá se arrepender."
228927985,13.216666666666667,True,0,"é mt interessante, principalmente se vc for fã de resident evil!! Porém, uma das única coisas que não gosto nele é que em primeira pessoa :("
221595194,15.65,True,0,"Muito Bom! divertido pacas, gun play excelente, horror na medida certa, ação na medida certa, historia boa mas é meio sessão da tarde as vezes e como historia resident evil é horrivel, mas te mantem entretido e os vilões/personagens são bons. os bosses são legais mas as boss fights n tem nada de ""especial"", os mini bosses são muito legais de enfrentar, e suas lutas são muito melhores que os bosses de fato hahaha. fator replay maravilhoso pique RE 4, modo mercenários bacana, desbloqueaveis bem dahora, dublagem boa em pt-br. o balanceamento das armas não é tão bom... diferente do RE 4 que cada arma é unica, o RE 8 a arma mais nova é sempre objetivamente melhor, o que descarta muitas armas principalmente no end game e ng+. exploração muito boa, satisfatória e recompensadora! muito bom jogo, vale a pena comprar, um dos resident evil mais legais! (por mais que talvez seja o resident evil menos resident evil rsrs)"
228825834,12.5,True,0,"7/10 O 7 é muito melhor, mas vale a gameplay por 40 reais"
228820151,15.8,True,0,pfv não joguem esse jogo pois você sairá com depressão severa. mas de resto é tudo bom recomendo
228724831,22.45,True,0,"Esse jogo é incrível, não caiam em narrativas de Youtubers, tirem suas próprias conclusões. o jogo é muito rico em detalhes, dublagem excelente, audio perfeito, puzzles bem feitos, e terror, muitos criticam a parte do Heisenberg, mas eu achei tranquilo e rápido quando zerei pela segunda vez, não é horrivel, o gráfico é muito bom também e muito bem otimizado."
228687969,13.466666666666667,True,0,"Melhor resident evil que joguei, uma trama bem elaborada e com personagens bem desenvolvidos, realmente te prende e um final digno pro enredo construido no jogo anterior"
228679662,15.683333333333334,True,0,"gosto muito dessa franquia, já zerei no PS4 e agr no pc, joguem, o jogo é top."
228621913,25.65,True,0,"Bom pa krl, não entendo pq odeiam tanto esse jogo, a atmosfera do inicio é perfeita, as únicas partes ruins são a do Heisenberg e a do Cris, de resto é um ótimo jogo! É errado eu querer macetar todas as filhas da Lady Dimitrescu? se sim me joguem aos lobos"
228613887,10.966666666666667,True,0,"Joguei esse e o 7 (Bio hazard) recomendo muito mais o 7, algumas coisas nesse jogo me deixaram a desejar por exemplo a qualidade gráfica e algumas mecânicas que faltaram, mas mesmo com todos esses contras eu achei o jogo muito divertido."
228593061,2.716666666666667,False,0,"Se tem uma coisa que me fascina na indústria é a capacidade de um jogo ser artisticamente impecável e, ainda assim, não dar o estalo certo no meu cinto de utilidades de jogador. Foi exatamente o que aconteceu por aqui. A abordagem adotada, que decide chutar o balde do terror de sobrevivência purista para abraçar uma ação espalhafatosa e quase carnavalesca, acabou sabotando o meu engajamento. Eu buscava aquela opressão claustrofóbica que te faz suar frio a cada esquina, mas o que recebi foi um ritmo fragmentado, dividido em distritos que parecem parques temáticos isolados. Essa falta de uma identidade central firme quebrou a minha imersão e me fez passar pelo jogo sem criar raízes. Por outro lado, se o seu foco é sentar no sofá para contemplar o ápice da engenharia técnica e do esmero audiovisual, este título é um deleite indispensável. A engenharia gráfica por trás desse universo é um colosso. O contraste entre o design gótico aristocrático, rico em detalhes de iluminação e texturas de época, e a miséria visceral das áreas periféricas congeladas no tempo cria um banquete visual impressionante. O gunplay é extremamente polido, respondendo com um peso satisfatório que se alinha perfeitamente ao clássico sistema de gerenciamento de inventário, que mais parece um quebra-cabeça tático viciante. Para fechar, o design de som tridimensional é uma obra de arte à parte, manipulando a percepção de verticalidade e distância de forma impecável. A mistura de subgêneros do horror com tiroteio desenfreado não conversou com o que eu procurava em termos de atmosfera, mas o valor de produção e a diversão descompromissada que ele entrega são inegáveis. É uma montanha-russa técnica que todo mundo que aprecia a evolução dos videogames deveria experimentar."
228539125,138.81666666666666,True,0,"Bom, mas poderia ser melhor, mas o jogo ainda é bom."
228538880,17.35,True,0,"Ethan é o mais humano..? RE 8 é muito bom em todos os sentidos, é meio viajado mas depois do RE4 todos são meio viajados. Ethan é um dos melhores protas que existem, assim como a Grace do RE9 ele não está muito preparado pra tudo que acontece, ele só é uma pai atrás de sua filha... Talvez eu acho."
218974928,12.766666666666667,False,0,"Paguei 25 reais na blackfriday, valeu a pena pelo preço, mas depois de jogar Requiem precisei voltar neste e não recomendar pra deixar claro minhas expectativas com os próximos da franquia."
228524370,16.333333333333332,True,0,"Um otimo jogo, não parece tanto um resident evil mas mesmo assim é um otimo jogo. Sinto que ele consegue pegar as melhores partes dos principais jogos, como: o terror dos primeiros jogos na casa da donna beneviento, exploração do castelo lembra muito o Re2, a vila sendo um retrato do Re4 e a fabrica... bom lembrando todos os Re kkkkkk basicamente todos tem fabrica e laboratorio. eu dou uma nota 8 para ele não supera o Re7 mas mesmo assim continua sendo um otimo game recomendo"
228523053,26.7,True,0,"Saudades de quando era apenas zumbis... bom jogo apenas, nada de mais!"
228453057,16.35,True,0,"Questão de gráfico, direção de arte e tudo voltado ao gameplay esse jogo é brabo demais (exceto a boss fight do heisenberg, aquilo é tenebroso). Agora enquanto a lore é bem bunda e viajado, mas recomendo bastante para fãns ou não da série"
228423259,12.816666666666666,True,0,"Adeus, Ethan Winters. Marido, pai e goat. O mundo perdeu um herói."
228414166,11.7,True,0,"Que gráficos absurdos e é disparado o mais assustador da franquia! E pra quem jogou o 7 esse seria a ''continuação'', e nosso Ethan está de volta <3 Agora o dublador do Ethan é muito g4y!"
228362771,73.9,True,0,"Resident Evil Village é aquele tipo de jogo que consegue misturar terror, ação, exploração e aquele clima absurdo de “que desgraça vai acontecer agora?” sem ficar chato em nenhum momento. O jogo começa com uma pegada mais sombria e de sobrevivência, mas aos poucos vai abrindo espaço pra ação, bosses marcantes e áreas bem diferentes entre si. O castelo da Dimitrescu é memorável, a parte da Beneviento é facilmente uma das experiências mais tensas da franquia, e o vilarejo em si dá uma sensação muito boa de progressão, como se você estivesse sempre desbloqueando mais um pedaço daquele pesadelo. A gameplay é muito gostosa. As armas têm impacto, o sistema de upgrades com o Duque incentiva bastante explorar, vender tesouros e pensar onde gastar dinheiro. Pra quem gosta de rejogar, o jogo também entrega bastante: New Game+, armas infinitas, desafios, Mercenários e conquistas que realmente te fazem jogar de formas diferentes. O ponto negativo é que, pra quem espera um terror puro do começo ao fim, Village puxa bastante pra ação em alguns momentos. Não chega a ser ruim, mas muda bastante o ritmo. Algumas partes são mais “filme de ação com monstro” do que survival horror clássico. Mesmo assim, é um dos Resident Evil mais divertidos de platinar e rejogar. Tem personalidade, tem vilões marcantes, tem momentos tensos, tem gameplay viciante e ainda fecha muito bem a história do Ethan. Nota: 9/10 Vale muito a pena, principalmente pra quem gostou de RE7, RE4 ou curte jogo com bastante replay."
228292464,19.733333333333334,True,0,"Dá pra se divertir, misteriosamente eu não parava de morrer pra Dimitresco, acho que era bug, aconteceu com alguém também?"
228233516,26.866666666666667,True,5,"subestimei demais esse jogo pela critica de alguns jogadores, mas me surpreendi demais jogando, é um jogo mt bom"
228199506,56.45,True,4,"na moral, quem teve a brilhante ideia de fazer o modo dificil nos mercenários só na pistola e com pouca vida merece muito é tomar no olho da felicidade, sinceramente que Deus lhe abençoe por essa ideia inovadora e brilhante no mundo dos games, muito divertido e nenhum pouco frustrante conseguir ranking S em todas as fases, ideia de japonês virgem que nunca foi tocado por uma mulher."
91668054,87.1,True,1,"Um jogo com uma boa gameplay, história medíocre e com personagens no mínimo questionáveis. Apesar dos pesares, se você não liga muito pra isso, vai se divertir bastante (tirando a DLC 😂)"
228135553,19.016666666666666,True,0,"jogo bom, porém curto, pra mim pelo menos. gameplay boa, levei uns bons sustos enquanto jogava e curti bastante a ação do jogo, gráficos lindos, dublagem PTBR sensacional todas as vozes são incríveis, a historia foi...... interessante, embora eu não tenha curtindo tanto certos acontecimentos e certos rumos que a historia toma. mas apesar de tudo foi muito bom jogar e super recomendo. nota: 8,5/10 sobre a DLC: eu joguei só a parte da Rose, o resto que veio com a DLC não me interessou tanto, sobre a jornada da Rose, foi legal de acompanhar, como as coisas vão acontecendo e o rumo que a aventura vai tomando é bem legal, as pequenas mudanças na gameplay foram interessantes e eu curti bastante, as únicas coisas que não gostei foram o vilão final que eu particularmente achei bem paia e a duração que achei muito muito curta. no fim eu curti bastante e recomendo. nota: 7,5/10"
228136048,34.35,True,1,"É divertido e tem uma história minimamente interessante, mas muito viajada ate para a franquia, boa parte do jogo tem como o foco em matar os quatro chefes da miranda. É esteticamente bonito pelas fortes inspirações no Resident Evil 4, mas falha em todo o resto. Piores pontos sendo a fábrica do Heisenberg e o próprio Heisenberg, vulgo Magneto da franquia"
228134749,50.95,True,10,"O Esplendor Macabro de um Conto de Fadas Sombrio Resident Evil Village não é só sobre dar tiros e levar sustos, a direção de arte entregou algo que beira o surreal aqui. O Castelo Dimitrescu, sem exageros, é um absurdo de tão lindo. A riqueza de detalhes é fabulosa, tanto na imponência do lado de fora quanto no luxo sufocante por dentro. Tem momentos em que a sua vontade não é nem de correr, mas sim de parar a gameplay só para admirar o level design e o capricho que colocaram em cada sala daquele lugar. Essa mesma imersão genial se repete na Casa Beneviento. É uma beleza diferente, sombria, construída puramente em cima do terror psicológico. A tensão ali é tão bem feita com aquele bebê que acho que foi a parte que mais me deixou nervoso. E vale um destaque gigantesco pra otimização e as opções gráficas do jogo. Joguei a campanha inteira com tudo no Ultra em 1440p, e o desempenho foi simplesmente impecável, super liso, apesar de me lembrar de duas salas em que o FPS cai de uma forma inexplicável. A RE Engine faz mágica, e presenciar os reflexos nos pisos do castelo, as texturas e a iluminação desses cenários com os gráficos no talo eleva a imersão a um patamar absurdo. É um espetáculo técnico e visual. O problema é que, depois de entregar dois cenários tão impecáveis e uma atmosfera tão imersiva, a qualidade geral acaba caindo um pouco nas outras áreas. O jogo passa a focar muito mais na ação e perde parte daquele encanto opressivo do início. E é justamente por causa desse peso e dessa genialidade toda do começo que a história acaba deixando a sensação de que faltou ""algo a mais"". O enredo tinha um potencial gigante para ser muito mais profundo e impactante, mas não acompanha o mesmo nível da ambientação. Apesar dessa queda de ritmo na segunda metade e da narrativa não atingir todo o seu potencial, a obra não perde o seu valor. Village ainda é um jogo incrível, divertido e visualmente inesquecível."
228125704,30.266666666666666,True,0,As bruxinhas góticas e mãe delas são bem gostosas e o Ethan salvou a franquia. Jogo bom demais pae.
228122989,14.8,True,0,"Olha, não é um dos melhores, ele acaba pecando nessa mistura de ação e terror no jogador, obvio que ele concerta coisas como a personalidade do ethan que faltava no 7, mas a gameplay, ele é bem facil comparado a outros jogos e mais facil de enfrentar os inimigos (isso no normal, não joguei em outras dificuldades), mas o ponto forte são a historia, design de cenarios, e tambem, o chris, que ta muito melhor e mais bem representado des dos ultimos 3 jogos que ele participou."
228071077,20.916666666666668,True,5,"Que jogo surpreendente! Depois de zerar todos os jogos anteriores, eu coloco esse jogo junto com o RE4 remake como dois jogos excelentes. O ritmo da narrativa é intenso e as diferentes abordagens em cada ""ato"", deixa tudo melhor. Momento com mais ação, outros com mais foco no terror, é uma abordagem que vem sendo muito bem trabalhada nos RE, tal como no mais recente (RE9). O bônus da Rose é excelente também, agrega muito ao conteúdo do jogo e trás uma nova abordagem de gameplay muito interessante, novamente, bem semelhante ao contraste que temos na gameplay do RE9 com Leon e a Grace. Enfim, comprem e explorem tudo, cada canto, cada tesouro, que o jogo é bom demais. BÃO!"
228055303,40.56666666666667,True,3,"sou suspeita pra falar porque eh meu jogo favorito, fãs de resident evil nao costumam curtir muito RE Village. Mas pra mim é o que mais entrega em historia, principalmente o protagonista, criei um apego enorme no Ethan. Recomendo jogarem as dlcs."
227998237,14.183333333333334,True,5,"Mid mas divertido, bosses faceis Dimitrescu dlç me persegue de novo pfvr 🥵 Compre em promo e por dimitrescu"
166077527,17.75,True,16,"A Dimitrescu eh uma delicia, eu queria ser esmagado por aquele rabao enorme dela Mas o jogo nao eh tao delicia assim Mas a Dimitrescu eh uma gostosa mds"
227942118,8.216666666666667,True,0,"Resident evil Village é um jogo divertido e ótimo em história, mas para mim o RE7 é melhor que o village. RE7 me marcou muito mais que o village, mas gosto do Village com carinho pois joguei muito no Xbox one"
227898696,15.216666666666667,True,0,ASSUSTEI PRA CARALHO MUITO BOM RECOMENDO E OS QUEBRA CABEÇA EU QUEBRO CABEÇA MESMO DIFERENTE DE ALGUNS JOGOS QUE É FACIL NUNCA JOGUEI RESIDENTE EVILL ESSE FOI MEU PRIMEIRO TENHO SO 7H MAS NAS PRIMEIRAS 1H JA TAVA GOSTANDO AGORA IREI VOILTA A MATAR AQUELE LORD GORDO SAFADO
227257078,17.466666666666665,True,0,''A historia do pai chegou ao fim'' jogasso da prr
227843974,21.266666666666666,True,0,"Absolutamente aterrorizante, com uma boa trama e ação na dose certa, alguns puzzles são meio difíceis mas não tira o brilho do jogo. Excelente para quem gosta de jogos de terror."
227767936,0.7333333333333333,False,1,"O jogo é bem fraco em comparação ao 7 e ao 9 além do que foi o único jogo que me deu cinetose, enjôo por movimento, tentei muito ajustar isso mas simplesmente não consegui fazer uma configuração que amenizasse os sintomas, o jogo se propõe a terror, mas faz isso de forma extremamente porca, o 7 consegue ser 10x mais assustador que o 8, as partes da Grace em primeira pessoa no 9 nem se falam"
227616719,34.916666666666664,True,0,"Amei a atmosfera deste jogo, um dos mais bonitos da franquia. Já está no meu top 5 Resident Evil (RE3 OG > RE2 OG > Requiem > RE4R > REVillage)!"
227610662,16.516666666666666,True,0,"Um Resident Evil muito bom, mas se tudo que foi descartado estivesse no jogo, seria um dos melhores. Mas mesmo assim, é uma boa experiência, e não estou dizendo isso só pelos belos pixels da Alcina Dimitrescu. Oque mais achei fantastico foi a ambientação, do jogo, leste europeu, inverno e aquele tom de terro que só Resident Evil sabe passar. E a historia do Ethan foi desenvolvida maravilhosamente bem. Dito isso 8/10"
227608290,20.8,True,0,"Como jogo de ação e terror, nota 10/10. Como jogo RESIDENT EVIL, nota 1/10"
227607734,12.633333333333333,True,0,"Compre se você gosta de Ethan Chad Winters. Obs: não é RE 7, mas é bom, e roda liso com as config no máximo."
227606366,4.633333333333334,True,27,"Estou a 4 horas preso no castelo da Lady Dimitrescu, não consigo sair de lá, há 4 mulheres psicopatas adoráveis correndo atrás de mim"
227605035,34.56666666666667,True,0,"Rapaz, é um bom jogo, divertido, mas como RE, chega a ser estranho esses bichos ai com a desculpa de ""arma biológica"""
227576740,14.683333333333334,True,0,Não tem oque falar sobre. é Resident Evil. ou seja mais uma obra de arte da Capcom.
227538735,14.666666666666666,True,0,"Não sei porque demorei tanto pra comprar essa obra de arte, que JOGAÇO!!!"
227509530,13.716666666666667,True,0,"Gostei muito do game. Gameplay é foda como sempre. Historia eu curti bastante mais do que o Re7 E o game roda muito bem, tive ZERO problema com ele"
227461157,18.05,True,3,"40 fotos da Dimitrescu, foram as melhores horas da minha vida e jogo mais bem pago."
227457545,12.5,True,0,"Vamos lá, pra um jogo da franquia ""Resident Evil"", ele é meio nada a ver. porém, se tirarmos esse fator é um jogo divertido e bem feito tecnicamente. Consegue trazer uma ação tensa, a história te prende legal - e com exceção do mano Ethan e da véia Miranda, os personagens são até carismáticos (amém deus da obesidade Duke) Diria que tem seus momentos bons e alguns poucos enjoativos, então acho que é um bom jogo no geral, vale a experiência - Nota 7,8."
227444703,51.65,True,0,SIMKMMMM porr mt foda vtmnc qm fala mal desse jogo nao sabe de nada
227440699,28.283333333333335,True,0,"Esse jogo é uma obra fina, dando conclusão dos eventos do primeiro jogo que somos apresentados ao Ethan Winters e sua familia, que um dia mau esperava um destino cruel, ao longo do jogo você vai descobrir coisas novas, armas novas, muita ação e momentos onde você só quer colocar a mão na frente do computador. Eu recomendo fortemente que tenha um computador médio para jogar, por exemplo que é meu caso, eu tenho um computador que server mas não é gamer, por isso teve varios momentos principalmente em cutscenes com muitos elementos que havia um delay na fala e na cinematica, mas é um jogo bom para se jogar, consegue zerar ele em dois dias ou até menos, para quem nunca jogou imagino que vá demorar mais, já tinha um breve conhecimento por ter acompanho em gameplay, nota final 10/10 jogo fica super em conta em promoções da Steam consegue pegar por 42,25. Compre e aproveite!!!!!!"
227423479,17.5,True,1,"Jogo subestimado pelo fandom, se fosse o Leon no lugar do Ethan nao receberia nem metade do hate"
157622702,23.05,True,0,"Se trata de uma boa continuação para a franquia, apresentando características de level desing que deixa a jogatina menos linear, com chefes memoráveis (menos o heisenberg que foi um grande desperdício) e com a implementação do modo em terceira pessoa deixando a gameplay mais confortável, gráficos de alto padrão como de costume para os atuais jogos da franquia resident evil lançados na RE Engine. Único ponto em que o jogo peca é em deixar muita coisa com explicação superficial ou inexistente, isso foge das raízes dos jogos antigos que explicava cada detalhe de inimigos, boss e etc (saudades dos re1 que explicava até por que os zumbis vomitavam ácido).... o jogo em si pecou no lore deixando mal explorado e pecou no fato de finalizar rápido o arco de cada lorde da Vila, porém no quesito de prós e contras o jogo ainda se sai melhor em seus acertos (gameplay, trilha sonora e ambientação). Fator replay muito alto e conta com um modo mercenários divertido (só não é melhor por que não implementaram o modo em terceira pessoa), porém a dlc sombras de rose é bem ruinzinha. Dito isso recomendo a compra do jogo (na versão Gold), joguei no lançamento no Xbox One e atualmente no PC. Sobre o RE:verse é bestinha, é só um bônus que vem junto a qual ninguém pediu e também joguei pouco e não tive tanto interesse. Por fim recomendo a aquisição da versão Gold por vim com modo em terceira pessoa que é a melhor forma de jogar RE Village!"
213112040,10.45,True,0,"um otimo jogo, mas como Residet Evil é bem ruinzinho, eu diria que vale bastante a pena se estiver em promoção"
227272519,35.21666666666667,True,2,"Resident Evil Village é basicamente uma mistura de Resident Evil 4, Van Helsing e um episódio perdido de Castelo Rá-Tim-Bum dirigido pelo capeta... Tem lobisomem, vampira gigante, bebê demoníaco e Ethan se fudendo. Jogasso!"
227259091,99.46666666666667,True,2,"O jogo que te faz passar pelas quatro estações do ano do terror em menos de 10 horas. Ethan Winters não tem um dia de paz. Depois do que passou na Louisiana, ele vai parar em um vilarejo congelado no meio do nada para salvar sua filha. O jogo é basicamente um parque de diversões de monstros, dividido em quatro áreas controladas por chefes bizarros que parecem ter saído de um livro de folclore europeu. Prós: Variedade absurda de cenários e ritmos. Você vai do combate frenético contra lobisomens no vilarejo para o terror psicológico mais puro e agonizante da franquia (a infame Casa Beneviento e seu ""bebê""), terminando em um castelo gótico e uma fábrica industrial. Lady Dimitrescu. A vampira de quase 3 metros de altura que quebrou a internet. Ser perseguido por ela no castelo é uma mistura de pânico com ""por favor, não me machuque, mas se quiser pode continuar"". O Duque. O substituto espiritual do Mercador do RE4. O cara é incrivelmente carismático, cozinha pratos que aumentam seus atributos permanentemente e ainda solta referências ao clássico de 2005. Ethan ""Mão de Ferro"" Winters. O homem que tem o poder regenerativo mais absurdo da história. Sua mão foi decepada? Sem problemas, joga um remédio líquido por cima, cola de volta e segue o jogo. Contras: A reta final na fábrica do Heisenberg liga o modo Call of Duty com esteroides. O terror some completamente para dar lugar a tiroteios contra homens-hélice e explosões em massa, o que quebra um pouco o clima do início. O Chris Redfield aparece, se recusa a explicar as coisas para o Ethan por motivos de ""roteiro precisa acontecer"" e vai embora, gerando uma das maiores falhas de comunicação da história dos videogames. 10/10. Vim pelo terror gótico, saí traumatizado com um chocalho de bebê e com o Ethan Winters coroado como o pai do ano."
227182597,16.783333333333335,True,0,"Quando abro o Youtube, vejo títulos dizendo que o RE8 é um jogo ruim ou o pior da franquia, eu achei um grande exagero, eu gostei muito do jogo. Eu senti que estava jogando algo digno de ser chamado de Resident Evil, por causa do medo que senti enquanto jogava, a atmosfera, a gameplay de survival horror, tudo me agradou bastante nesse jogo."
227181124,18.016666666666666,True,0,"O jogo é muito legal de se jogar, gameplay melhor que o 7, porém o ponto fraco do jogo é como não usaram bem o Heisenberg, a fábrica é sem dúvida a pior parte do jogo junto com o Monroe. Se continuasse com a mesma pegada da casa Dimitrescu e o vilarejo, seria nota 10 7,5 / 10"
227120754,19.783333333333335,True,0,"QUE JOGASSO DO KRL SENHORES, VALEU CADA FOCKING CENTAVO PQP"
218661514,19.916666666666668,True,0,"Resident Evil Village foi minha segunda experiência com a franquia. Comecei por Resident Evil 7: Biohazard, ainda no Xbox, e só alguns anos depois tive a oportunidade de zerar o Village, e que experiência fantástica. A forma como os Lordes são apresentados, junto à Mãe Miranda, é extremamente bem construída. Cada um possui identidade própria, tanto em personalidade quanto em ambientação, o que torna cada parte do jogo única. A variedade de inimigos acompanha essa diversidade, mudando de acordo com o lorde enfrentado e reforçando a sensação de progressão e novidade constante. Outro ponto que me impressionou foi a maneira como cada lorde exige uma abordagem diferente para ser derrotado. O jogo consegue variar ritmo, mecânicas e atmosfera sem perder a coerência. As histórias são contadas de forma envolvente, seja por meio de documentos, cenários ou diálogos, aprofundando o universo sem quebrar a imersão. Em nenhum momento senti que o jogo precisou acelerar ou desacelerar artificialmente o ritmo. A progressão é natural, a exploração é muito bem trabalhada e intuitiva, recompensando a curiosidade do jogador sem se tornar confusa ou cansativa. Dentro da minha ainda curta experiência com a franquia, este é, sem dúvida, o melhor jogo que já joguei. Uma experiência memorável que só aumentou minha vontade de explorar os outros títulos da série."
227003431,50.03333333333333,True,0,Esse é um dos melhores de todos. A DLC é uma bosta mas o jogo base é perfeito. Absolute resident evil village / 10
226947463,51.266666666666666,True,0,"Aqui temos um jogo superior ao seu antecessor, onde temos um mix de sentimentos, mas sabemos bem que o que mais temos aqui é: ação. De qualquer forma, temos momentos sim de terror e que são ótimos. É inegável que RE8 tem um ar a lá RE4, já que jogando percebemos muitas semelhanças tanto na gameplay como no ambiente do jogo, sem falar em certas mecânicas parecidas (tesouros). E isso é bom demais. Infelizmente, a DLC não posso dizer que temos algo incrível, no máximo mediano e de qualquer forma, não esperava nada demais. Já o modo mercenários é gostoso de jogar e se tivesse algum tipo de coop, seria mais delicioso ainda."
219288641,47.55,False,1,"Review de complecionista. Platinar Resident Evil Village é uma experiência curiosa: a lista de conquistas é consideravelmente melhor do que o próprio jogo consegue ser em vários momentos. Os 100% exigem múltiplas campanhas, desafios de combate, obtenção de todas as armas e um inevitável mergulho no modo Mercenaries, responsável por boa parte da dificuldade da platina. Felizmente, a progressão por New Game Plus ajuda a reduzir o sofrimento, embora algumas conquistas ainda consigam testar a paciência de forma bastante eficiente. O problema é que Village passa boa parte do tempo dando a sensação de potencial desperdiçado. A ambientação é fantástica, provavelmente uma das melhores de toda a franquia. Cada região possui identidade própria, visual marcante e uma atmosfera que consegue misturar horror gótico, conto de fadas sombrio e ação exagerada sem desmoronar completamente. O Castelo Dimitrescu sozinho parece prometer um jogo memorável. Infelizmente, boa parte dessas promessas termina antes mesmo de começar. Vários personagens são introduzidos como figuras importantes apenas para receberem desenvolvimento digno de um figurante que perdeu o horário do expediente. Lady Dimitrescu, Heisenberg e até a própria Mother Miranda possuem conceitos excelentes, mas o jogo parece constantemente com pressa para abandoná-los e seguir para a próxima setpiece. É quase um desfile de oportunidades desperdiçadas. Você encontra algo interessante, o jogo acena educadamente e segue em frente como se nada tivesse acontecido. Ethan também continua sendo um protagonista difícil de se apegar. Após dois jogos inteiros, sua personalidade ainda consegue ser menos marcante que alguns documentos espalhados pelo cenário. Sua importância para a lore cresce enormemente, mas seu carisma permanece preso em uma espécie de limbo narrativo. O resultado é um personagem que participa de acontecimentos gigantescos sem jamais parecer tão interessante quanto o mundo ao seu redor. A DLC Resident Evil Village: Shadows of Rose apenas reforça essa sensação. Ela possui algumas ideias visuais interessantes, mas parece existir mais porque alguém decidiu que precisava existir do que por realmente ter uma história indispensável para contar. Expande certos elementos da narrativa, mas dificilmente corrige os problemas que já existiam no jogo principal. No fim, a platina é boa, desafiadora na medida certa e consegue extrair bastante conteúdo do jogo. Já Village, apesar de divertido, sempre deixa a impressão de que poderia ter sido muito mais. É um parque de diversões lindamente construído, cheio de personagens promissores e conceitos fascinantes, mas que insiste em passar correndo por suas melhores ideias. Ainda assim, aquela ambientação continua carregando boa parte da experiência nas costas com uma eficiência quase sobre-humana. Se cenários ganhassem o prêmio de protagonista, Village provavelmente estaria entre os melhores da franquia."
226915616,21.35,False,0,Péssimo e com uma história terrível... Sem pé nem cabeça. Resident Evil virou sinônimo de enredo galhorfa.
226903845,54.516666666666666,True,0,"BOM É um jogo bom caso você jogue ele apenas pela história e pela experiência, a construção do personagem do Ethan Winters em minha visão não combina com um jogo de ação, por isso minhas partes favoritas desse jogo é o Castelo Dimitrescu e Mansão Beneviento, onde tem essa pegada de suspense, horror, terror. infelizmente após essas partes o jogo começa a ficar bem enjoativo e repetitivo em minha opinião. Como disse anteriormente o jogo em si é muito bom para sua experiência com Resident Evil, mas infelizmente foi um dos mais chatos para mim em questão de pós game (Platina) e (Mercenários). E Descanse em paz Ethan Winters, um pai amoroso, marido maravilhoso e herói da saga Resident Evil, infelizmente esse jogo não conseguiu aproveitar seu nome e sua importância mas saiba que por mais que eu não tenha curtido o game, você salvou minha franquia favorita. Muito Obrigado #AEON"
226892993,58.666666666666664,False,1,O meu veio estragado... Talvez alguém consiga usar em alguma receita. Como não sou bom cozinheiro terei q jogar fora.
208291719,63.4,True,0,"Eu jogo Residente Evil desde o 1. Eu joguei TODOS, ok? Todos. E, essa é a diferença de um fã para um fanboy, certo? Vou dedar aqui a diferença de um fã para um fanboy. Eu sou fã de Resident Evil eu joguei todos eu ZEREI TODOS, certo? Tanto os principais quanto os Spin-offs. Éaah...Eu gostei demais do Resident Evil 1, 2, 3..."
226744179,42.25,True,0,um resident evil diferente dos demais mas mesmo assim muito bom
161074163,177.96666666666667,True,1,"Jogo muito bem otimizado, história forte, e com um modo mercenários divertido."
226643949,23.516666666666666,True,1,"Achei o jogo extremamente divertido, fiquei entretido do começo ao fim. A história me prendeu bastante: queria entender a lore, o destino dos personagens, o que aconteceria com a Rose, a Mãe Miranda e tudo mais. A gameplay é excelente: explorar a vila é muito bom, a progressão funciona bem e os gráficos são ótimos. Mas eu sou bem zé lore, então isso pesa bastante pra mim. O início do jogo é muito forte: você fica confuso, cria várias teorias e isso é bem envolvente. Só que chega um ponto em que a narrativa dá uma “travada” e você fica meio sem novidades de lore. Já perto do final, vem uma avalanche de revelações, fiquei gag real, mas achei meio forçado o jeito como conectaram a Umbrella com a história. Até faz sentido, mas não me convenceu totalmente. Sobre os personagens: podem tentar o quanto quiserem, eu nunca vou odiar o Ethan. Ele é meu protegido, sim, ACEITEM. Acho ele incrível justamente por ser um cara comum, sem experiência, mas que encara tudo de frente pra resolver seus próprios problemas. Me envolvi muito com a jornada dele, é um ótimo protagonista. Já a Mãe Miranda, pra mim, é um MICO. Falta carisma, presença e impacto. A boss fight dela também não é nada marcante. A lore envolvendo o Megamiceto é confusa e mal explicada, parece que ele faz de tudo, mas sem regras claras, deixando várias pontas soltas que talvez nunca sejam respondidas. A Dimitrescu, por outro lado, tem muito mais presença e carisma. Pra mim, ela funcionaria melhor como a vilã principal. A parte dela é ótima: o castelo, as filhas, a ambientação… tudo muito bom. A gameplay ali é divertida, mesmo sendo uma parte relativamente curta. Gostei da boss fight, mas achei meio nada a ver ela virar um dragão. No geral, é uma personagem que poderia ter sido melhor aproveitada. A parte do monstro do lago é bem esquecível. Já a Casa Beneviento é simplesmente FIERCE, um dos pontos altos do jogo, apesar de eu não gostar muito da explicação das alucinações e da questão das bonecas. O Heisenberg também não me agradou tanto: visual meio cringe, é um mico ele ser o Magneto do X-men, tem uma boss fight penosa, mas a exploração da fábrica dele é bem legal. Resumindo: o jogo é excelente em gameplay, mas deixa a desejar na construção de mundo e na lore geral. Ainda assim, a história do Ethan é perfeita. E o Chris… tá um GOSTOSO nesse jogo."
226587442,34.666666666666664,True,0,"muita gente odeia esse game pq ele é MUITO viajado, mas até Gostei dele, Ethan tá muito mais humano e com personalidade se for comparar com o RE7 o jogo tem bosses ridiculos, Monroe , Magneto e aquela boneca Tosca, a unica que achei legal foi a dimitrescu, mas juro que não foi pq ela tem muitos poligonos, é pq ela tem muito mais Personalidade e o Resto é bem sem graça, o jogo tenta ligar a historia á umbrela de forma muito Forçada, mas tem pontos bons como a gameplay que é uma versão melhorada da gameplay do 7, e tbm a Jornada de Pai de Ethan Whinters, este homem faz de tudo por sua filha, Compre em uma promoção"
226508361,29.966666666666665,True,6,"O Ethan não é mais sem carisma como no RE7, gostei muito da história e na minha opinião, esse RE tem uma das melhores histórias que eu já joguei 10/10"
226497451,25.95,True,0,"Resident Evil, mas em vez de um agente especializado, você é só um pai em busca de sua filha. Dito isso, jogão da porra."
226401790,77.43333333333334,True,3,"Muito bom! Da série dos jogos mais atuais, destaco este como um excelente jogo, zero defeitos. 10/10"
226394748,19.1,True,0,"O jogo em sim e bom. A única coisa que ele não é e Resident Evil, pq perde toda a noção em vários momentos, principalmente quando ele cola o braço sozinho, sei que no final do game eles tentam dar sentido a isso, com o fato dele ter morrido no RD7, mais ao longo da História você fica puto com essas coisas malucas que acontece que não faz sentido algum. Se esse game levasse outro nome eu diria que seria um game excelente, mais como tem o nome da franquia é o peso dela, e só um bom jogo, é um dos piores Resident Evil da saga."
226388825,12.75,True,0,"O jogo é bem melhor do que dizem, a gameplay é satisfatória e fluída em vários aspectos, vale a pena explorar tudo!"
226329507,24.466666666666665,True,31,"""O papai não vai deixar nenhum monstro de conto de fadas te pegar."" Ethan Winters é um personagem que realmente mexeu comigo, um homem corajoso e determinado até o fim, que é capaz de fazer qualquer coisa pela sua família. Que surpresa maravilhosa esse jogo foi ao ponto de eu não ser nem capaz de expor em palavras. Apenas joguem, e se há alguém que você ame tanto ao ponto de fazer o impossível por ela, então você vai se identificar e gostar desse jogo tanto quanto eu."
226298902,57.4,True,0,"O jogo é bem legal, a história é boa mas desejou muito no aprofundamento dos bosses. Pra quem for platinar dedica pelo menos umas 10 horas só pro The Mercenaries, modo insuportável. Mas no demais, o jogo é bom!"
226241026,12.766666666666667,True,0,"Apesar de ser um Resident Evil bastante diferente dos demais (como o 7 foi), trata-se de um jogo muito divertido, com excelentes elementos de ação e exploração, com toques de terror."
223340274,12.75,True,0,"Primeiro resident evil q eu conheci, muito muito foda menos a parte do heisenberg, mas o castelo dimitrescu recompensa todo o resto, lady dimitrescu vilã mais foda e aura de todos os resident evil"
226115092,11.1,True,0,"ETHAN WINTERS THE GOAT Really loved this game, my main complain is that ironically you have way too much space and there is no crate, so that aspect of having to pick and choose which itens you carry was gone It wasnt a big deal, but still i kinda missed it Boss fights were pretty good, loved each and every lord with the strongest one being definitely the doll, it was quite literally one of the best horror sequences i've seen in a while The areas felt pretty good to both explore for the first time and go back to, none of them felt like they were too much of a hassle to go back as well Lore wise unfortunately i've been spoiled about a certain thing about ethan but nonetheless it was pretty enjoyable Overall i would give it a solid 8.5/9 out of 10"
226067587,50.233333333333334,True,0,"Resident Evil Village é uma obra-prima moderna que consolida a Capcom no topo do gênero de survival horror. O jogo consegue o feito raríssimo de unir a atmosfera aterrorizante e imersiva de Resident Evil 7 com o ritmo frenético, o gerenciamento de recursos e a diversão do lendário Resident Evil 4. O grande trunfo de Village está no design do seu mundo. A vila serve como um hub central sombrio que conecta quatro áreas completamente distintas, comandadas pelos icônicos Quatro Lordes. Essa estrutura impede que o jogo se torne repetitivo. Em um momento você está fugindo da imponente Lady Dimitrescu em um castelo gótico deslumbrante, e no momento seguinte se vê completamente indefeso na Casa Beneviento, protagonizando uma das sequências mais assustadoras e brilhantes da história dos videogames. Visualmente, o título é um espetáculo. A RE Engine entrega texturas realistas, iluminação soberba e uma direção de arte gótica impecável que salta aos olhos. Tudo isso roda com uma fluidez invejável, sem quedas de performance. Para fechar com chave de ouro, a dublagem em português do Brasil está fantástica, dando um peso dramático enorme à jornada desesperada de Ethan Winters para salvar sua filha. Com excelente fator replay, o carismático mercador Duke e combates altamente satisfatórios, Resident Evil Village não é apenas um dos melhores jogos da franquia, mas sim um clássico indispensável para qualquer fã de videogame."
226037476,33.61666666666667,True,2,"Acabei de platinar o game e tenho algumas coisas que eu gostaria de falar sobre ele. Primeiro vou focar nos pontos que eu acho ruim e depois nos que eu acho bom dele, vamos lá: a duração dele é MUITO curta e até parece que é um pouco rushado e eu não senti penso nos vilões direito, sabe? Tipo, alguns são fodas, tipo o Heinserberg, mas a Miranda (A DITA PRINCIPAL) para mim é uma bucha que nem aparece direito. Mas enfim, tirando isso, todo o resto do game é muito bom! A estética e gráficos estão incríveis, eu gosto do Ethan e o fator replay do jogo é incrível, é muito legal explorar o game e ir decorando os atalhos. Eu poderia falar mais sobre o jogo principal, mas sinceramente acho melhor você jogar e tomar suas próprias considerações, já que esse é um Resident Evil bem polemico, né), Sobre as DLCs: vamos falar primeiro do Mercenários, que me surpreendeu muito! Nunca fui muito fã desse modo, mas o desse game é bem divertido e bom para passar o tempo. A DLC da Rosa não fede nem cheira, ela existe, mas em geral acho ruim e meio desnecessária. Enfim, gostei de ter tido a experiência de jogar o Village e finalizar esse capítulo do melhor marido dos games, vulgo Ethan Winters."
226029173,21.95,True,0,"Jogo simplesmente incrivel, gameplay otima, e é isso ae tlgd"
217187216,22.083333333333332,True,0,desnecessário ter transformado todos os vilões do jogo em um bixo gigant
225971123,50.18333333333333,True,0,"Jogo incrível, desde quando lançou, assisti vários vídeos e lives e mesmo nunca ter jogado o jogo, sempre foi o meu favorito da Saga. Depois de jogar e quase platinar, pude ter certeza que esse jogo é tudo de bom. Recomendo pra quer se divertir imensamente!!!!!"
225963520,67.18333333333334,True,0,"Análise: Resident Evil Village Uma excelente evolução da fórmula em primeira pessoa iniciada no RE7, mesclando perfeitamente a atmosfera tensa de terror com a ação frenética que consagrou Resident Evil 4. Prós: Ritmo e Variedade: O jogo é dividido em quatro áreas principais comandadas por chefes diferentes, e cada uma foca em um estilo de gameplay (terror psicológico, ação pura, puzzles, etc.), o que impede o jogo de ficar repetitivo. Combate e Gerenciamento: O sistema de combate é satisfatório, e o retorno do ""Mercador"" (O Duque) e da maleta de inventário estilo RE4 trazem uma camada excelente de estratégia e progressão. Visual e Performance: Gráficos impressionantes na RE Engine, com excelente otimização para PC. Os cenários do vilarejo e do castelo são artisticamente belíssimos. Fator Replay: Contém o modo ""Os Mercenários"" (The Mercenaries), conquistas desafiadoras, níveis de dificuldade mais altos e uma loja de bônus pós-jogo para liberar armas infinitas e artes conceituais. Ambientação: A atmosfera gótica com lobisomens, vampiros e outras criaturas mitológicas funcionou surpreendentemente bem dentro do universo da franquia. Contras: Foco menor no Terror: Quem busca o terror purista e claustrofóbico do RE7 pode se decepcionar, pois Village é muito mais focado na ação e no tiroteio. Linearidade: Embora o vilarejo sirva como um mapa central para exploração, o progresso pelas áreas principais é bastante linear. Seções Narrativas Arrastadas: Algumas partes focadas puramente na história ou na transição de cenários podem se tornar um pouco cansativas em jogadas repetidas (New Game+). Conclusão da História: O terço final do jogo acelera demais o ritmo e a narrativa toma rumos que dividem a opinião dos fãs de longa data da lore da franquia. Veredito: Vale muito a pena. É um dos títulos mais divertidos, dinâmicos e polidos da saga recente de Resident Evil. Se você gosta de ação com uma pitada de horror e boa progressão, é compra obrigatória."
225953772,13.683333333333334,True,0,ETHAN REDPILL BASED CHAD SIGMA E ESSE JOGO NAO É RUIM
225948584,60.45,True,1,"um survival-horror obrigatório! uma pegada no âmbito extraordinário, com reviravoltas pela história do jogo desde a redefinição do gênero survival-horror no RE 7, o 'Village' reforça ainda mais sua pegada no medo, porém com elementos mais dinâmicos, como a loja do Duque que oferece diversas melhorias conforme progride no jogo a volta da ""progressão por boss"" foi bem-vinda, e a loja de pontos torna o jogo menos maçante em segundas playthroughs no mais, recomendo muito o jogo pelo desenvolvimento da história do universo Resident Evil"
225937913,34.583333333333336,True,0,"o jogo é maneiro, mas pra quem quer o 100% a dlc da rose é terrivel e o the mercenaries é bem fraquinho"
225934228,14.05,True,0,"Começa te fazendo andar igual um idoso com medo de abrir qualquer porta… depois vira praticamente um exército simulator KKKK. O terror pesa mais no início, mas conforme o jogo avança a ação toma conta. Mesmo assim, o jogo continua absurdo de divertido e lindo visualmente"
219985489,24.133333333333333,True,0,"Entrei pelo terror, fiquei pela variedade de gameplay e saí triste porque o bullying das vampiras durou pouco. Não supera o 7 no quesito 'medo de ir ao banheiro à noite', mas é um jogão!"
208186672,15.216666666666667,False,0,"Jogo ruim viu man, dps do primeiro castelo fica uma bosta"
225811495,17.633333333333333,True,0,"Resident Evil Village é um conto de fadas sombrio. Essa ideia é ótima, mas a execução é medíocre. Antes de qualquer coisa, o jogo é lindo, pois os ambientes são incríveis e os designs dos personagens e dos inimigos são muito bons. No entanto, a gameplay não acompanha essa qualidade. Ela é lenta e travada, parecendo sofrer uma crise existencial, já que utiliza o estilo compassado de Resident Evil 7 ao mesmo tempo em que enche a tela de munição e inimigos. Como as recompensas por matá-los nem sequer são vantajosas, ignorá-los faz mais sentido. E se correr é a melhor opção, a quantidade de balas deveria acompanhar essa lógica, e não existir em excesso. Gostei muito da Lady Dimitrescu e de suas filhas, que são malucas sádicas com uma boa construção de personagem. A maneira de enfrentar as filhas é interessante, mas rápida demais. Já com a Lady Dimitrescu, sua transformação e a luta final são bem chatas. Ela simplesmente perde a imponência que tinha na curta (e também pouco explorada) parte em que nos perseguia pelo castelo para virar um dragão. Isso, voltando à ideia de um conto de fadas sombrio, é ótimo, mas a execução falha. A Casa Beneviento é um ponto alto do jogo, tanto na campanha principal quanto na DLC, sendo efetivamente a única parte assustadora. Moreau é definitivamente o mais sem graça entre os lordes. Heisenberg foi, de longe, o meu favorito, tanto em personalidade quanto em design. A fábrica, assim como o castelo, é muito marcante, e é uma pena que a luta final contra ele seja tão decepcionante, ocorrendo o mesmo problema que com a Lady Dimitrescu. Gosto muito do Chris, então é ótimo vê-lo. O Duque é realmente intrigante, e a aparição de Eveline na DLC foi ótima, pois adorei vê-la novamente. Miranda é, surpreendentemente, mais uma ótima vilã, com uma boa motivação e uma boa história de fundo. Sua luta final também é bem desafiadora. Ethan e Rosemary são bons protagonistas, especialmente Ethan, que teve um desenvolvimento ainda maior nesse jogo. Mais uma vez, ele fez de tudo, viveu e enfrentou o inferno duas vezes por sua família. Um bom pai."
225810777,27.333333333333332,True,0,"como esses caras gostam de tirar pedaços, play top 9/10."
225775568,21.583333333333332,True,0,"jogasso. tá envolvente assim como o 7. porém, você ta mais livre pelo fato da maior parte do jogo não se passar dentro de uma casa haha. isso torna a gameplay bem mais leve e dinâmica, mas claro que os licanos acabam equilibrando as coisas."
225698522,19.6,True,0,"Acho que poderia ser melhor no quesito da história (O fato de terem ""desmembrado a Rose"" pra fazer com que ela seja uma chave que abre portas/portões, pelo menos é isso que o jogo quer passar quando vc pega a cabeça dela em um pote de sorrvete que é uma chave, fora o curioso do Duque saber disso, será que foi ele que a cortou?... Se a Miranda queria tanto a Rose, era pra Miranda estar com a Rose já fazendo o ritual lá, não cortando ela em membros para virar chave, fora qual é a da Miranda de ficar sendo aquela velha e falando pro Ethan o que fazer ou onde ir ou o que está acontecendo? Ela achou que o Ethan era tão burro a ponto de não saber nada do que esteja acontecendo no lugar... se bem que ele realmente não tava entendendo nada... Resumindo se ela quisesse mesmo ter feito o ritual teria feito muito antes... roteiro forçado d+,, várias vezes o protagonista ""meh"" não morre só por roteiro ou pq os ""vilões"" tem as motivações de não usarem tudo pra valer desde o início, falando do protagonista... sim, acho o Ethan um protagonista ""meh"". Na questão de gameplay o jogo melhorou principalmente depois que adicionaram o modo em ""terceira pessoa"", só poderiam ter feito a câmera um pouco mais afastada."
225667688,18.166666666666668,True,0,"jogo muito foda, Historia muito boa tambem so achei meio pequeno o jogo."
225520263,22.966666666666665,True,0,"Vou ser sincero, é bom mas não chega a ser bom igual o RE7 esse jogo tá mais pra um ""ok?"". Eu esperava um pouco mais da Beneviento e do Heisenberg, a parte da Beneviento é muito massa mas achei bem curtinha a única parte pra 1° run meio demorada é a da Dimitrescu, que eu sinceramente esperava um pouquinho mais também, mass foi interessante tem algumas partes q eu achei BEM arrastado e uma delas é a parte do Chris sla é legalzinho mas só isso e a Fabrica pqp que lugarzinho em. Mas no geral o RE7 continua sendo superior na história em minha humilde opnião.. é um 6,5/10 no MAXIMO um 7/10. Mas é um jogo divertido e curti um pouco a história agora ver como vai ser a platina.."
225499553,5.433333333333334,False,0,sla n sei como eu tenho isso na minha biblioteca devo ter comprado durante um surto de esquizofrenia
190417186,63.36666666666667,True,1,"Jogão poxa! Só tem uma parte que estraga, o jogo. O cara perde a mão e coloca ela no lugar com o item de vida do jogo! Não sei se foi porque ele estava infectado. RTX2050: Gráficos 'Fancy' a 57FPS (RT Desligado). 8Gb de RAM, i5 12500H. SSD NVMe."
225476467,18.85,True,0,"Um jogo Espetacular, sem sombra de dúvidas, o que tinha de bom no 7, eles melhoraram no Village, combate, história, personagens e ambientação são incríveis, jogue RE Village."
225445697,16.983333333333334,True,0,"Jogo muito bom. Bons gráficos, som, jogabilidade e ambientação. Roda bem e funciona muito bem com joystick."
183714305,21.683333333333334,True,0,"Kra,é um jogo complicado, fazia tempo que um jogo não me causava esse misto de sentimentos.Ao longo do jogo eu tive várias reviravoltas,Em alguns momentos o jogo me deu ""preguiça"" de jogar .. em outras me deu um hype absurdo.. mas por último me deu uma crise existencial,uma tristeza por ter chegado ao fim mas tbm, uma vontade absurda de jogar resident ivil. NOTA 08/10, Capcom sempre fazendo a boa 🙏🏻"
225349568,15.85,True,0,"Lambe homens, sugadoras e bebês. Tudo no mesmo jogo Parece Resident Evil, mas é muito bom mesmo para quem não gosta de Resident Evil."
225347313,80.6,True,7,"Todo ser pensante sabe que Resident Evil Village é incrível. Dito isso, vou citar algumas razões do porquê do game ser peak: - Estética impecável, do remoto e decrépito vilarejo ao opulento castelo Dimitrescu, o game possui uma ótima ambientação e visuais; - Vilões icônicos e inimigos relativamente variados; - Gameplay divertidíssima com uma exploração excelente, lembrando RE4. Facilmente um dos melhores REs modernos, e desconfie do intelecto de todo mundo que diz o contrário."
225297016,12.333333333333334,True,0,"É bom, mas vale a pena pegar a versão de 3a pessoa."
225246733,27.233333333333334,True,0,"RE Village é incrível sim, eu adoro este game tanto pela historia que prende do inicio ao fim, qnt a atmosfera absurda e level design, Como um fã deste game maravilhoso n vou ser hipócrita, A única coisa q achei paia foi um mal aproveitamento de um boss em específico, que foi a donna, Ela mal tem aparição e qnd aparece e sempre raso e rápido, Eu queria ter visto mais cenas dela e um desenvolvimento maior mas fora isso o jogo é bão dms 9.5/10"
225244728,13.633333333333333,True,0,"Oque fala, sobre o Ethan ser o melhor personagem? Sim, bom o cara q so se foder no final se fodeu tmb. na minha opinião eu acho que ele poderia ter sido bem melhor, ainda mais a lembrando dos personagens desperdiçados, a dimitrescu foi a cara do jogo, no trailers em tudo, e ela e a primeira a morrer, então sla e a bosta da fabrica, mas tirando isso e tem a parte da dona bievinto que na primera vez voce se caga de medo"
225221125,29.616666666666667,True,0,"O jogo é OK, apresentando uma história que se conecta diretamente com RE7, além de possuir personagens memoráveis, como o vendedor Duque e Dimitrescu. A movimentação de Ethan está mais fluida, deixando o boneco menos ""travado"". Porém, alguns vilões e inimigos foram pouco explorados, como o bebê gigante da casa Beneviento, a própria Donna Beneviento e, é claro, Dimitrescu, exceto em sua forma final de dragão."
225202030,79.7,True,5,"UAU Resident Evil Village transcende a concepção tradicional de um jogo de terror que e 2.7 acima da media. A obra constrói uma experiência profundamente atmosférica, quase hipnótica, onde cada elemento visual e sonoro parece meticulosamente arquitetado para provocar fascínio, inquietação e contemplação simultaneamente. A ambientação é monumental: a neve silenciosa cobrindo a vila decadente, os corredores aristocráticos do castelo, a iluminação melancólica e os sons distantes criam uma sensação constante de isolamento psicológico e imersão absoluta. O aspecto mais extraordinário está na maneira como o jogo converte o horror em uma forma singular de refúgio emocional. Embora o cenário seja dominado pela tensão e pela ameaça iminente, existe uma estranha sensação de familiaridade que emerge ao longo da jornada. A vila deixa de ser apenas um espaço hostil e transforma-se em um lugar carregado de identidade, memória e presença. Cada ambiente possui uma personalidade própria, quase como se carregasse vestígios de vidas esquecidas e histórias silenciosas impregnadas em suas estruturas. Resident Evil Village possui uma capacidade rara de envolver o jogador em uma solidão contemplativa. O silêncio opressor, a trilha sonora sutil e a direção artística impecável criam uma atmosfera de melancolia constante, fazendo com que o jogador se sinta completamente absorvido por aquele universo sombrio. E talvez seja exatamente por isso que o jogo se tornou um refúgio tão marcante: em meio ao caos da realidade, retornar àquela vila significa mergulhar em um espaço onde o tempo parece desacelerar, permitindo que pensamentos, emoções e memórias coexistam com a experiência do jogo. Poucas obras conseguem deixar marcas genuinamente profundas na trajetória de alguém, mas Resident Evil Village alcança esse feito com naturalidade impressionante. Ele eterniza sensações específicas — o desconforto silencioso ao atravessar um corredor vazio, o eco distante dos inimigos surgindo na escuridão, a ansiedade fascinante diante do desconhecido. Com o passar do tempo, essas lembranças deixam de ser apenas fragmentos de gameplay e tornam-se memórias afetivas associadas a momentos importantes da vida. No fim, a grandeza de Resident Evil Village reside justamente em sua capacidade de ser mais do que entretenimento. Ele se transforma em uma experiência emocional e estética inesquecível, uma obra que não apenas assusta, mas permanece viva na memória, como um lugar ao qual a mente sempre deseja retornar."
225162674,38.38333333333333,True,2,"Esse é um dos Resident Evil mais distintos da franquia. Apesar do 7 ser diferente, é muito mais por conta da câmera do que da gameplay, porque esse aqui parece mais um Soulslike do que um RE. Isso não é algo ruim aliás, o jogo é bem divertido e a parte do bebê gigante e dos manequins na DLC dá um cagaço que se espera de um jogo da franquia. Apesar de na maior parte do tempo ser um jogo de ação e não de terror, ainda assim eles tentam compensar isso com perseguições de inimigos imortais ou removendo suas armas e te deixando vulnerável. Eu prefiro mais um RE tradicional igual o Requiem, mas o Village continua sendo bem divertido. A DLC da Rose é muito boa, uma pena que ela só acontece BEEEM no futuro. Eu gostaria de ver ela aparecendo de novo na franquia e se reunindo com outros personagens icônicos, mas acho difícil isso acontecer considerando que o Leon já tá parecendo um idoso com dor nas costas em 2026, imagina em 2037."
225161115,21.75,True,0,"Te amo Ethan. sempre bom revisitar esse jogaço, zerei no ps4 e agora vou platinar na steam"
225155921,21.366666666666667,True,0,"Achei um pouco melhor que o RE7 mas ... tem um gameplay viciante e muito bom, nem perca tempo com a dlc da Rose que não acrescenta em nada e que também e um saco mas o jogo por si só vale muito a pena com um dos melhores viloes da saga nova do RE moderno com a Lady Dimetrescu pegando com tão pouco tempo no jogo que merecia ser ela a luta final."
225119484,14.55,True,0,Po mano e sacanagem falar que esse jogo é ruim ele pode ter alguns defeitos mais não dessa de ser um jogo incrível cara e muito maravilhoso esse jogo
225081422,25.45,True,0,Jogaço da porra Ethan meu goat gostei p krai do jogo é legal até as sides olha que eu odeio side tudo bem rapidinho só que esse jogo te faz quebrar um pouco da cabeça se vc nunca jogou antes
225075190,19.133333333333333,True,0,"Incrivel, peguei na promoção. Vale cada centavo do meu trabalho sofrido. Sem Duvida nenhuma, um dos melhores jogos da franquia e da minha vida mediocre. O problema foi que o meu pc não tanka o lustre da dimetresku. Sempre que eu olhava, pc morria. mas tirando isso. Incrivel. Valeu meu tempo de vida."
225070034,40.766666666666666,True,0,nao sei como nao gostam desse jogo. bom pra krl
225069996,37.6,True,0,"Ethan Witers pra mim é um dos melhores personagens de RE. Como todo fã de RE, eu tenho muito carinho por Leon, Chris e Claire, porém Ethan tem uma história totalmente diferente dos outros personagens. Ele começa como um simples civil e termina o jogo como um cara que realmente já passou por muita coisa, termina a história como um Herói. Eu realmente gostaria de que a Capcom desse um jeito de trazer esse personagem de volta no futuro, mesmo ele tendo o seu desfecho no Village. Uma menção ou até um simples Easter Egg. Eu realmente não quero que esse personagem seja esquecido."
224992343,55.21666666666667,True,0,"RE Village entrega uma das melhores rejogabilidades da franquia, uma exploração e ambientação foda, bom gerenciamento de recursos e uma ação frenética bem feita. No entanto, com um roteiro bem mais ou menos e cheio de conveniências, onde o Ethan arca com o carisma de uma porta meio as situações absurdas, e bons vilões descartados com uma pressa que beira o desperdício. É o tipo de jogo que você termina com um sentimento bom, pela gameplay e pelo ritmo imposto, mas com a sensação de que se tentar conectar os pontos da história de forma lógica, muita coisa perde o sentido. Dito isso, um 7/10"
224992065,44.55,True,10,"Sou do time que não considera isso Resident. Uso o nome dele Village, assim o tornando um jogo ok e bom. A vila é pequena e praticamente ficamos em um círculo todo jogo, tirando a Dimitrescu os lords são meia boca. A boneca é a que tem tensão e terror, mas mesmo assim é fraco a parte de desenvolvimento e luta contra ela. Os trechos que aparece o Chris da um respiro e parece que tem algo do Resident aqui, ai quando jogamos com ele ai sim parece que volta a ter sentido. Já que a Mia foi sequestrada e estava laboratório da mãe Miranda, qual motivo de não fazer o game ter como protagonista o Chris e deixar o Ethan lá de cativo também. Encerrei ele para dizer que zerei, não tentei dar muito a mais por ele. E curti o modo mercenários, mas a parte da fábrica dele é chato como no jogo. E isso me lembra o Transformer que vira o Hisemberg. Como é lobos e trechos que lembram até bruxa de blair, poderia ter sido até outro nome de uma nova franquia da Capcom. Village não me convenceu como resident, mas funciona como um jogo. E não curti isso de forçar os acontecimentos antes do Spencer e o tal de megamiceto e etc... Chatisse demais"
224982285,31.666666666666668,True,0,"Olha eu sinceramente achei a gameplay do jogo bem divertida e até relaxante não é algo aterrorizante e imersivo como o resident evil 7, mas é ok, acho que tem uma excessão a isso seria mansão beneviento e aquele bebê maldito, mas a história tem algums pontos soltos e questionamentos que ficam e coisas que o roteiro faz que não tem sentido, é um jogo 8/10 vale a pena se comprar em uma promoção"
224936017,18.683333333333334,True,0,"Gostei muito do jogo, comecei com um pé atrás que nem o 5, mas cara, sinceramente, que jogo foda, tudo bem que a parte da fábrica eles perdem um pouco a mão, mas slc, eu realmente não entendo pq os youtubers e """"""especialistas gamers"""""" ficam de ""aiii pq n é resident evil, que n sei oq..."" cara o jogo é muito bom, e cumpre muito bem o que ele se propõe a fazer. Eu genuinamente dou uma nota 9 para esse game"
222035549,36.71666666666667,True,0,"Gameplay: Excelente Gráficos: Muito bom História: Excelente Dificuldade: 7.5/10 Obs: A continuação de Resident Evil 7, contando mais sobre a história do Ethan e da Mia, tiveram uma filha e foi por isso que deu o rolê todo kkkkkk, explica muita coisa sobre o que aconteceu lá na casa dos Baker e sobre o vírus, a melhor parte do jogo é o castelo da Dimitrescu com certeza, a parte da casa da Donna Beneviento é muito boa também mas eu tenho um medo que não dá pra explicar daquele bebê gigante... O jogo tem um defeito pra mim, a câmera em terceira pessoa, o jogo não é feito pra jogar nesse câmera, o personagem fica travado e dá uns glitch sei lá. A platina é fácil mas chata."
198233084,12.666666666666666,True,0,É um bom jogo porém as vezes ele fica repetitivo tentar repetir a mesma vibe do 7 n é tao fácil mas é um bom jogo
224730212,30.833333333333332,True,0,o protagonista passa novamente inferno todo mas desta vez para ir atrás da filha dele. jogo10/10 mercador e o gordão trem bala
194314936,91.35,True,2,"Eu amo esse jogo. Foi o primeiro que joguei da franquia Resident Evil, então tem um peso especial pra mim. Resident Evil Village traz uma proposta um pouco diferente do que a franquia costumava fazer, com bem mais ação no geral. Sinceramente, não vejo tanto terror assim, é mais ação com momentos pontuais de tensão. O início do jogo é perfeito, muito envolvente, e dá pra perceber várias referências ao Resident Evil 4. Mas nem tudo me agradou. Dá a sensação de que o jogo foi feito meio às pressas. A Lady Dimitrescu morrer logo no começo do jogo e isso me incomodou bastante, já que ela era literalmente o maior destaque do jogo, e mais amada dele. A parte da Donna Beneviento é muito boa, na primeira vez, quase me caguei com aquele bebê maldito. Já a área do Salvatore Moreau é, pra mim, a mais fraca e desinteressante. Bem arrastada. Estando ali ou não, não faria diferença nenhuma. Meu personagem favorito é o Karl Heisenberg. Ele tem muito carisma, presença e uma lábia absurda, um verdadeiro filho da puta carismático, super inteligente e ser o Magneto da vida. Mas uma coisa me irrita, a parte da fábrica, é muito fácil se perder na primeira vez jogando, talvez até a terceira, os inimigos não são legais, e a luta final dele é simplesmente decepcionante. Aqui a Capcom deixou a desejar. A DLC da Rose Winters é legal. A parte do castelo eu não gosto, achei chata, mas a casa da Beneviento é legal ,especialmente a parte das bonecas da Mia. Agora… a pior parte do jogo inteiro: o modo Mercenários. Sério, é um lixo. Muito estressante, principalmente pra quem quer platinar. Essa parte conseguiu deixar trauma, horrível, sem condições. Mesmo com esses problemas, Village é um dos meus favoritos da franquia, junto com Resident Evil 2 Remake e Resident Evil 7. Tem falhas, mas ainda é uma experiência muito marcante. Recomendo. 8.5/10."
224653756,16.533333333333335,True,0,"Resident Evil Village é um 9/10 em quase toda a sua duração. É uma jornada fantástica, divertida e visualmente deslumbrante. No entanto, se o jogo terminasse com o mesmo refinamento e mistério que apresentou em suas primeiras 6 horas, estaríamos falando de uma obra-prima incontestável. O final não estraga a experiência, mas deixa aquele gosto de ""poderia ter sido mais sutil e menos explosivo""."
224605830,59.45,True,0,Definitivamente é um jogo que levarei na memória para sempre.
224559261,14.383333333333333,True,1,"O que dizer desta peça? Dá pra começar falando bem da ambientação, da Dimitrescu e seu castelo, do mistério e tensão inicial; falando do quão divertido o jogo pode ser, de um modo geral, de como é uma boa homenagem ao RE4 e... como é um potencial desperdiçado. Desperdício é o que resume esse jogo. Mitologia? Desperdiçada. Ambientação? Desperdiçada. Dimitrescu? Desperdiçada. O que foi construído no 7? Desperdiçado. O que foi hypado nos trailers? Desperdiçado. Village poderia ter sido uma boa continuação do 7, poderia ter sido um ótimo jogo focado mais nessas lendas e contos, poderia ter sido um ótimo ponto de conexão mais direta com os outros jogos... mas fica no poderia, sem chegar lá em nada. É um jogo bem legal de se jogar, bem bonito, bem rejogável (apesar de certas partes, e do final ficarem maçantes até na 1° run), é um ótimo entretenimento... porém é ridículo - não ""canastrão"" como outras obras da franquia, é RIDICULO em muitos e muitos pontos - desperdiça o próprio potencial, hype, jogo anterior e a quantidade de vendas que teve (e quem pensou que shadows of rose era uma boa ideia?). Enfim, novamente, é um jogo muito divertido e legal de jogar, mas pensar sobre dá uma tristeza por tudo o que poderia ter sido."
224550116,24.366666666666667,True,0,"Joguei Resident Evil Village depois de já ter zerado o Resident Evil 7: Biohazard, e posso dizer que a história me prendeu do começo ao fim. Assim como no 7, a narrativa é muito bem construída, mas aqui eu senti que ela me envolveu ainda mais, principalmente pelos acontecimentos e pelo ritmo do jogo. Uma coisa que me surpreendeu foi o quanto eu fiquei interessado no universo a ponto de querer jogar a DLC Shadow of Rose, coisa que normalmente eu não faço, já que não tenho tanto tempo disponível pra jogar. Isso por si só já diz bastante sobre o quanto o jogo conseguiu me prender. A jogabilidade segue bem o padrão clássico da franquia Resident Evil, com exploração, tensão e puzzles na medida certa. Pra quem curte quebrar a cabeça com enigmas enquanto avança na história, o jogo entrega bem isso. No geral, é um jogo que eu recomendo bastante, principalmente pra quem já gosta da saga Resident Evil."
224547621,13.983333333333333,True,0,"Na primeira metade eu senti tesão, na segunda metade eu senti tensão"
224534945,113.33333333333333,True,1,Capcom sempre trazendo seus personagens mais fodas e enchendo até o rabo de testosterona. (não foi facil jogar com uma mão)
224527832,24.7,True,1,"Um desfecho triste para Ethan, acertaram bastante no desenvolvimento do personagem, muito emocionante ver a conexão forte que ele tem com sua família, principalmente com a Rose, eu diria que o re village é muito inspirado no 4 na questão de gameplay e história, tem muitas semelhanças, ao contrário do que falam por ai eu creio que esse seja sim um bom Resident Evil, só porque não tem Zumbis não significa que é ruim, o 4 também não tinha e todos amam. Resumindo JOGUEM ESSA MARAVILHA Ethan Winters >>>>>>>>>>>Leon só pra constar"
220871378,21.6,True,0,"Excelente jogo, por mais que eu não seja muito fã de jogos modo história em 1ª pessoa, esse realmente achei bem interessante, tem bons jumpscares sem exagero e no geral é um jogo bem divertido,nota 7. Gameplay no youtube"
224451052,32.13333333333333,True,0,"minha primeira experiencia com resident evil e foi fenomenal, joguei no intenso e achei a melhor experiencia possivel, nunca vou esquecer. a estetica do jogo e perfeita, recomendo 100% jogar quando tiver oportunidade"
224405636,18.066666666666666,True,0,"Resident Evil Village — 9/10 Um jogo muito injustiçado. Tem uma história bem construída, bosses extremamente memoráveis e carismáticos, e cada área traz uma identidade própria. A Mother Miranda é simplesmente uma maluquinha das ideias — presença forte e caótica que marca bem o final do jogo. Mas o que realmente eleva o jogo é o final. O fechamento da jornada do Ethan Winters é forte, emocional e marcante — a ponto de arrancar lágrimas. É a despedida de um personagem que termina como herói. Mesmo com alguns problemas de balanceamento, é uma experiência que fica contigo depois que acaba."
224396904,32.75,True,0,"jogo bastante divertido, só peca na diversidade de armar, no sentido que sempre a próxima é melhor que a anterior, assim não tem sentido usar as outras armar, seria interessante se cada arma fosse única, se adaptando para o estilo de gameplay do jogador, tirando isso, é um jogo com uma historia bacana e comovente, gameplay boa que vai te garantir algumas horas de diversão, além do modo vilarejo das sobras ser bem desafiador mas não impossível, jogo nota 8/10"
224390027,33.71666666666667,True,0,"o melhor lançamento da capcom, que jogo incrível, ótimos gráficos, muito bonito mesmo, obrigado resident evil requiem"
224359227,55.766666666666666,True,0,"É bacana até,mas não vale muito a pena. As dlc's que era um dos pontos fortes do 7 simplesmente virou buxa aqui."
224330835,33.13333333333333,True,0,"Otima historia e otima gameplay, a Capcom sempre sendo criativa e pondo capricho nos games. Eu recomendo , 10/10."
224257835,14.55,False,1,"É divertido, mas só recomendo mesmo para os fãs. Nos melhores momentos ele é uma versão mais fraca do Resident Evil 4. Se o jogo fosse todo isso eu o recomendaria para quem busca ação descompromissada, mas o problema é que esses momentos são pontuado por seções longas em que o jogador só anda de lá pra cá, puxando alavancas e vendo filminhos, sem uma narrativa ou quebra-cabeças decentes que justifiquem o tempo investido. Não é horrível, mas é triste ver uma franquia que já possuiu tanta substância reduzida a isso, e ainda mais triste perceber que ele ainda assim ele é considerado um dos melhores jogos da franquia."
223749211,38.38333333333333,True,1,"Bem, não tenho palavras pra descrever o quão incrível esse jogo é. Recomendo muito, mas muito mesmo. Ouvi bastante críticas em relação ao jogo e à história, e a gameplay até pode não agradar todo mundo, mas acho que isso vai muito de gosto. Minha experiência foi muito boa, gostei bastante da gameplay e da história, e conseguiu me prender mais do que outros jogos da saga Resident Evil. Li muitas críticas ao protagonista Ethan Winters, mas a realidade é que ele é um personagem mais “humano”. Ele não é um super soldado, nem uma arma biológica ou algo do tipo, é só um cara comum infectado pelo mofo, que perde a mão umas 500 vezes e segue vivendo. Foi um personagem descartado rápido demais, na minha opinião. Acho que dava pra manter ele na saga e desenvolver bem mais. 10/10 – Jogaço. Recomendo bastante. E também recomendo ter uma placa de vídeo boa antes de comprar, porque eu sofri com crash e queda de FPS."
224248196,11.0,True,0,"Resident Evil Village é um ótimo jogo, adorei o fato da gente estraçalhar todos em nossa frente para resgatarmos nossa filha Rose, é simplesmente épico. Menos terror que o 7, mas não deixa de tirar alguns anos de vida a base de sustos. Mas como todo jogo bom também tenho minhas críticas, como por exemplo, isso definitivamente não funciona como Resident Evil, adorei tudo da história, mas em jogabilidade em si e tudo mais não me dá a impressão que estou jogando um Resident Evil, mas não confundam com não parecer com é uma jogabilidade bosta, pq eu acho muito daora particularmente, mas enfim, compre e se divirta. OBS: (Não recomendo jogar nem esse e nem o 7 sozinho, se você jogar e zerar jogando sozinho procure tratamento médico imediatamente)."
224240334,20.683333333333334,True,0,"Minha experiencia com RE8 foi excelente, jogo misturou bem os momentos de terror e agonia com ação. Acerca de pontos negativos consigo citar o sistema de armas do jogo que deixa muito a desejar, tanto na variação quanto nas personalidades das armas, se tu pegar uma pistola ou uma shotgun tu vai se sentir da mesma maneira, não sentindo o poder real das armas. em resumo, o jogo é muito bem feito e vale muito a pena ser jogado."
224216867,13.083333333333334,True,0,"jogo ótimo, sem defeitos, porém a fabrica do reisenberg é uma merda kkkkk"
224187810,24.016666666666666,True,0,"Nem sei o que dizer, simplesmente incrível, que jogasso. Eu nunca fui muito fã do gênero horror, nem nos filmes, nem nos jogos, mas dei uma chance pra essa série dps de recomendações. Ainda bem que comecei a jogar, pprt. Comecei com o 4 antigo, que joguei no xbox 360, dps disso foi jogo atrás de jogo. Não parava de pensar nesse tal de Resident Evil. Outro ponto, é que o 7 e o village são ditos como os mais ""terror mesmo"" dentre os outros, mas não tenho nada a reclamar. Jogaria mais jogos de terror agora, esse jogo mudou minha mente completamente. Enfim, recomendo demais, só jogar o 7 antes, pq se não fica meio confusa a história. Pretendo jogar mais dele, dlcs, platina talvez, mais pra frente. Vale muito apena!"
155178133,44.03333333333333,False,0,"n tem a mesma qualidade e cuidado do re7 e re4 remake, o valor n vale o conteudo pouco aproveitado por parte da capcom, re8 tinha um grande potencial para ser um dos melhores da franquia, mas infelizmente se tornou algo no meio termo entre re3 remake e re6,"
224180321,23.95,True,1,"O jogo é ótimo, o Ethan evoluiu muito em carisma e como personagem, a história é impactante, eu chorei muito nesse jogo, e eu choraria de novo. Não tenho palavras para descrever o quão essa experiência foi incrível."
224168582,66.51666666666667,True,1,"Resident Evil Village Resident Evil Village é um ótimo exemplo de como a franquia conseguiu evoluir sem abandonar suas raízes. Ele mistura com competência o terror clássico com ação moderna, criando uma experiência variada, intensa e memorável. O jogo expande o universo apresentado no título anterior, trazendo cenários marcantes, inimigos icônicos e uma narrativa envolvente. A ambientação é um dos seus maiores destaques, com cada área oferecendo uma identidade própria — desde o castelo imponente até vilarejos sombrios e fábricas perturbadoras. A jogabilidade é fluida e acessível, equilibrando exploração, combate e gerenciamento de recursos, mantendo a tensão constante. O sistema de desafios e conquistas incentiva múltiplas jogatinas, exigindo domínio das mecânicas, upgrades estratégicos e finalizações em dificuldades mais elevadas. Não é uma platina impossível, mas demanda planejamento, eficiência e persistência — especialmente para quem busca completar tudo com alto desempenho. -------------------------------- ⚜️ANÁLISE GERAL⚜️ Gráficos: Impressionantes Jogabilidade: Média Dificuldade: Média, Difícil Conclusão: Alta História: Muito Boa"
224164336,10.3,True,0,"voce percebe que o jogo é bom, quando se passa 2 horas e nem percebe, acho que a capcom acertou em cheio finalmente, nesse game, diferente do 7, perceberam o que estava faltando, como um pouco mais de ação, loot box, loja, e ainda dublado em pt, gráficos perfeitos, não gostei tanto do 7, mas esse aqui se superou!"
224158121,17.883333333333333,True,0,"Lady Dimitrescu é um dos exemplos mais interessantes de como a cultura pop transforma vilões em ícones. A personagem de Resident Evil Village não é apenas uma antagonista: ela mistura elegância aristocrática, imponência física e uma aura de mistério que a tornaram imediatamente memorável. O contraste entre sua sofisticação — roupas refinadas, postura altiva — e sua brutalidade sanguinária cria uma figura quase paradoxal, que fascina justamente por ser ao mesmo tempo sedutora e aterrorizante."
224143842,26.783333333333335,True,0,"Ótimo jogo, usou o que deu certo no 7 e acrescentou mecânicas conhecidas da série. Ainda sim, como Resident Evil, não me agrada nem um pouco..."
224141404,33.7,True,0,"jogo bom a DLC melhor ainda , ação com elementos de terror , fraco como resident evil parece uma sub fraquia , gostei da historia contada porem não tem nexo algum com a franquia sem pé nem cabeça mesmo assim recomendo.👍"
224100008,26.3,True,0,"Gostei, porém não consegui jogar com o controle como os outros resident que já joguei"
224017319,62.4,True,0,"Resident Evil Village é um Jogo com rejogabilidade boa demais, Gameplay e Gunplay muito bons, é um prato cheio pra quem gosta de desbloquear itens e principalmente PLATINAR, como eu. Único ponto negativo desse jogo com certeza é a história ruim com vários FUROS de roteiro, simplesmente horrível, à ponto de você parar e pensar ´´Que merd@ é essa Capcom?`` e outro ponto negativo é essa DLC horrorosa, eu rushei tudo pq não aguentei, é tão mal feita q dá até raiva, nem pegar Rank SS em todas as fases dos Mercenaries me fez passar tanta raiva, sem sombras de dúvidas a pior parte da platina."
223976971,125.35,True,2,"Apesar do Ethan ser um personagem detestável, a mecanica de gameplay, replayabilidade, e as conexões do mapa fazem esse um dos Resident Evil mais divertidos de se jogar e tentar desbloquear os extras, já fiz 2 campanhas e pretendo fazer os desafios restantes."
223975061,65.61666666666666,True,1,"Obra prima, o meu favorito da franquia! Simplesmente fenomenal! Ambientação e história incríveis, personagens como as filhas da Dimitrescu ou mãe Miranda são sensacionais, ótima estética. Jogabilidade ótima e balanceada, uma porrada de conteúdo extra pra se fazer após zerar, muita coisa ingame, o passo do jogo é ótimo. Gráficos lindos, poderia ser mais otimizado mas isso pode passar. Não tenho o que reclamar. 10/10."
223950971,23.1,True,1,"Entra em um dos favoritos Facil, mas realmente é muito bom, principalmente a dlc, a história da rose é muito bem contada e divertida de se jogar. Só achei que o Ethan tentaram colocar mais personalidade nele, oq acabou ficando estranho, mas nada impactante. Recomendo jogar depois do Re7"
223941860,41.45,True,1,"melhor jogo que joguei esses últimos tempos. Ambientação sensacional além de não ser tão pesado dando para diversas pessoas jogarem e, com conteúdo de sobra que daria facil mais de 100 horas de gameplay para quem quiser platinar."
223939130,33.2,True,0,"só Recomendo Pra quem gostou do 7, pra quem gosta de explorar, pra quem não gosta da lesma do Ethan, para quem já tá familiarizado com o Sistema de Crescimento do RE4, pra quem realmente quer fechar o Arco da Família Winters ou só do Ethan e pra quem que fechar uma Saga inteira do RE, e não se esqueça de cortar os laços de qualquer conexão com o 9..."
223935691,63.916666666666664,True,12,"Resident Evil Village o que achei até agora A história é completamente bizarra mas daquele jeito que dá a volta e fica ótima. As viradas de roteiro podem ser amor ou ódio, depende muito do que você espera. A parte da fábrica é um dos pontos altos level design muito bem feito e um backtracking gostoso de explorar. No geral, é divertido do começo ao fim. A campanha não é longa, mas também não decepciona Os chefes têm bons momentos, cada um com sua identidade. Mas a luta contra o Heisenberg decepciona foge bastante do resto do jogo, fica um pouco fora de tom, ainda mais considerando que ele é um dos personagens mais interessantes da história. Um jogo caótico, estiloso e muito divertido menos terror puro, mais espetáculo bem feito."
149626910,219.71666666666667,True,0,"No geral, ambientação e gráficos são incríveis. O estilo de gameplay, e somando todos elementos do jogo, me dão a sensação que to jogando um Resident Evil mais moderno, mas que realmente lembra RE, claro, isso vale só pra dificuldade Vilarejo das Sombras."
223882778,30.383333333333333,False,1,"Eu comprei o jogo a versão base do jogo planejando platinar ela e conseguir a medalha de platina, porém, apos ja ter terminado o jogo no village of shadows, conseguir SSS em todos os mercenarios, eu abro as conquistas necessarias para a platina na steam e vejo que tenho q comprar uma dlc de 90 reais pra poder conseguir 4 conquistas. tipo???? qual o sentido de fazer um jogo em que para fazer 100% dele você tem que comprar uma EXPANSÃO de conteúdo."
223826550,91.58333333333333,True,1,"Esse jogo é muito bom, quem não jogou ainda, não sabe o que esta perdendo!"
223817635,24.116666666666667,True,0,"O jogo no geral é bom, a trama inicial é um pouco fraca (Estilo John Wick) achei que faltou um embasamento maior para o protagonista explorar um novo local. Simplesmente acontecer o que acontece no começo sem mais nem menos *sem spoilers* é um motivo tipo ""cair de de para-quedas"". Dentro do jogo alguns ""Gatilhos"" tem defeito grosseiro, criaturas aparecem ao longe ""Congeladas"" até você passar por certo ponto de Gatilho, mas no geral o jogo é bom, grande divesidade de Bosses deixa o jogo bem interessante. A reciclagem dos mobs embora exista ela é bem convincente, eles realmente fazem sentido nas regiões que aparecem. Outro ponto que achei interessante são as notas relativamente mais encurtadas, elas dão uma boa abrangência da Lore sem entregar muito, mantendo sempre um clima de investigação"
223793586,35.05,True,0,"OTIMO JOGO, MUITO VICIANTE, OBRA PRIMA, MUITAS REFERENCIAS AO 4"
223773941,13.7,True,0,"melhor jogo da minha vida, ja joguei todos os resident evils e até a série silent hill. Costumava ter Silent Hill 2 como meu jogo preferido, mas isto? Resident Evil Village? Nada mais perfeito do que esse jogo, incrivel com historia incrivelmente imersiva e cativante. Um dos pouquissimos jogos que eu nao consegui parar de jogar (me atrasei para muitos compromissos kk)"
223747791,15.133333333333333,True,0,"Segue o modelo dos Resident Evil's da nova geração. Assim, se você gosta do modelo e de um jogo de ação com pitadas de terror, eu recomendo. É uma continuação direta do Resident Evil 7 assim é bom tê-lo jogado antes para não tomar spoiler. - Pontos positivos: . Gráficos. A engine da Capcom é fera tanto de gráficos de ambiente como de pessoas . Ambientação . Gun play . Waifus - Pontos negativos: . Curto. Como todo Resident Evil, ele é curto. 10 horas no máximo, você conclui. Assim, o custo benefício (preço/horas de lazer) pode ser baixo dependendo do preço que você pagou. Espere promoção! . Usa tinta amarela para guiar o jogador. Não somos retardados, conseguiremos achar o caminho. . Algumas seções/salas não dá para voltar depois. Se vc for colecionador, não bobeie."
223741069,35.46666666666667,True,0,"Zerei esse resident evil eu achei ele bom de jogar, fora que é o primeiro dublado em pt/br e vai ter momentos que você vai lembrar de algumas coisa do re4. Pra quem quer ter uma experiencia recomendo sim jogar."
223678510,50.2,True,0,não chega aos pés de um Silent Hill 2 remake mas é legalzinho.
223675281,59.06666666666667,True,0,"Resident Evil Village é um excelente jogo, mas com algumas falhas. Após os acontecimentos do 7, nosso protagonista, Ethan Winters, se muda para Europa para ter uma vida tranquila com sua esposa Mia e sua filha Rose, mas uma série de eventos o leva para uma vila isolada e agora deve enfrentar monstros em busca de sua filha. A jogabilidade em primeira pessoa é muito boa, o design dos personagens e do cenários são maravilhosos, a história é boa e a RE engine é muito bonita, além de ser bem leve se juntar com os cenários fechados, mas infelizmente os elogios acabam aqui. A impressão que me deu ao jogar, foi de que todo o orçamento havia sido direcionado à Lady Dimitrescu, e não digo só pela boss que parece ser mais trabalhada, mas pelo cenário até a conclusão do castelo que, fica mais evidente no speedrun, ocupa maior parte do tempo de jogo e onde possui mais mecânicas, sendo a única exceção a casa Beneviento, que não consista em andar e atirar. O jogo é bem fácil até nas dificuldades mais altas, sendo a parte mais ""complicada"" o prólogo que precisa sobreviver tendo pouca munição a uma horda de inimigos até acionar aleatoriamente uma cutscene. As boss fights são tediosas e sem emoção, seguindo o padrão Resident Evil de atirar nos pontos fracos de um monstro gigante, o mais deprimente foi Heisenberg que era o mais interessante entre os lordes. Além da campanha principal, temos também Os Mercenários, um modo arcade até que bem divertido, e Sombras de Rose, uma excelente continuação em 3ª pessoa com a nossa pequena Winters, agora já crescida, tentando entender mais sobre os seus poderes nos ambientes do vilarejo, que seu único defeito é ser curto. Deixando as ressalvas de lado, eu me diverti muito enquanto jogava o Village, valeu o preço que paguei (comprei na promoção) e recomendo a todos."
223671751,40.55,True,0,"Fazia muito tempo que eu não jogava Resident Evil. Eu particularmente adorei esse. Mas confesso que a ultima sessão, do Heisenberg, com robôs, parece decair um pouco a qualidade da história. Mas de forma geral a experiência de voltar ao Mundo de Resident Evil foi muito boa. Ainda vou jogar mais vezes para desbloquear armas e conquistas!"
223670762,76.85,True,0,"Jogo Ruim, A lady dimistrecu e feia, as filhas delas nao se exibem, o Heisenberg nao me deu one hit no modo vilarejo das sombras. Não recomendo o jogo caso voce gosta de ver o leon de calcinha dando tiro em Protestante da parada Gay"
223668121,22.133333333333333,True,0,"É um jogo muito completo para o gênero. Jogabilidade ótima, lindos gráficos e uma boa história. O jogo te prende do início ao fim com ritmos distintos e várias 'fases' do jogo, em alguns momento mais rápido e em outros mais cadenciado. Não se deixe levar pelas críticas dos 'fanboys' de RE, não leve a história tão a sério e tudo fará mais sentido. Este jogo é de fato muito mais fantasioso do que o restante da franquia, mas sejamos realista, esta franquia já não 'não faz sentido' a algum tempo e ver a criatividade aplicada neste game foi uma ótima experiência para mim. Nota Final: 9,5"
223649165,21.183333333333334,True,0,"O jogo em si é ótimo, mas perde força no aspecto do terror, que não causa medo por falta de construção de uma narrativa psicológica capaz de deixar o jogador mais imerso. A Capcom poderia aprender com o estúdio Frictional Games, criador de Amnesia: The Dark Descent. Além disso, há a ausência de opções de personalização das armas e o nível de dificuldade poderia ser mais elevado. Essa observação se aplica a todos os títulos da franquia Resident Evil"
219557177,13.683333333333334,True,0,"Resident Evil 8 é um jogão da por**. A jogabilidade não deixa a desejar em nada, com a exceção da coleta de itens. Os gráficos são muito bonitos e a ambientação dá uma booa impressão de realismo. A história também é muito boa. A justificativa do Chris não contar a verdade pro Ethan poderia ser melhor, mas isso não estraga a narrativa. O mais massa é ver um civil comum se tornando herói por amor à filha. E quando o final bate com o que a Mia conta para a Rose no início, seloko... emocionante. Não é perfeito, mas é um dos melhores da franquia."
223611199,35.36666666666667,True,0,"Digo que agrega mais informações à saga principal da franquia em comparação ao Re 7, no sentido de expor acontecimentos e fundamentos que ocorrem bem antes do primeiro jogo, dando mais conteúdo ao personagem mais enigmático do verso, Oswell. O jogo traz excelentíssimo gráfico, boa temperança e o que eu acho que mais agregou ao jogo foi a bagagem emocional que ele traz, um simples homem que desafia o sobre-humano para proteger sua família, o que perde, é o fato do ethan n ser um personagem tão cativante ou carismático, gosto bastante dele, mas o meu gosto não é o mesmo de todos os outros jogadores, a complexidade dos fatos que a franquia toda deixa em aberto, junto aos casos e informações extras que vemos em cada jogo novo é fascinante, minha nota? 9/10, sinto que alguns dos boss poderiam ser mais aproveitados, fora isso é um bom jogo. -Komodo"
223590476,45.18333333333333,True,0,"Apesar de Resident Evil Village ser um jogo extremamente competente em vários aspectos, nem tudo funciona perfeitamente — especialmente quando olhamos com mais atenção para a narrativa, as DLCs e até mesmo o sistema de conquistas na Steam. A história da campanha principal, embora envolvente em muitos momentos, apresenta alguns problemas de ritmo e coerência. A jornada de Ethan Winters é intensa, mas certas reviravoltas parecem apressadas ou pouco desenvolvidas, principalmente no que diz respeito aos vilões secundários. Muitos personagens interessantes são introduzidos com grande potencial, mas acabam sendo subutilizados ou eliminados rapidamente, o que reduz o impacto emocional da narrativa. Além disso, algumas explicações mais “científicas” dentro do universo da franquia acabam soando exageradas ou forçadas, quebrando um pouco a suspensão de descrença. Já a DLC Shadows of Rose tem uma proposta interessante ao explorar um lado mais psicológico e emocional, mas também sofre com inconsistências. A história tenta aprofundar a personagem Rose, porém em alguns momentos parece confusa ou até vaga demais, deixando pontas soltas. A mudança de tom — mais voltada ao terror psicológico — é um ponto positivo, mas pode não agradar a todos, especialmente quem esperava algo mais alinhado com a campanha principal. Além disso, a duração relativamente curta pode deixar a sensação de que o conteúdo poderia ter sido melhor desenvolvido. Outro ponto que merece crítica são as conquistas na Steam. Muitas delas acabam sendo excessivamente repetitivas ou exigem tarefas específicas que quebram o fluxo natural do jogo, como zerar em dificuldades muito altas ou cumprir desafios extremamente situacionais. Em vez de incentivar uma exploração orgânica, algumas conquistas acabam incentivando “grind” ou múltiplas jogadas pouco variadas, o que pode tornar a experiência cansativa para jogadores que buscam completar 100% do jogo. No geral, embora Resident Evil Village brilhe em ambientação e jogabilidade, esses pontos mostram que ainda há espaço para melhorias — especialmente no desenvolvimento narrativo e na forma como o conteúdo adicional e os objetivos paralelos são estruturados, infelizmente o padrão RE da Capcom"
223585774,13.483333333333333,False,1,Simplesmente jogo extremamente arrastado e tedioso as únicas partes do jogo que prestam são do castelo dimitresco e da beneviento o resto joga no lixo.
223580819,23.316666666666666,True,0,"Que Jogo Maravilho de Bom, o Sistema de Progressão é muito bom, dar upgrade, colocar acessórios e os tesouros, lembra muito o clássico Resident Evil 4, Gostei demais dessa adição. Me Identifiquei Até Demais com a Personalidade do Ethan kkkkkk, Realmente a reação dele com o que acontece é provavelmente o que eu diria. Os Antagonistas são bem tops, principalmente as Boss Fights, o Cenário é bem bonito visualmente acaba deixando a experiência mais imersiva, um show visualmente. Jogo Sensacional de bom e o Final é absurdo, Foi uma Experiência Única. Um dos Melhores Resident Evil que já joguei, pra mim é top 2 Resident Evil. Jogão do Caralho!"
223577703,15.3,True,1,"que jogo bom, eu quero meu ethan winters de volta:/"
223576262,18.2,True,0,"Jogabilidade excelente, história muito boa, gostei muito do jogo, por mais que ele não tenha muito em comum com os outros jogos da franquia ele ainda sim é um excelente jogo, a dublagem também é algo que ficou muito bom nesse jogo."
219386493,34.916666666666664,True,0,"Melhor história, jogabilidade muito boa, fator replay excelente, compatibilidade de mods do nexus sem nenhuma falha (recomendo muito colocar mods), o mercenários é muito divertido e o preço está bastante acessível atualmente, este jutamente com o 4 e 2 remake são os melhores resident evil sem dúvida alguma"
134942152,76.61666666666666,True,0,"Sei que muitos te odeiam, mas eu te amo RESIDENT EVIL 8, tantas memorias boas da primeira gameplay, decorei o jogo de cabo a rabo, sinto uma incrivel nostalgia a jogar 10/10 É 2025, e eu ainda amo esse jogo. é 2026, resolvi platinar esta porra, pqp zerei o modo historia algumas vezes (ainda gosto) mas a DLC Shadows of Rose, é muito lento, não é tão divertido, ainda bem que zerei no mais dificíl primeiro, modo mercenários é legal, mas precisava ter os modos ultra dificil? sinto que é só o repeteco porem obrigatório para platinar..."
223517440,89.5,True,0,"Simplesmente o melhor Resident de todos. Ambientação, som, diversão. Uma das melhores experiências que já tive em jogos. Quem fala mal desse jogo é hater. Estou reinstalando depois de anos só pra sentir o cheiro da penumbra daquele vilarejo outra vez."
223490227,38.31666666666667,False,1,"Sério isso, Capcom? Resident Evil Village até pode ser um jogo legal para quem joga casualmente, mas para quem gosta de platinar, a experiência é frustrante. O jogo não é exatamente difícil — ele é cansativo. Há diversos troféus que exigem tarefas repetitivas e demoradas, claramente pensadas para inflar o tempo de jogo de forma artificial. Além disso, ainda existem modos extras que aumentam ainda mais o tempo necessário para completar tudo. E o pior: para conseguir todas as conquistas, é necessário comprar uma DLC paga. Ou seja, mesmo após adquirir o jogo, você ainda precisa gastar mais dinheiro para alcançar a platina. Isso simplesmente não faz sentido."
223487950,20.883333333333333,True,0,"É um bom jogo, começa um tanto quanto frustrante, mas evolui bem, tem bons elementos de ação e investigação, o combate poderia ser mais refinado para você perceber o quão eficiente seu ataque é, mas no geral tem uma boa dose de adrenalina."
223484931,23.05,True,0,muitooooo bommmm!!!!!! só não da para ver o cris pelado
223480183,9.083333333333334,True,0,"Visualmente bonito, pra um jogo de terror n da quase medo nenhum, mas o jogo é bom pra krl"
223474136,25.1,True,1,"Zerar Village pela primeira vez é uma experiência, mas fazer o desafio da faca em menos de 3 horas é onde você realmente entende a mecânica da coisa. O que eu acho mais foda no Village é como ele muda de personalidade. O jogo se revela como um camaleão do horror. Ele te joga do gótico clássico do Castelo Dimitrescu para o pesadelo psicológico da Casa Beneviento, terminando em um caos de ação industrial."
223469712,16.733333333333334,True,0,"Esse jogo é a definição de relação amor e ódio, a gameplay é muito gostosa mas a história deixa a desejar em muitos aspectos, principalmente o terceiro lorde, simplesmente horrível. Ainda não joguei a dlc, mas levando em conta o jogo base, é um divisor de águas, gameplay boa e com momentos memoráveis, mas história medíocre no máximo"
223459306,15.866666666666667,True,0,"esse jogo é incrível, a ambientação, a mecânica de combate, os personagens são muito bons (principalmente a lady Dimitrescu e suas lindas filhas) gostei muito da exploração do jogo, é um dos meus jogos preferidos sem dúvidas. Só é uma pena o Ethan ter isso de arrasta, mas fora isso não tenho o que reclamar!"
223434165,63.583333333333336,True,0,"É um ótimo jogo, porém inferior ao Resident Evil 7 se tratando do nível de horror. O ínicio do jogo é perfeito, a exploração no castelo é magnífica, porém a Dimitrescu e as três filhas como perseguidoras não me deu medo algum, na verdade, gostei de vê-las me perseguindo ao decorrer da minha jogatina pelo castelo. Os gráficos de Resident Evil Village são belíssimos, cores vivas e texturas extremamente detalhadas e a parte mais assustadora do jogo é na casa Boneviento, sem dúvidas. Até hoje sinto um frio na barriga e o coração começa a bater bem rápido quando escuto o bebê gritando."
223413481,62.233333333333334,True,0,"Depois de platinar, devo dizer que pai.. Ethan Winters… que cara e pai f0d4. Dito isso, comprem, sem medo, o jogo é muito bom."
223397101,23.2,True,0,ETHAN WINTERS É O GOAT CHRIS REDFIELD TESAO DE VACA O RESIDENT EVIL MAIS TRISTE DE TODOS.
223373075,9.15,False,0,nao tem nada a ver com resident evil achei bem fraco e chato so tem grafico
223354465,26.466666666666665,False,0,"Compre o resident evil 4 remake, vai compensar bem mais, independente do preço. Resident evil village é ótimo na primeira jogada, mas a partir da segunda ou no modo mercenários/DLC, você vai perder o amor a vida."
223330992,10.55,True,0,"Esse jogo tinha potencial pra ser algo bem melhor, mas acabou sendo algo mediano pra ruim. O ritmo desse jogo é estranho, ele foge completamente do que foi construído no jogo anterior, e os vilões são muito mal aproveitados. (Não dá pra levar a sério a boss fight do Heisenberg kkkkkkk). E pra falar que é ""Resident Evil"" a Capcom decidiu colocar uma mesa no final do jogo cheio de documentos pra tentar explicar a lore de uma vez só, colocando referencias á Umbrella e a outras coisas que já aparecerem na franquia anteriormente. No final das contas esse game é apenas uma outra ""cópia"" mal feita do RE4. Só recomendo esse jogo pois até que dá pra se divertir nele."
223324380,41.8,True,1,"Jogo bom! Quem fala mal, são apenas fãs amargurados presos no passado."
223016467,42.9,True,0,"eu particulamente n dava mt atenção pro village ate jogar, achei que ia ser meio pah mas até que me surpreendeu igual o 7. a platina eu achei fácil e só é demoradinho pq tem que zerar algumas vezes, mas no geral é bem tranquilo. o jogo em si é daora, tem umas partes que dão uma tensãozinha boa e outras que é mais ação mesmo (inclusive mt foda terem botado a gnt pra jogar com o chris mesmo que seja um pouco). não virou meu favorito nem nada, mas curti bastante mais do que eu esperava."
223275099,29.516666666666666,True,0,Um dos melhores da série! Pra mim só não é melhor que o 2 e 4 remake
223273299,10.416666666666666,True,0,Muito foda o ethan é legal o e o chris é meio cuzão mas foi top 10
223229760,19.1,True,0,"Cara, na boa, que jogaço. Pelo que eu vi, essa é uma opinião extremamente impopular, mas Resident Evil Village se tornou um dos meus favoritos da franquia. História recheada de plot twists desde o comecinho, você passa o jogo inteiro curioso com o porquê de tudo envolvendo o Chris, o vilarejo, a Mãe Miranda. Ele também basicamente conecta mais o 7 com a história do resto dos jogos. Personagens muito interessantes e bem diferentes entre si. Achei os vilões e as boss fights muito memoráveis, e todas são muito divertidas. A única com a qual eu me decepcionei foi a do Heisenberg. Para mim, ele era o personagem mais interessante, com o maior potencial para ser a melhor boss fight do jogo. Coloquei muita expectativa e acabei não sendo correspondido. Essa luta segue um caminho muito diferente do resto, não é ruim, só não me agradou. Mas, assim como os personagens, todas as lutas são muito diferentes entre si, e acredito que isso é o que marcou o jogo de fato. E, meu amigo, o que são esses cenários? Para mim, o peak foi o castelo da Dimitrescu, mas o vilarejo, a Casa Beneviento… meu Deus. Explorar nesse jogo foi muito gostoso, puzzles muito legais, ambientação espetacular. O que eu mais vi foi uma galera reclamando dos elementos paranormais que tem nesse jogo, e, sinceramente, se eu abro um jogo, eu quero achar as coisas legais e me divertir, e os poderes são muito pika. Bem para o final do jogo, eles são explicados em detalhes em arquivos no esconderijo da Miranda, e isso já foi o suficiente para mim. Como disse o Funky Black Cat: “Paranormal é o caralho, é tudo CIÊNCIA!!!”. Agora imagine tudo o que eu escrevi somado à gameplay deliciosa da RE Engine... meu amigo, MUST PLAY"
223220222,29.1,True,1,"Aqui se encerra a história de Ethan Winter, um homem simples que lutou pelos seus amores. Não uma máquina de guerra como Chris Redfield ou Leon S. Kennedy, mas um homem que só queria sobreviver e amar."
223202128,23.766666666666666,True,0,"Pra variar, como um entusiasta da série Resident Evil. Mais uma obra prima."
223192390,9.216666666666667,True,0,"jogo muito fascinante,te prende fácil,mas os puzzles são um pouco faceis"
223181008,18.583333333333332,True,0,"Resident Evil Village é um bom jogo de ação e ele tem tudo que você espera desse gênero: mecânicas boas, combate satisfatório e uma péssima história. Esse jogo era para ser uma sequência de Resident Evil 7, mas ele não tem nada a ver com o anterior e honestamente era melhor terem deixado a história de RE7 intacta. Se você quer desligar o seu cérebro, atirar em lobisomens (?) e não passar nenhum medo como em Resident Evil 6, esse jogo é para você."
223151624,13.5,True,0,"muito superior ao re7 biohazard, realmente história meio viajada mas a ambientação é mt foda e os vilões bem marcantes"
223150832,35.166666666666664,True,0,"Resident Evil 8 é realmente uma obra prima, além dos gráficos serem extremamente bonitos e detalhados, as criaturas como a Beneviento tem um design realmente assustador na primeira run, senti um pouco de falta dos puzzles que são mais presentes em outros jogos da série, dito isso considero Resident Evil 8 o meu favorito."
223150125,10.666666666666666,True,0,"jogo cansativo, poucas partes se salvam, gosto do Ethan e das cenas dele com a Rose, alguns personagens tem tem muitas ações questionáveis durante a historia que não condizem bem com as experiencias passadas dos personagens mas nada muito fora do normal da franquia, dos jogos modernos da franquia é um dos mais fracos"
223143962,18.25,True,0,"Resident Evil 4 ainda é o meu favorito da vida, mas o 8 (Village) chegou muito perto. Na real, se for falar desse tema mais sombrio e de vila amaldiçoada, ele é o meu preferido de longe. Foi o primeiro jogo que eu bati o pé e falei: ""Vou zerar sem tutorial, sem glitch e sem roubar"". E valeu a pena demais. Gastei 18 horas nele e, cara, o jogo te marca. Se você joga do jeito certo, ele é difícil pra caramba, os puzzles te fazem fritar o cérebro e o terror é bom de verdade. O que eu achei mais massa é como ele foge daquele padrão de só zumbi que a gente via lá no RE2. Ele e o 7 salvaram a franquia, porque depois do 5 e do 6 o pessoal tinha dado uma desanimada. Eu ainda não joguei os antigos pra dar uma opinião definitiva, mas o 7 e o 8 são jogaços. O 8, especificamente, tem uma história que me pegou muito. Aquele final é emocionante, de verdade. É muito comovente ver como tudo termina. Eu nem vou dar spoiler pra não estragar a brisa de quem não jogou, mas eu até printei uma parte lá que nunca mais vou esquecer. Recomendo demais, jogaria tudo de novo fácil."
223133350,48.03333333333333,True,0,"⭐ Nota pessoal: 8/10 Não tem como começar sem elogiar o cenário. A vila, o castelo e toda a ambientação são simplesmente fenomenais facilmente uma das melhores da franquia. A trilha sonora encaixa perfeitamente e reforça ainda mais a imersão. Resident Evil Village é uma mistura muito bem feita de terror gótico com ação frenética. Ele funciona como uma evolução natural do Resident Evil 7, trazendo um ritmo mais ágil, maior variedade de gameplay e um mundo muito mais expansivo. Os vilões são memoráveis, com destaque para Lady Dimitrescu, e cada área do jogo tem uma identidade própria, o que mantém a experiência sempre interessante. A variedade de inimigos também melhorou ainda existem repetições, mas são bem menos incômodas do que em outros jogos da franquia. O jogo parece dividido em dois atos: - uma primeira parte mais focada em terror e suspense - e uma segunda mais voltada para a ação, especialmente com a presença do Chris Isso pode dividir opiniões, mas funciona dentro da proposta do jogo. Um ponto negativo é o padrão dos chefes: muitos acabam se transformando em aglomerados de carne, o que tira um pouco da identidade. A exceção é Miranda, que entrega um dos melhores combates do jogo, com formas variadas e bem executadas. A DLC Shadows of Rose merece um destaque especial. É uma conclusão perfeita para a história, trazendo uma carga emocional forte. O encontro da Rose com Ethan, o desenvolvimento da personagem. A dlc é curta, mas extremamente significativa. o peso emocional carregado por Chris na campanha principal dele tentar resolver tudo sozinho e perceber que pessoas morrem por culpa dele tornam todo o jogo mais humano e impactante. No geral, Resident Evil Village equilibra bem ação, terror e emoção e se consolida como um dos melhores títulos modernos da franquia."
223132933,20.116666666666667,True,0,"Apesar desse ser um pouco inferior que o 7, o fator replay desse jogo diverte muito mais, o unico zoado e so terem dado atencao a 2 lordes (heisenberg e dimitrescu) enquanto os outros sao bem rushadoss (beneviento e monroe), mas o jogo e maneiro"
223103926,9.583333333333334,True,0,"Jogo bom, porem achei que a capcom iria mostrar o rosto do Ethan pra fazer a gente ter mais empatia pelo personagem, mesmo assim é um otimo resident e um jogo bem feito."
223083595,10.033333333333333,True,1,me caguei mas é jogaço e obvio tem o melhor protagonista de resident evil
193315033,85.76666666666667,True,0,"Pra mim, Resident Evil Village é um jogo muito bom no geral, mas ele claramente dá uma caída depois da parte do Salvatore Moreau. Até ali, o jogo é praticamente impecável. O castelo da Lady Dimitrescu é tenso e memorável, e a casa Beneviento é simplesmente um dos momentos mais assustadores da franquia. Só que depois do Moreau, parece que o ritmo muda de um jeito meio estranho. A parte dele em si já não é tão marcante — é mais simples, mais curta e menos impactante comparada às anteriores. E aí, quando o jogo chega na fábrica do Heisenberg… pra mim é onde ele mais perde força. A fábrica é confusa, repetitiva e bem menos interessante visualmente. Em vez do terror mais psicológico e da ambientação rica que o jogo vinha construindo, vira algo mais puxado pra ação, com inimigos meio genéricos e áreas que parecem todas iguais. Fica cansativo explorar e não dá aquela mesma tensão de antes — parece até outro jogo em alguns momentos. Mesmo assim, eu ainda acho que o jogo é muito bom no geral. Os pontos altos são tão fortes que conseguem segurar a experiência. A ambientação inicial, os personagens e alguns momentos marcantes fazem valer muito a pena. No fim, Resident Evil Village pra mim é aquele jogo que começa excelente, tem uma queda no final, mas ainda assim entrega uma experiência muito sólida e memorável. recomendo ! (nota: 7/10)"
91569593,51.36666666666667,True,1,LENDÁRIO PRA CARALHO VAI SE FUDER MEU DEUS EU TO MUITO TRISTE E SO QUERO CHORAR PQ ME MATASTE RESIDENT EVIL?? EH O JOGO DO ANO edit. estava sob uso de drogas
223066580,12.183333333333334,True,0,"nao sei nem como rodo essa prr, mas tirando isso ""vai toma no c* sua maluca"""
145889689,42.05,True,0,"Muito bom, gráficos bonitos, história interessante e personagens magníficos. Me diverti demais jogando esse jogo, muito agradável. Além disso tem uma vampira peituda de 3 metros te perseguindo, era pra dar tensão mas dá tesão. Dito isso, compre"
223062034,14.5,True,0,"Resident Evil Village pode ter decepcionado alguns que buscaram algo mais voltado aos jogos originais da franquia. Esse jogo me divertiu, não é um dos meus favoritos, mas gostei do jogo, não acho ele é essa tranqueira que tanto falam, mas enfim, alguns fãs de resident evil são insuportáveis, os fãs com sindrome de Cross, que acham que só os antigos prestam e são bons, mas enfim. Jogo divertido, e com um bom fator replay"
223054443,3.533333333333333,False,2,"Cara, de verdade. Que jogo ruim da poha bixo, extremamente forçado todos os diálogos, não tem fluidez em nada parece. Enfim, posso estar acostumado com a jogabilidade do universo do tlou, mas pra mim esse resident evil aqui foi um erro."
223050086,25.066666666666666,True,0,"Joguei e me divertir bem. Achei a parte da fábrica desnecessariamente longa. A história é meio esquecível. Os gráficos são bonitos e a ambientação bacana. A DLC Shadows of Rose é desnecessária. Enfim... Recomendo o jogo. Achei o Resident Evil VII melhor mas achei esse mais divertido. Esquisito, não acham?"
223049354,89.66666666666667,True,0,"O jogo é extremamente bom, só decai a diferença do modos mercenários ser diferente do restos do outros RE....... fica muito fácil fazendo desafio, a platina é fácil."
196678866,10.966666666666667,True,0,"bom jogo, mas joguem o sete antes de falar mal desse jogo aqui"
223030811,31.133333333333333,True,1,"Tem muitas mulheres sedutoras nesse jogo, mas a pergunta ainda continua, cadê o Leon ?"
126060605,43.583333333333336,True,0,"O jogo no geral é muito bom, mas a parte da fábrica é uma merda suja com HIV. A parte de terror que você perde as armas é meio merda, na primeira jogada é ok, depois é insuportável. Tirando isso, é bom."
223023243,17.033333333333335,True,0,"um ótimo jogo, achei melhor que o RE6 e RE7."
222990639,52.6,True,0,"o game é bem interessante pela exploração, com o pacote Deluxe ou a DLC pode se jogar em 3° pessoa que muda bastante a experiencia, recomendo jogar em primeira pessoa inicialmente e depois de zerar jogar nem terceira..."
222989755,15.55,True,1,"JOGO DE BAPHOMET, DESDE O MOMENTO EM QUE ENTRAMOS NO CASTELO, FOMOS ESTUPRADOS POR 3 SUPOSTOS DEUSES QUE CONTROLAM O REGULAMENTO RENAL DO PROTAGONISTA. A ÚNICA MORADORA ESTÚPRAVEL(IGNORANDO A BONECA DO DEMONIO) É A DIMITRESCU ONDE O SEU POSTERIOR DE DORSAL, LINHA DE FRENTE, POSSUEM DIVERSOS POLÍGONOS NA SUA TRIGONOMETRICAGEM CARALHISTICA. MENÇÃO GOZOSA AO ANTI PROTAGONISTA HEISENBERG QUE É UM MERDA QUE SÓ FARMA AURA O JOGO INTEIRO, BOSSFIGHT FÚTIL E SEM SENTIDO, A BOSSFIGHT MAIS FÁCIL DO JOGO, ONDE ACABA EM 3 MINUTOS SOMENTE. ADEMAIS ETHAN WINTERS POSSUI PODERES DEMONIACOS ONDE CONSEGUE COLAR SEUS MEMBROS VIA PSICOSE PENIANA E COSTURAR ROUPAS COM O LÍQUIDO INTESTINAL DO RIO TIETÊ QUE POSSUI PROPRIEDADES MÉDICAS E APARENTEMENTE UMA COSTUREIRA EM SUA COMPOSIÇÃO. CONTUDO É DE MAIOR INTERESSE ONDE O MEU DINHEIRO FOSSE LEVADO PARA CASA DE APOSTAS QUE APOIAM O TRÁFICO DE GALINHAS(CAPCOM), PORÉM JOGO MUITO INTERESSANTE, GOSTEI, MENÇÃO HONROSA(MAIS UMA VEZ) AO MOREAU, OQUE FALAR, O BIXO PARECE QUE FOI PISOTEADO NA SUA INFÂNCIA E QUE SOFRE PRECONCEITO PELA SUA PRÓPRIA FAMILIA DEVIDO A SUA APARENCIA DEPRIMENTE E COLORAÇÃO MEDIOCRE."
222989612,12.3,True,0,"muito legal esse jogo de lobisomem, trágico mas lindo fim do inverno"
222976370,9.95,True,0,jogo otimo para mim que nunca tinha jogado um da saga eu gostei bastante desse
222044578,28.166666666666668,False,2,"----- Prós do Jogo ----- - A história é bacana - Meu mano Ethan é só um cara normal que trabalha com T.I. que quer uma esposa e filha normal, esposa com PTSD abusa dele (certeza que bate nele quando ta só os dois) e tem que passar por todo um inferno de ser esfaqueado, torturado, picotado, amputado e perseguido. 2 vezes. Sem saber de absolutamente nada do porque ta acontecendo para poder salvar elas, ele é O GOAT simplesmente. ----- Contras do Jogos ----- - Desgraçado de ataque na vila horroroso, 10min sobrevivendo nesse lixo depois de morrer trocentas vezes e nada da cutscene ativar, foi umas 2h nessa tortura. Se ficar o bicho pega, se correr o bicho pega também. - Escrevi a primeira parte enquanto tava irritado, continuei jogando o jogo, agora só to mais irritado ainda com esses jogo feito com as coxas. Quem programou esse jogo nunca encostou num jogo na vida, interagir no menu é um inferno, nada é conforme o padrão intuitivo dos jogos, não tem botão de load, ESC não fecha absolutamente nada, botão esquerdo no mapa não serve pra absolutamente nada MAS O DO MEIO AGORA SIM, nem tem opção de alterar isso nas configurações. - Te entrega num mapa de """"mundo aberto"""" com acesso a chave e acesso a um tesouro, mas se você não for nos dois num exato momento específico, mesmo que você tenha pelo menos 50% do jogo com acesso totalmente livre pros dois, você simplesmente perde o tesouro? Quem foi energúmeno incompetente que pensou nisso? Eles demitiram todo mundo que trabalhou no resident evil 7 e contratou o primeiro ano do senai de programação pra fazer esse lixo parabéns. - O mapa eles tentaram trazer de volta as incríveis funções de te mostrar que ainda tem loot no lugar, eu simplesmente amo isso. E. ELES. CONSEGUIRAM. ESTRAGAR. ELA. NESSE. JOGO. O único jeito do item aparecer no mapa é basicamente você falhar em coletar o item, pode pisar em cima dele que não vai aparecer e tu vai ficar lá num lugar vermelho sem entender o porque. - E nem se fala dos cristais escondidos que tu precisa atirar pra catar, quem foi o sem mãe que pensou que seria uma ótima ideia colocar como loot um microscópio de ponto branco escondido no teto pra você atirar e ganhar uma mixaria de dinheiro? - Nas comidas de upgrade porque diabos eu sou obrigado a ficar sentado esperando o cara cozinhar e depois tenho que ficar encarando o menu enquanto o Ethan come? Só entrega logo o negócio véi ----- Veredito ----- Namoral, eles tão realmente se esforçando muito pra poder falir a empresa, com uma franquia tão antiga e que gera tanto lucro criar essa coisa, que me recuso a chamar de jogo esse estrume"
222915481,59.833333333333336,True,12,Escrever uma análise de Resident Evil Village Descreva o que gostou e o que não gostou neste jogo e se você o recomenda a outros. Não se esqueça de ter educação e seguir as regras e diretrizes.
222908885,12.583333333333334,True,0,"Virou meu RE favorito; ambientação linda maravilhosa na primeira metade, muito gostoso de explorar, alguns momentos de medo bem feitos e um final meio estranho e clichê padrão resident evil, mas pelo menos fiquei interessado na história dessa vez, o que não acontece geralmente quando jogo os jogos da franquia. Acho que ficou um meio termo terror/ação relativamente bom, mas queria que tivesse tido mais terror. Fora isso, do caralho, não entendi pq falam mal"
222904609,9.333333333333334,True,1,"Jogo muito bom, mas a fábrica do heisemberg é uma bosta."
222901714,36.63333333333333,True,0,a mae uma cachorra o pai um bundão a criança ridicula e essa velha uma a11ombada
222893829,15.783333333333333,True,0,"eu recomendo jogar o resident evil village, a historia é totalmete interessante, se eu não me engano ela é a historia principal porem canon. Mas compensa de mais a gameplay, curti estar jogando e recomendo o jogo"
222839777,17.05,True,0,"tem uma puta crise de identidade, começa survival horror o meio vira terror e no fim é cheio de ação, só complica mais a história e o ethan ainda é um merda, fora isso, é um bom jogo e um péssimo resident evil"
222830324,16.016666666666666,True,0,"Jogo Foda, Uma Pena eu não ter tido um Pai Daora igual a Rose. #ethanwintersmelhorpai"
222782530,17.783333333333335,True,0,"História envolvente, cativante e instigante. Quanto mais você joga, mais quer jogar, é necessário ter paciência, o jogo te prende muito em um mesmo cenário entre idas e vindas, no entanto vale a pena cada segundo. Por mais que eu achei uma história baseada mais em contos de fantasias para criança, o enredo é bom quando conectado com o RE 7, não restam dúvidas de que valha a pena testar essa obra, sensacional."
178462986,19.516666666666666,True,0,"Resident Evil Village é um bom jogo, mas passa longe de parecer um Resident Evil de verdade. Em vários momentos, dá a impressão de que ele começou como um projeto totalmente diferente e, no meio do desenvolvimento, decidiram transformar em Resident Evil. Os elementos estão lá, mas parecem forçados, como se não fossem parte natural da franquia. Como jogo isolado, ele funciona bem e até diverte. Tem boas ideias e momentos interessantes. Mas dentro da saga, ele não representa algo grande. A história não chega a um ponto realmente marcante e ainda deixa pontas de Resident Evil 7: Biohazard mal resolvidas, com explicações fracas ou jogadas de qualquer jeito. No fim, é um bom jogo — só não é um grande Resident Evil."
222776507,14.233333333333333,True,0,"Oque dizer de Ethan winters, um homem que fez de tudo pela filha, o cara acabou com tudo e todos, depois de um tempo simplismente você se apega ao personagem, da para sentir a raiva que ele tem por terem pego a sua filha, se você tiver a oportunidade de comprar o jogo COMPRE, um jogo sensacional e maravilhoso. NOTA: 10/10 vou comprar a DLC tranquilamente :)"
222773258,20.15,True,0,Se falarem q esse jogo é ruim é pq é corno msm
222764559,20.75,True,0,"Me arrependo de não ter jogado antes. Depois de ter jogado RE7, esse traz novas mecânicas e novos desafios. A história e o ambiente fazem com que seja um jogo FODA! Ainda no começo e apanhando muito, mas faz parte."
222746098,31.716666666666665,True,12,"Resident Evil Village é uma mistura magistral de terror gótico e ação frenética. O jogo brilha pelo design de mundo impecável, vilões memoráveis como Lady Dimitrescu e uma jogabilidade que equilibra tensão e exploração. É uma evolução natural do sétimo título, oferecendo um ritmo ágil e visualmente deslumbrante."
222716352,16.4,True,0,"um sucessor perfeito para a perfeição que foi RE7. os inimigos são mais interessantes que no 7 e as armas são boas de usar, o ambiente e os cenários são incríveis e lindos e explorá-los é tão divertido quanto parece. no aspecto terror, com certeza é só no nome, porque é tão galhofa e ação pura que qualquer medo evapora, e eu não acho isso ruim já que eu não gosto de terror mesmo.. o Ethan tem uma personalidade muito mais legal nesse jogo, ele sente raiva e é um ótimo pai, é interessante ver o desenrolar da sua história depois de estar na pele dele no jogo anterior os vilões principais não são nem de longe tão carismáticos ou interessantes quanto a família Baker mas ainda são ok. em suma, um baita jogo."
222712888,15.866666666666667,True,0,"Joguei Resident Evil Village e, sinceramente, que jogo bom pra krlh. Do começo ao fim me prendeu demais, com momentos muito marcantes mesmo tendo umas partes melhores que outras. A parte da Lady Dimitrescu é simplesmente absurda de boa. Desde o início até o final daquela área, tudo funciona: ambientação, tensão, exploração… é aquele Resident Evil raiz misturado com algo novo. Sem dúvida uma das melhores partes do jogo. Já a casa da Donna Beneviento eu achei mais mediana. A ideia é muito boa e diferente do resto do jogo, focando mais no terror psicológico, mas acaba sendo curta demais. Não dá tempo nem de pegar aquele gás. Tirando isso, a parte do bebê é bizarra e dá um medo real, fácil um dos momentos mais tensos do jogo. O Salvatore Moreau eu curti. A bossfight em si é meio fácil, mas toda a parte da fuga e da área dele compensa bastante, dá uma tensão legal e diverte. Agora o Karl Heisenberg… a fase dele é muito boa. Os inimigos são bem balanceados, nem fracos demais nem apelões, e o clima é muito massa. Só que a bossfight dele, na moral, achei bem fraca. Fácil demais e sem emoção nenhuma, o que quebra um pouco o hype que a fase constrói. E a luta final contra a Mother Miranda… foi boa, mas comigo virou sofrimento kkkkk. Cheguei no final só com as armas iniciais, sem cura e praticamente sem munição. Descarreguei tudo nela e nada de morrer. Morri duas vezes e tive que voltar no comerciante pra comprar recurso, na base do desespero vendendo o que tinha. Foi tenso, mas acabou sendo até engraçado depois. No geral, é um jogo bom demais. Tem seus altos e baixos, mas a experiência como um todo é incrível. Com certeza quero zerar de novo qualquer dia."
222711355,24.45,False,0,"Só compre se quiser jogar todos mesmo, e jamais pense em comprar primeiro que os outros."
222710073,9.883333333333333,True,0,"Otimo jogo, merece todo o credito e mais fama, completamente subestimado, jogo muito bom com um final incrivel."
222707584,15.933333333333334,True,1,"Todo hate que esse jogo sofre é completamente desproporcional. Esse jogo é fantástico, e diria que um dos meus resident evil favoritos de toda franquia. Obviamente ele tem os pontos negativos, que é basicamente tudo que vem a partir da fabrica do Heisenberg, mas todo resto do jogo é incrivel, dês de o castelo da Dimitrescu, até toda parte da Casa Beneviento (minha parte favorita do jogo inclusive). Outra coisa que eu curto muito é a vibe fantasiosa que esse jogo tem, apesar de destoar completamente da franquia inteira, e algo que eu achei legal e divertido. A historia é mediocre, mas a diversão que eu tive compensou todos pontos negativos, e pra mim é isso que importa. ''VTNC SUA MALUCA'' Ethan GOAT"
222705979,56.4,True,0,GOAT Winters e Chris ALPHA Redfield carregam o jogo nas costas
222663277,22.633333333333333,True,0,"Se você tem aflição de coisa correndo atrás de você, então recomendo que não jogue"
222219062,97.66666666666667,True,0,Estou pendurado nos ganchos do quarto da Lady Dimitrescu há 4 horas e ela ainda não voltou.
222523161,9.4,True,32,"ganhei 3 MESES DE GAME PASS. Falei: “ah fodasi né… vou baixar Resident Evil Village só pra testar rapidinho” FOI UM Grave erro. Porque esse jogo é aquele tipo de jogo que tu fala: “vou jogar só um pouquinho” e quando vê já tá 3 da manhã, tu tá sério, concentrado e emocionalmente envolvido com tudo. A ambientação é absurda, o jogo te prende bonito… mas o problema não é esse. O PROBLEMA É A CAPCOM. Porque em algum momento da reunião eles falaram: “e se a gente colocasse UMA MULHER GIGANTE pra perseguir o jogador?” E ninguém impediu. Mano… quando ela apareceu eu não sabia o que fazer. Não era medo normal não. tipo:“calma aí… isso aqui tá errado em vários níveis” Eu tentava fugir… mas também tava tipo: “pera… deixa eu observar melhor essa situação” OQ ACONTECEU?K KKKK MORRI. Várias vezes. Mas não por falta de habilidade… foi confusão emocional KKKKKKK E aí piorou. Porque eu fui dormir… E SONHEI com essa baranga. essa disgramada. Mano.... no sonhoooo eu não tava nem fugindo mais não. já tava CASADO com a mulher de 3 metros KKKKKKKKKK Tinha filho, família formada, eu lá vivendo minha vida tranquilo, lavava as roupas dela, fazia comida, arrumava a casa… levava ela pro trabalho e ainda falava: “foi mal aí por ser homem 😔” KKKKKKKKKKKKKKKKKKK Mano eu virei NPC da própria casa. TOTALMENTE DOMINADO NESSA PRR!! KSJDAKSAAK Aí DO NADA o sonho virava pesadelo de novo, ela gigante vindo atrás de mim, abrindo porta, quebrando tudo… e eu correndo pela casa sem entender mais NADA. Acordei no meio da noite olhando pro teto e pensei: “a Capcom mexeu com coisa que não devia” KKKKKKKKKKKKKKKK E mesmo depois de tudo isso… eu ainda tô comprando o jogo na Steam porque ISSO AQUI NÃO PODE SER DE GRAÇA NÃO que experiência questionável mano KKKKKK"
222623737,37.28333333333333,True,0,jogando com ethan: 7/10 troquei o ethan pelo leon com mod: 10/10
222622349,19.383333333333333,True,0,"O jogo é divertido nesse modo em terceira pessoa e faz valer o tempo investido, gostei bastante e recomendo demais!!"
222618307,18.016666666666666,True,1,como um jogo separado é um otimo game tlgd mas como um resident evil é muito estranho do nada vim um lobisomen no bagulho e outras coisas mas o jogo nao é tao ruim é um otimo jogo mas como um resident evil pode parecer ruim ou estranho. aconselho q comprem na promoção boa
222615772,46.53333333333333,True,0,"Ethan Winters é a definição no dicionário de ""Pai foda"", o cara desafia as leis básicas de biologia pra salvar a filha dele, vtnc q cara foda."
222604717,16.85,True,0,"Essa é a diferença, de um fã, pra um fanboy."
222603947,15.0,True,0,"A sensação de perseguição é o único motivo de eu não querer jogo de novo por enquanto! porém o jogo é perfeito, no final eu chorei mais que a Rose k k k Ainda mais que tem uma gostosa de mulher alta e pálida me perseguindo!"
222583146,21.516666666666666,True,1,"O jogo mistura bem terror com ação, mas aqui a balança pende mais pra ação na maior parte do tempo. Ainda assim, tem momentos bem tensos — especialmente em certas áreas específicas do jogo que são memoráveis demais. A ambientação é um dos pontos mais fortes. O vilarejo, o castelo e os outros locais têm muita personalidade e deixam a exploração bem interessante. Os gráficos também estão excelentes, com ótimo nível de detalhe. Os inimigos e chefes são bem marcantes, principalmente a Lady Dimitrescu, que acabou virando um ícone do jogo. Cada área tem uma proposta diferente, o que ajuda a manter o jogo variado do começo ao fim. A gameplay segue a base do Resident Evil 7, mas com mais ação e mais opções de combate, o que deixa tudo mais dinâmico. Pontos positivos: ✔ Ambientação muito bem construída ✔ Variedade de cenários e gameplay ✔ Inimigos e chefes marcantes ✔ Mistura equilibrada de terror e ação Pontos negativos: ➖ Menos focado em terror do que alguns fãs esperavam ➖ Algumas partes são mais lineares No geral, é um Resident Evil moderno muito sólido e divertido, mesmo puxando mais pra ação. Nota: 8.5/10"
222544467,21.983333333333334,True,0,"Esperava menos do jogo, mas é muito bom, a parte dos ""superpoderes"" achei viajado e sinceramente não gostei muito por ser Resident Evil, mas sendo jogo é ótimo"
222460646,95.78333333333333,True,0,"O game é muito bom. divertido de se fazer todas as conquistas, mecanicas de NG+, perfeita, pra quem gosta de reiniciar o game com as armas, dificuldade na medida, nada que algumas tentativas.. a parte mais chata pra mim, foi passar a parte do Cris do modo historia, de restante bem tranquilo... 7/10!!!"
222431278,15.6,True,0,Muito bom! e com a dlc da rose o jogo fica 10/10
222428055,14.066666666666666,True,0,"Nota 7/10. É um bom jogo mas é o pior jogo dos novos, inclusive é pior q o 3 remake. Tenta fazer uma junção dos elementos de todos mas ficam todos medianos, totalmente diferente do Requiem que faz trás todos os elementos com maestria."
222427113,14.816666666666666,False,1,"nao gostei muito nao nota 4,alem disso uma dlc pra ter o que eh o basico do jogo que ja era pra ter como camera,e um mod mercenario com 2 fases pagar 80 reias nem lascando eu pago"
222398689,23.583333333333332,True,0,"Simplesmente maravilhoso, trilha sonora, suspense, terror garantido. Amo esse estilo!"
222368470,41.333333333333336,True,0,Bom msm tendo lobisomens arrombados e sendo menos terror que o 4 de alguma forma
222217892,55.65,True,1,"jogo simplesmente maravilhoso, um pouco confuso no começo mas conforme vai jogando melhora, ao contrário do 7 aonde o ethan é uma porta e não fala nada, no Village ele é um personagem totalmente diferente, com carisma e passa a imagem de alguem querendo salvar sua família, acho q alguns boss como a dimetrescu deveriam ter sido mais aproveitados, o final é perfeito. a DLC estou jogando e achei muito boa, pra mim um jogo perfeito."
222081929,16.183333333333334,True,1,"QUE JOGASSO... No começo do game não entendi nada, muita brisa mas foi passando o tempo e Meu Deus, que foda, conforme o jogo vai se desenvolvendo vc vai ficando cada vez mais interessado e imerso no universo, mostra varias formas como Ethan não desiste e tem uma determinação pra salvar sua filha sem nem saber o que ele vai enfrentar e o que vem pela frente, esse jogo simplesmente é a melhor continuação possível do RE7, tenho certeza que, caso vc queira jogar, vc não vai se arrepender, APENAS JOGUE O 7 ANTES."
222068914,38.2,True,3,"EM RELAÇÃO A HISTORIA: Como falar de resident evil 4? sem falar de resident evil 4? só falar de resident evil VILLage, o jogo deixa bem claro que era um grande teste pro próximo jogo da franquia aquele que eu ja citei 3x so nessa review, ele apela pro coração da franquia trazendo de volta diversas mecânicas do que muitos acreditam ser o pináculo do survival horror de forma bem agradável, sistema de diamantes nas paredes, combinação de tesouros, um mercador carismático, arsenal variado, tudo feito com um bom grau de atenção que diga-se de passagem, é esquecido em resident evil Requiem. no geral como todo resident evil, ele começa Muito bem com o vilarejo sendo uma região divertida de explorar e ir e voltar, o castelo da Lady Dimitresco sendo iconico e a casa da Dona Beneviento sendo aterrorizante e um grande upgrade a ultima escaperoom da saga (resident evil 7 - Quarto). ja a parte do peixonauta é simplesmente ignoravel e do magneto... bom, coloquei um mod do heisenberg sem camisa e até que ficou aceitavel, mas de resto intagravel. a batalha contra a mãe miranda é bem inovadora pra saga ja que é uma das primeiras vezes que nao acaba com almondega de carne (ponto positivissimo), num geral ele acaba num saldo positivo e é divertido, terminei ele jogando no intenso sem muitos problemas em aproximadamente 9h de jogo. SOBRE OS MERCENARIOS: tentou inovar trazendo um pouco de RNG em um sistema de upgrades mas são meio meh (mucho texto para algo que voce ta na frenetizidade), o destaque vai para os personagens jogaveis que sejamos sinceros, quem joga com o Ethan no mercenarios é maluco, principalmente com a existencia da lady dimitresco e Heisenberg. SOMBRAS DA ROSE: dlc ruim, não compensa, 3 pessoa pessima, historia fraca, gameplay tediosa enfim foi um saco. E A PLATINA? Ela foi INFINITAMENTE mais facil que a do resident evil 7 mas não tao divertida quanto a do resident evil 2r, 4r e 9, no geral, não peguei nojo do jogo como foi no re7, mas se eu tivesse que escolher entre comer vidro e jogar shadows of rose de novo, eu pergunto se eu posso por ketchup no vidro. sendo assim é um solido 4 estrelas perdendo muitos pontos por causa da dlc da rose"
222064097,10.7,True,0,"Achei esse jogo interessante. vi amigos falando que esse jogo é horrível e que não compensava, porém... comecei a jogar e achei que mesmo tendo alguns pontos fracos, ele é um jogo que me prendeu do começo ao fim! e geralmente hoje em dia dificilmente tem jogos que fazem isso. Recomendo!"
222035288,29.716666666666665,True,21,"Nice game, nice DLC, it's not too boring or boring, they hit the spot, in the total size of the game... I really liked it... It's very reminiscent of RE4, it has the atmosphere of a castle, it has the atmosphere of a cramped and confined house, 4 plots interconnecting, the story may not be the most dense but it's still very cool, simple to understand, It gives a well-made sequel to RE7, ends the story well and leaves a strong new character with a lot of future potential in the franchise.. Rosemary Winters is very tough and is growing, learning to deal with her powers, a good future for Capcom in the Resident Evil saga.."
116651905,36.28333333333333,True,1,"Boa história mas esquece que é resident evil, tem muita parte viajada mas tem uma gameplay boa dado a RE ENGINE, basicamente um Resident Evil 7.1 focado em ação. BÃO PO COMPRA"
222032849,31.85,True,0,"Virou moda criticar esse jogo e dizer q ele é péssimo, mas eu achei ele muito divertido e a rejogabilidade é muito legal, mesmo com os furos de roteiro e a fraca dlc achei o game excelente. Foi satisfatório fazer a platina."
222016213,30.066666666666666,True,0,"Eu não havia gostado do jogo nem do 7, pois na minha opinião fica muito sem o brilho da franquia do game em primeira pessoa, mas após a dlc adicionando o modo em terceira pessoa ficou magnifico, história incrível, personagens bem elaborados, e pude usufluir dessa obra prima, sombras da Rose me deu muito medo e arrepios no cenário, trouxe o terror psicológico em sua essência. só falta agora o 7 em terceira pessoa pois esta abandonado em minha galeria por achar sem graça nesse estilo de camera em Primeira pessoa. Foi a maior burrice da capcom fazer isso, mas talvez eu seja minoria pensando assim."
221992031,16.5,True,0,"Como continuação direta de RE7 achei um tanto fraco, no quesito que os personagens são menos carismáticos que os do jogo anterior e a história vai para um lado um tanto mais místico que acaba fazendo perder um pouco do brilho original, mesmo que tente recuperar no fim fica algo meio x-men ksksk. Mas de forma geral é um jogo bom que vai divertir e acaba te prendendo até o fim da jogatina, só não espere algo com o sentimento que o 7 passa, esteja preparado para mais ação"
221957883,69.21666666666667,True,0,"Ser perseguido por uma milf e 3 góticas gostosas realmente é uma experiencia, joguem"
221896187,11.3,True,0,"Ah, Ethan winters… o marido e pai que você é. Jamais vou cair na pilha de odiar você e seus jogos. Joguei re7 e, como todo mundo diz, é um puta jogo bom. Agora fui pro re8 esperando que fosse ruim, como muitos falam, mas pqp quebrei a cara, o jogo é, sim, bom. Claro, tem algumas partes que viajam bastante e se destoam um pouco do que é um resident evil, então dá pra entender os fãs mais antigos não curtirem tanto. Mas ainda assim, tá extremamente longe de ser um jogo ruim. O jogo tem uma história boa, personagens cativantes (repito: nunca vou cair na pilha de quem diz que o Ethan é uma planta sem carisma e personalidade), e, como já é de costume, a gameplay em primeira pessoa tbm é muito boa. No mais, recomendo muito jogar a “saga do pai/marido ethan winters”. Se possível, tenta pegar em alguma promoção com a DLC da Rose!"
221874636,16.266666666666666,True,4,"Um jogo que começa como uma obra prima e termina como um jogo bom, mas que comete deslizes e erros graves durante a sua História e áreas, mas consegue ter uma finalização digna e impactante, isto é Resident Evil Village. O ponto alto do jogo pra mim é o seu começo, mais especificamente a parte do Castelo, ali pra mim estava um 10/10 em tudo, perfeito, me lembrou diretamente a mansão Spencer do RE1 em seu Level Design e como a área foi projetada, o problema é que você consegue concluir essa que é a melhor parte do jogo em cerca de 3h, e o jogo tem pelo menos umas 9h totais, ou seja, um desperdício absurdo, fora que matam possivelmente uma das melhores perseguidoras da saga nesse mesmo tempo, é muito mal aproveitado. Depois do Castelo o jogo caiu pra um 7/10 pra mim e se manteve assim por bastante tempo, pois não teve nenhuma área nova marcante o suficiente, só melhorou no EndGame, onde assumimos o protagonismo com o Chris e dessa parte em diante o jogo deu uma subida e acho que merece um 8/8.5, e entrega um desfecho muito bom e emocionante. E sobre emoções, a história por trás do jogo é bacana, sobre a Vila, sobre a Miranda, porém o seu roteiro é medíocre, a questão de ""juntar as peças"" matando os Lords pra ""montar"" a Rose é simplesmente patética e não me desceu em momento algum, é só bizarro, mal explicado também. Uma crítica que tenho também é sobre Ethan, ele continua um personagem fraco, só que agora ele xinga muito mais e teve um encerramento emocionante, fora isso ele continua o mesmo personagem sem desenvolvimento do RE7, perderam a chance de consagrar ele como o próximo grande protagonista da franquia. E preciso citar o ponto da otimização também, que achei excelente, o jogo tem um visual lindo, e com quase tudo no máximo + RT o jogo rodou tranquilamente acima de 70FPS em 2.5k, com várias áreas pegando 100-120FPS, excelente otimização, melhor que o 7, melhor que o 4 Remake, melhor que o próprio 2 Remake que tem ainda mais tempo de lançado, e o visual é do mesmo nível de RE4 Remake. Enfim, RE8 é um jogaço de Terror e Ação, muito bom e marcante pra saga, porém comete erros que não deixam ele brilhar o suficiente pra ser uma obra prima como RE2 ou RE4, pra mim ele é melhor que o 7 em muito, inclusive na variedade de inimigos, porém é inferior quando o assunto é História, mesmo tendo um desfecho muito superior ao 7 e talvez um dos melhores mais emocionantes da saga toda."
221857133,15.783333333333333,True,0,"O que um pai não faz para salvar sua filha e sua esposa? Eu chorei com esse final cara, o que a Capcom fez com isso não tem como não aplaudir de pé, Ethan Winters, você sempre estará em nossos corações dos fãs de Resident Evil, apenas comprem e joguem! Recomendo - 10/10"
221848851,40.166666666666664,True,1,"o jogo é bom falando em questão técnica grafica, dublagem, gameplay, é divertido jogar, mas é horrivel na historia (inclusive que ligação merda com a umbrella), em 90% dos personagens, é tudo meia boca, só se salva Dimitresco, chris e só, os mapas são bem 8 ou 80, a vila é bem fds, não é ruim mas tbm n é um mapa foda que tu vai relembrar de cabeça tipo a vila do RE4, o castelo é a melhor parte de longe (inclusive todo o trecho do castelo é o melhor do jogo todo), a parte la do peixe fé feia que dói, e a fabrica pqp... deleta essa merda do jogo pf. sobre os personagens, mãe miranda é +/-, sinceramente achei ela pouco aproveitada a Dimitresco é a que carrega boa parte do jogo nas costas, depois o Chris que tambem salva um pouco, magneto é sem graça, o peixe... o peixe nos esquece, a beneviento é legalzinha ate, o duque é incrivel sem duvidas, o ethan... bom o ethan continua com o carisma de uma porta igual no 7 ne, a Mia ta bem melhor aqui em comparação ao 7 a rose eu n sei oq dizer pq só teve a dlc, e sobre essa dlc... cara a dlc da rose é ruim é tudo, historia um lixo, gameplay um lixo ( os cara inventou que a rose é fadinha agora kkkkkkkkkkkkkkkk) o plot do ethan ta protegendo ela n faz o menor sentido, a briga com a mae miranda é paia tbm, mds que dlc merda kkkkkkkkkkkkkkkk enfim, nota 6/10, 90% do jogo é totalmente descartavel e se não tivesse Resident evil no nome seria mt melhor, E GRAÇAS A DEUS esqueceram o ethan"
221832831,20.033333333333335,True,0,"Ambietação top, mas na parte da fabrica o jogo decai muito."
221796011,12.8,True,1,"O jogo é a continuação do 7, porém focado em ação, mas com elementos de terror, semelhante ao 4. Sua gameplay é boa e sua história também, mas senti que fizeram o final às pressas. Fora isso, ele é bem otimizado e apresenta bons gráficos, rodando bem até em PCs mais fracos. Vale a pena comprar em uma promoção."
221791691,50.2,True,0,"É uma mistura de RE4 com RE7. É diferente. Achei o jogo bem fácil, sobretudo devido a alta disponibilidade de recursos. É um bom jogo, recomendo muito, embora tenha perdido o fator de sobrevivência."
221767842,16.883333333333333,True,0,"jogo divertido, nota 6,5 acho que faltou mais partes de terror, algumas partes como a da mansão e a da beneviento foram as minhas favoritas, principalmente a do bebe gigante na beneviento, aquela pra mim foi uma das melhores partes do jogo pois a perseguição nos corredores escuros e apertados da casa me lembrou bastante o jogo anterior que é o meu favorito, apesar de ser uma parte muito boa, é extremamente curta, e assim como a mansão passa aquele ar de que ficou faltando alguma coisa, de que foi mal aproveitado, assim como muitas coisas nesse jogo que são cinematograficamente muito lindas porem mecanicamente muito pobres, apesar disso não acho que esse jogo seja ""horrivel"" como muitos falam, o jogo é bem divertido na verdade e o duque é provavelmente o melhor personagem do jogo"
221756157,15.65,True,0,"Resident Evil Village tem uma história maravilhosa, com mapas e paisagens incríveis. Foi o primeiro da franquia que eu zerei, me apaixonei e agora pretendo jogar os outros. O final emociona bastante, e o desenvolvimento do personagem é ótimo."
221692550,12.316666666666666,True,1,"Jogão, vindo do RE7 eu tive um preconceito nos primeiros minutos, depois que pega o embalo percebe-se que o jogo é muito bom mesmo, não dá nem vontade de parar de jogar ! Entra na lista de provável platina Agradecimento a Guips que me presenteou com o jogo."
221677170,41.96666666666667,True,0,"Muito bom, um dos melhores Resident Evil que já joguei."
206559672,9.35,True,0,Bom jogo mas só jogo quando a muié esta do meu lado
221633505,18.633333333333333,True,0,"Esse jogo é uma obra de arte. Só pude jogar o jogo agora desde que foi lançado, mas eu considero um dos melhores que já joguei da franquia. (opinião pessoal) - A Gameplay é super fluida (amo jogar em primeira pessoa aksakskas) - Gráficos espetaculares - Dublagem MAGNIFICA. O RAFAEL ROSSATTO SEMPRE SERÁ MEU DUBLADOR FAVORITO. Ele como Ethan foi PERFEITO - O visual do jogo é totalmente minha vibe, principalmente o arco do castelo Dimitrescu. - Heisenberg e Dimitrescu, por favor casem comigo. 11/10 recomendo muito"
221550750,82.58333333333333,True,1,"Eu só vou recomendar esse game por causa da sua gameplay e ambientação juntamente com a dublagem que está impecavél, mas definitivamente é um dos piores jogos da saga, ele tinha um potencial enorme e uma perfeita sequência de RE7, mas pelo visto a capcom não ta nem ai mais pra RE fazer sentido!. Todo o potêncial foi desperdiçado com os cortes absurdos que o jogo teve, a personagem mais memorável do jogo mal dura 3hrs na história e sem falar que destruíram a personalidade de um dos maiores protagonistas da saga, eu fico triste por que o Ethan estava começando a ter um desenvolvimento legal nesse jogo sendo que no RE7 ele é uma porta, mas no final de tudo é só a capcom fazendo a salada dela de sempre deixando a história mais sem sentido do que nunca!"
220387353,11.716666666666667,True,0,"O jogo tá longe de ser ruim como muitas pessoas dizem, mas não chega a estar entre os melhores por fugir muito de RE e acabar sendo fantasioso demais em algumas partes. Dá pra se divertir jogando. A direção de arte dele é magnífica, o ruim é que quase todas as bossfights desse jogo são buxas com exceção da Miranda. O final desse jogo é incrivelmente bom. Comprem se estiver em uma promoção boa, por 169 de preço cheio dá pra comprar RE7, RE4 Remake ou RE2 Remake que deixam esse no chinelo."
221535195,20.35,True,0,"O ultimo RE que havia jogado foi o 4, e esse é espetacular. Recomendado jogar o 7 antes pra entender a história, mas com toda certeza vale a pena."
221516611,12.983333333333333,True,1,"Tentou ser um RE 4, nao conseguiu, mas é um bom jogo"
221453823,30.333333333333332,True,0,"Jogo é realmente muito bom, eu achei uma bela evolução do sétimo jogo. A história é muito boa e o final é interessante. A dublagem é boa demais, vc consegue sentir muito oq o protagonista sente. A progressão é interessante tbm, sendo bem simples. Mate 1 lorde, vai pra próxima área do outro até chegar no boss final, tem nem muita coisa pra ficar quebrando a cabeça e pensando. A platina: Muito fácil, com certeza é uma que entra na lista das platinas tranquilas de se fazer. A única coisa que pode te irritar é o modo Mercenários, mas depois de umas 5 tentativas pra pegar o S, vai tranquilamente."
221443582,62.31666666666667,True,0,"Sou fã dos jogos resident evil e sem duvidas alguma que eu iria jogar e dizer que todos são bons. Uma experiencia de terror e suvivor juntos novamente, e é claro que recomendo esse jogo."
221348747,14.466666666666667,True,1,"Cara, nem muito e nem pouco, meio a meio Eu particulamente gostei bastnate do jogo, porém. tem umas coisas que me fizeram questionar o pq Gostei gara, 10/10"
221330776,44.81666666666667,True,0,"A Capcom pediu a opinião dos fãs, então eu vou dar minha opinião. Eu jogo Resident evil desde o 1. E eu joguei todos, ok? Todos! E essa é a diferença de um fã para um fanboy, certo? Vou dar a diferença aqui de um fã para um fanboy. Eu sou fã de redident evil, EU JOGUEI TODOS, ZEREI TODOS! Certo? Tanto os principais quanto os spin-offs. É... Eu gostei demais do Resident Evil 1, 2 e 3. Resident Evil Code Veronica. É... Resident Evil Outbrack 1. Outbrack 1 é legal . E... O 4, para mim foi a mudança que deixou f0d4 o jogo. Até aí , fã alucinado e tal. Resident Evil 5, 6 e a maioria dos spin-offs que tiveram depois disso, foram uma porcaria. Tirou a identidade Não é que é um jogo ruim, mas é um jogo de Resident Evil ruim. Isso é a diferença entre um fã para um fanboy, entende? Eu sou fã, eu joguei tudo, e eu posso, eu digo para vocês Resident Evil 6, Resident Evil 5, comparado com a antiga saga, nem dá, para imaginar. Virou um jogo de ação genérico. E não é isso que nós queremos ver de um Resident Evil. Um fanboy, falaria que o jogo é bom mesmo sem ter jogado. E defenderia até a morte, porque... Não sei, tem algum problema. Então, essa é a diferença."
221314189,29.616666666666667,True,0,"o jogo nao é excelente, mas é um bom jogo, na minha opinião."
221287870,37.68333333333333,True,0,"Tirando a parte da fábrica o resto do jogo é muito bom. O sistema de armas desse jogo é meio paia (tirando as armas engraçadas), porque sempre a nova arma pega na campanha é muito superior à anterior, que acaba tirando a variedade e a exclusividade de cada arma, tornando grande parte das armas iniciais inúteis"
157148874,12.216666666666667,True,1,"Eu jogo Residente Evil desde o 1. Eu joguei TODOS, ok? Todos. E, essa é a diferença de um fã para um fanboy, certo? Vou dedar aqui a diferença de um fã para um fanboy. Eu sou fã de Resident Evil eu joguei todos eu ZEREI TODOS, certo? Tanto os principais quanto os Spin-offs"
92739779,44.28333333333333,True,0,"Jogo Maravilhoso Edit 5 anos depois : jogo bem ok, gameplay maravilhosa mas historia buxa"
221216148,11.116666666666667,True,0,"Bom jogo, péssimo Resident Evil. Os gráficos são bonitos Design dos personagens é bem feito A parte do castelo é interessante, tanto de se explorar quanto os puzzles Mas já o resto? A história é um caos total, alguns personagens tinham potencial, mas a capcom cagou em cada um. Perdeu todo o terror que o 7 trouxe de volta para a franquia Porém é um jogo divertido. Depois que você zera, pode tentar completar as missões de PC, tentar platinar, fazer uma speedrun... no momento que você quebra o jogo, ele fica bom. Mas nunca será um Resident Evil. Resumo pra você que está em dúvida se compra ou não: Eu já zerei esse jogo umas 50 vezes, ele foge do padrão que estamos acostumados em RESIDENT EVIL, porém é um bom jogo pra você que gosta de algo mais fantasioso do que a franquia já costuma ser. Não espere terror, sustos, nada do gênero. Espere bastante ação."
221200505,16.55,True,0,"Jogo muito bom pra quem e fan, os fanboys discordam."
221162826,38.1,True,1,"Jogo MUITO FODA. Joguei anos atrás e recentemente quis terminar de pegar as conquistas e platinar. A platina comparada com outros jogos é um pouco chata de conseguir, mas vale muito apena passar pelos desafios!"
221160543,22.166666666666668,True,0,"Jogo muito bom, interessante ver como a história se desenvolve e Ethan reage as coisas que ocorrem, ainda não finalizei mas creio que está no final. Em comparação com o último que é o Biohazard, tem menos cenas que dão realmente medo, levando mais para a ação, porém tem um ponto do game daquelas bonequinhas que dá um medo ein, aquela cobra / bebê te perseguindo é muito estranho, e dá realmente medo. Gostei muito do Game, não sou nenhum crítico muito menos especialista nos jogos da franquia Resident Evil, mas já joguei a grande parte e posso afirmar que esse não fica para trás de nenhum, por mais que tenha no geral uma proposta mais voltada a ação ele é top!"
220954085,55.4,True,0,"Resident Evil Village é uma obra que consegue equilibrar perfeitamente terror, ação e narrativa emocional. Cada parte do jogo traz uma identidade única, tornando a experiência sempre renovada e marcante. O vilarejo inicial já estabelece um clima impecável, com uma ambientação sombria e opressiva, onde o medo é constante e a sensação de sobrevivência é real. A tensão criada pelos Lycans e o desespero da situação fazem o jogador mergulhar completamente na história. O Castelo Dimitrescu é simplesmente icônico. A atmosfera gótica, os corredores luxuosos e a presença intimidadora de Lady Dimitrescu criam um dos cenários mais memoráveis da franquia. Aqui, o terror clássico brilha com perseguições e exploração envolvente. A Casa Beneviento leva o jogo para um terror psicológico intenso, fugindo do combate e focando no medo puro. É uma das partes mais criativas e perturbadoras, mostrando a coragem da equipe em inovar. O Reservatório de Moreau traz um clima de decadência e tristeza, com um cenário grotesco e um inimigo que mistura repulsa e empatia. É uma área que reforça o quanto o jogo sabe variar suas emoções. A Fortaleza é pura adrenalina, com combates intensos e sensação de guerra, elevando o ritmo do jogo e preparando o jogador para o clímax. Já a fábrica de Heisenberg apresenta um ambiente industrial opressor, com inimigos mecânicos e uma atmosfera pesada, encerrando a jornada com um sentimento de caos e urgência. Mas o verdadeiro coração de Resident Evil Village está em Ethan Winters. Sua jornada não é apenas sobre sobrevivência, mas sobre amor. Movido pelo desejo inabalável de salvar sua filha Rose e proteger sua esposa Mia, Ethan enfrenta horrores inimagináveis sem hesitar. Sua determinação mostra que, mesmo em um mundo dominado pelo medo, o amor por sua família é mais forte que qualquer criatura. Resident Evil Village não é apenas um jogo de terror — é uma história sobre sacrifício, coragem e o poder de um pai que faria qualquer coisa por sua família. A DLC É UMA OBRA PRIMA DOS GAMES, SIMPLESMENTE SENSACIONAL, ETHAN É GOAT FODASE"
221095065,19.55,True,0,"POSSO FALAR AGORA?? Ai gente o Ethan é chaterrimoooo bicha, como pode?? Essa Mia tenho certeza que aplica golpe com cheque sem fundo, essa cara de trambiqueira dela não me engana. O jogo me dá a sensação de que foi muito podado. Eles tinham uma ideia e foram lá e cortaram. Um exemplo claro é a fase com a Angie e a Donna. Eu tenho que deitar para o que fizeram no Shadows of Rose porque lá eles souberam aproveitar essa fase melhor que a gameplay principal (mas só isso que vou falar bem da dlc também haha). Os gráficos e a gameplay não posso reclamar, padrão Resident Evil e só por isso vai ser o motivo de recomendar esse jogo. O gostoso do Chris e a gostosa da Dimitrescu são os destaques do jogo. E infelizmente, ambos tiveram uma participação minúscula, mesmo o marketing focando bastante neles. O Chris nem reclamo tanto porque ele já tem muitos jogos na lista e vai aparecer em muitos outros, agora a Dimitrescu?? Foi terrível a falta de aproveitamento que ela teve, sinceramente... Agora uma carta aberta pra Capcom: Nunca mais façam um jogo apenas em primeira pessoa, por favor. Ter que pagar uma dlc pra jogar em terceira pessoa é uó, e ainda mais vir de brinde a porcaria da DLC da chata da Rose que parece mais um Tell Me Why??!! Eu devia processar vocês, pelo menos Tell me Why é legal. E que palhaçada é essa de ficar escondendo o rosto do Ethan?? Ai gente que chatice. Mas a dublagem br está impecável, o Rafael conseguiu fazer o personagem ter carisma e fiquei muito feliz que a dublagem do Chris é a mesma dos filmes de animação. Conclusão: Ainda bem que essa praga morreu, não quero ver mais a família Winters na minha frente, sujeito a paulada."
221076436,13.35,True,0,"Um excelente Resident Evil! Recomendo! Pontos fortes: História: A história e ambientação é muito envolvente. Eu realmente me senti imerso dentro do jogo e queria solucionar o mistério da vila. Jogabilidade: Extremamente fluida e justa, sem muita repetitividade ou inimigos desbalanceados. Gráficos: Muito bons. É notável que o uso da RE Engine fez muito bem ao jogo. Trilha sonora: Marcante e funcional, sempre presente nos momentos certos. Terror: O jogo consegue equilibrar ação e terror da maneira que Resident Evil deve ser, o que me agradou muito. Chega a ser difícil apontar defeitos ao falar desta obra de arte. Recomendo muito!"
221071011,18.066666666666666,True,0,"Jogaço, recomendo p crlh, apesar de ter pouco terror comparado ao RE7 ele é mt daora de jogar, gameplay boa e a dificuldade padrão é bem fácil, mesmo se você gosta de um jogo mais pela história indico jogar no padrão ao invés do fácil. História muito boa também, é continuação praticamente direta do RE7 então se você acabou de zerar o RE7, é a melhor hora para iniciar o RE Village. Comprem, vale muito a pena!!!"
221056619,29.8,True,0,"Resident Evil Village começa muito bem ao apostar em uma ambientação forte e cheia de personalidade. Os primeiros cenários são os pontos altos nesse sentido, com ambientes bem construídos, cheios de detalhes e um level design que mistura exploração, puzzles e backtracking de forma bem equilibrada. Há também momentos mais focados em terror que funcionam muito bem e quebram o ritmo de forma positiva, trazendo variedade à experiência. O problema é que essa consistência não se mantém ao longo de toda a campanha. Na segunda metade, o jogo passa a ficar mais linear e com um level design bem menos interessante. A ambientação continua sendo um ponto forte, mas a estrutura dessas áreas perde bastante em comparação com o começo. Isso também se reflete no equilíbrio entre terror e ação, já que o jogo passa a pender muito mais para a ação do que deveria. A jogabilidade no geral funciona bem, com um combate fluido e responsivo, além de um sistema de progressão que permite melhorar armas e incentiva a exploração. Existe uma boa variedade de equipamentos e recursos, o que ajuda a manter o interesse ao longo da campanha. O visual do jogo é muito bom e a performance também se mantém sólida, contribuindo para a imersão. Por outro lado, o protagonista não é muito carismático, e o roteiro, além de não se encaixar tão bem com o restante da franquia, também é fraco no geral. No fim, o jogo acaba sendo um pouco irregular. Ele tem momentos excelentes, principalmente na primeira metade, mas perde força conforme avança e muda constantemente de tom, tentando experimentar ideias diferentes sem manter uma identidade muito clara. Ainda assim, é uma experiência sólida, com ótimos picos de qualidade, mesmo que não consiga sustentar esse nível do começo ao fim. Nota: 8/10"
221035959,6.183333333333334,True,0,"Tirando a parte que se eu jogar em primeira pessoa eu vou vomitar minhas tripas devido a cinetose (e foi o motivo que não zerei antes pois tinha que instalar mod e preguiça eu tinha) É um bom jogo, uma continuação direta do 7 e o Ethan é um protagonista que me agrada bastante, além dessa pegada diferente de RE."
221022042,35.666666666666664,True,1,"Jogo da vampira safada milf de 3 metros, não preciso dizer mais nada."
221012710,13.15,True,0,"um jogo bom, gostei muito da experiência....infelizmente eu demorei para me fixar no jogo, mas gostei do resultado o melhor ponto positivo para mim é a ambientação, o cenário de um castelo, vila abandonada, a casa de bonecas, etc, construíram um cenário de muita tensão, e muito bem aproveitado, porque o backtracking sempre nós voltar em áreas que já exploramos, então sempre há algo novo para descobrir os personagens eu realmente senti que são muito mal aproveitados, e a história é muito curta, então não há nenhum tipo de aprofundamento neles...outro ponto que para mim ficou mal encaixado é o final, ele transforma totalmente o jogo que está bem pé no chão com o terror em algo focado quase que totalmente na ação, bem como trás um cenário que não combina em nada com o que já havíamos visto a gameplay está excelente, o sistema de crafting é muito bom mas o jogo é bem generoso com recursos, então não há nenhum momento em que o survival realmente pese um jogo bom, valeu a (curta) experiência"
220997449,22.616666666666667,True,0,"Que jogaço, não tenho palavras pra descrever o quão incrível foi isso"
220988765,28.966666666666665,True,0,"O jogo é incrível, a serie do Ethan renovou Resident Evil e trouxe o survivor horror de volta."
220953311,22.666666666666668,True,0,"Por tudo que o antecessor conseguiu criar e se reinventar na fórmula RE, esse peca por não ter originalidade. RE Village não passa do que uma tentativa de fazer algo próximo ao Resident Evil 4, antes de ser anunciado e lançado a versão Remake do RE4. Vale lembrar que a DLC desse jogo que adiciona o modo em terceira pessoa é realmente incrível, porém, é a pior adição de DLC de todos os RE."
220894722,21.3,True,0,"Apesar de muito hate porém também muita gente dizer que é bom, eu digo que é um ótimo jogo caso você queira se divertir e com uma história boa, a dlc também é legal."
220885278,14.45,True,0,"Jogo muito bom, bem fluido, apesar de se destoar muito dos jogos da franquia Resident Evil"
220849066,22.0,True,0,"Muita gente não gostou mas eu gostei desse game! Otimização muito boa, melhor e mais bonito do que o RE4 RE"
220831373,18.8,True,1,Rejogando essa maravilha no meu steam deck e tá sendo fantastico. Te amo Familia Dimitrescu S222222.
143975043,43.85,True,0,"Resident Evil Village foi um jogo que me deixou com sentimentos bem mistos quando terminei pela primeira vez. Eu vinha direto da experiência com Resident Evil 7, que para mim foi excelente e conseguiu revitalizar a franquia. Por isso, entrei em Village com expectativas muito altas — talvez até altas demais. Hoje eu vejo o jogo de uma forma um pouco diferente. Na época em que joguei, meu PC não rodava o jogo muito bem, e isso acabou prejudicando bastante a experiência. Revisando tudo com mais calma, dá pra perceber que Village tem várias qualidades, mesmo que algumas escolhas não tenham funcionado tão bem para mim. A ambientação do jogo é um dos seus pontos mais fortes. A vila, o castelo e as áreas ao redor têm uma direção de arte impressionante. Cada local parece ter sua própria identidade, quase como se o jogo fosse dividido em capítulos diferentes. Visualmente, tudo é muito marcante e ajuda bastante a construir o clima da história. Alguns personagens também chamam bastante atenção. Lady Dimitrescu, por exemplo, virou um fenômeno antes mesmo do jogo sair. Dentro da campanha ela acaba aparecendo menos do que muita gente imaginava, mas toda a parte do castelo é uma das seções mais memoráveis do jogo. O jogo também tenta variar bastante o tipo de experiência em cada área. Tem momentos mais focados em exploração, outros em combate, e alguns que apostam mais no terror psicológico. A casa de Donna Beneviento é provavelmente o melhor exemplo disso — é uma parte completamente diferente do resto do jogo e consegue criar um clima muito desconfortável. A famosa sequência do feto é extremamente estranha e perturbadora, mesmo que para alguns ela pareça mais bizarra do que realmente assustadora. Nem tudo funciona perfeitamente, porém. Alguns confrontos com chefes acabam sendo um pouco exagerados, algo que já virou quase uma marca da franquia Resident Evil. Muitas vezes personagens acabam se transformando em criaturas gigantescas e absurdas, e Village continua seguindo bastante essa tradição. Na reta final o jogo também acelera bastante o ritmo. Depois de um certo ponto ele praticamente vira uma sequência longa de combates, primeiro acompanhando Ethan Winters e depois Chris Redfield. Essa parte pode acabar ficando um pouco cansativa, principalmente para quem gostava mais da tensão e da exploração do começo da campanha. Mesmo com esses problemas, Resident Evil Village ainda é um jogo bem interessante. Ele experimenta bastante com diferentes estilos de terror e tenta trazer variedade para a experiência do começo ao fim. Talvez ele não tenha alcançado o mesmo impacto que Resident Evil 7 teve para mim, mas ainda assim é um jogo marcante em vários aspectos. No fim das contas, Village pode não ser perfeito, mas continua sendo uma experiência sólida dentro da série — principalmente pela ambientação, pela direção de arte e pelos momentos únicos que aparecem ao longo da jornada."
220790198,276.35,True,0,"mano, historia boa e um pouco complexa, uma quantidade e variedade de armas boa também pra um jogo desse ano, quase perfeito mem."
220786681,18.6,True,0,"Bão demais :) mas achei um pouco inferior ao anterior. De qualquer modo o game demonstrou que o Ethan é um bom protagonista também, gostei da relação com a família (filha) etc. A DLC achei um pouco chata, mas o final fez valer a pena."
220777358,17.633333333333333,True,0,"Jogo muito bom. Pontos positivos: A jogabilidade é bem diversificada. Em alguns momentos lembra o Resident Evil 7: Biohazard, mas também traz bastante ação em outras partes. O Ethan agora tem mais personalidade e a dublagem está muito boa. E tem uma vampira milf de quase 2 metros querendo te matar — sinceramente, não tem lado ruim nisso. As danadas das filhas dela só deixam a situação mais caótica. Pontos negativos: A história foge um pouco do estilo mais clássico da franquia Resident Evil. Vale jogar encarando como uma abordagem diferente da narrativa da série, mesmo tendo várias referências à lore. A câmera em terceira pessoa durante a campanha fica meio estranha às vezes, já que o jogo foi claramente pensado para primeira pessoa. E joguem a DLC, ela fecha muito bem a história."
220729721,18.166666666666668,True,0,"gameplay e história muito boas, finalmente deram alguma profundidade pro coitado do ethan. a dlc tbm é bem legal."
116538106,49.63333333333333,False,0,"muito potencial, gameplay divertida mas execução foi um fracasso, a sensação que o jogo deixa é de uma demo gigante, te mostra um pouquinho de um monte de ideia incrível mas não te da substancia, infelizmente um enorme potencial desperdiçado"
220707291,41.516666666666666,True,3,"Comecei sem muitas expectativas, mas me surpreendi. Tem uma história muito boa. Level design maravilhoso. É tudo muito bem dosado."
149964739,21.0,True,24,"Muito bom, assim como o 7 é lindo e muito gostoso de explorar. gráficos, ambientação e gameplay excelentes, trilha sonora muito boa também, na minha opinião o único defeito desse jogo é a narrativa. Acabei levando mais tempo do que a maioria pra zerar, mas isso é porque gosto de explorar cada canto do mapa, descobrir todos os segredos e pegar tudo que for possível. Nesse jogo a exploração é algo que vale a pena, é bastante recompensadora. Provavelmente vou jogar de novo, Resident Evil Village é injustiçado."
220701473,18.066666666666666,True,0,"Muito bacana, mas teve lutas que eu passei muita raiva e meio repetitivas e lentas, mas muito legal."
220678504,17.116666666666667,True,0,"Resident Evil VIllage começa muito bem, com uma trama envolvente e com ar de mistério e uma ambientação muito boa, mas, após um certo período de game, o jogo se desprende muito da proposta inicial e do que foi o seu antecessor, RE7, e fica um jogo muito mais voltado pra ação e dificuldade para passar de inimigos, o que pode agradar muitos players, mas para aqueles que jogaram o RE7 e estão esperando algo na mesma pegada, vão se frustrar e muito. NOTA:5/10 - Espera uma promo bem bacana e compra"
220670896,13.383333333333333,True,0,Muito bom o jogo!! indicado para todos que gostam da franquia.
220649731,65.98333333333333,True,0,"Resident Evil 8 é uma mistura de sabores muito agradável, em que tensão, ação e aquele pequeno verniz de terror se entrelaçam com ousadia criativa. O jogo é muito divertido e traz uma história rica e cheia de margem para teorias, sendo convincente e interessante para quem não se prende aos clássicos da franquia e está de mente aberta para novas perspectivas de bioterrorismo."
220610816,35.68333333333333,True,0,"Resident Evil Village, é um jogo que mostra como a Capcom conseguiu evoluir a fórmula criada em Resident Evil 7, misturando terror clássico com ação moderna — algo que a série sempre fez quando está no seu melhor. Se RE7 salvou o terror da franquia, Village mostrou que Resident Evil ainda consegue inovar sem perder sua identidade. RE8 continua a história de Ethan Winters, mas agora em uma escala muito maior. Enquanto RE7 era claustrofóbico e focado na casa dos Bakers, Village abre o mundo para uma vila inteira cheia de mistérios. Logo no início vemos o retorno de Chris Redfield, um dos personagens mais icônicos da franquia. A presença dele conecta diretamente a nova fase da saga com os jogos clássicos. Ele não tenta ser apenas assustador — ele quer ser uma experiência completa de Resident Evil: terror, ação, exploração e personagens marcantes."
220610753,24.233333333333334,True,0,"bagulho foda, da uns cagaço as vezes, os bixo peludo é embaçado"
220610009,17.8,True,0,"Por mais que a história seja um viajada monstra, que seja a história mais bizarra e sem sentido com sentido da franquia, o jogo é divertido, mais divertido que o próprio 7 na minha opinião. Jogue e tire suas próprias conclusões, mas acho que que tem mais chance de você ter uma experiência gostosa de jogar, por mais que a balística do jogo não seja tão bacana quanto a do remake do 4 e do 2."
220598533,98.0,True,0,"Impossivel não se emocionar, obrigado Ethan Winters por tirar essa saga do esquecimento e trazer ela de volta para a glória. Descanse em paz."
220593168,13.633333333333333,True,0,"É ótimo, jogabilidade desafiadora e não afeta meu pc, é o tipo de jogo que posso jogar sempre que tiver tempo livre"
163140761,25.483333333333334,True,0,"chris farmando sua aurinha desde o inicio do jogo homao da porra, ethan apenas um pai comum querendo salvar sua filha, todos os lords muito bem escritos dito isso, ethan>>> leon e chris. JOGAO"
220569992,14.033333333333333,True,0,"história linda... foi o jogo que me colocou no universo do RE e nunca me deixou na mão, desde a história envolvente que me trouxe pra todo o resto da lore até o resto da gameplay, que nunca deixou de ser desafiadora porém não me impediu de progredir mesmo sendo relativamente iniciante. amo muito esse jogo e te amo muito ethan winters <3"
220566659,43.45,True,0,"Esse game mora aqui óó no meu coração <3 Está no meu Top 5 melhores Resident Evil, Ethan foi um protagonista e tanto, apesar de ser um mofo e a gente pegar esse plot absurdo após o mesmo ser morto pelo Papai Baker na Mansão. Capcom se dispôs a colocar a câmera em terceira pessoa, só não gostei de terem cobrado achei isso desnecessário para uma mudança de câmera só por causa de chororo. A história tem inicio, meio, um pouco mais do meio e fim aqui tudo se encaixa, só que não gostei novamente que a Capcom adora destruir grandes vilões de forma pífia e cretina, o que fizeram com a gostosa da Lady Dimitrescu foi de lascar o coração mas tirando isso é o jogo mais bonito da Saga toda."
220537147,12.383333333333333,True,1,"Muito bom unico resident evil que eu chorei com a historia, meu deus mano eu amo saporra joguem esse jogo para caralho! a historia é muito boa, mas a gameplay infelizmente decepcionou um pouco porem da para tankar n é based rapaze E FODA!! Bom eu gosto muito da historia do jogo, ter o Chris de volta foi muito legal embora tenha sido chato jogar com ele só um pouco a historia de um Homem indo atras de salvar sua filha me emocionou muito e conseguiu mecher comigo de um jeito positivo eu gostei do jogo e recomendo quem queira comprar, A historia é boa demais"
220538235,31.833333333333332,True,0,"excelente jogo, apesar de muitos não gostarem, gostei do jogo, gostei da historia, gostei da gameplay, jogo e recomendo!!"
219612070,30.366666666666667,True,0,"Se o jogo anterior foi o choque de realidade e o terror puro, o Resident Evil Village é o suco da galhofa QUASE bem feita e da ação desenfreada. A premissa é aquela loucura que a gente já aceita tendo jogado o 5 e 6: tenha sua esposa fuzilada na sua frente, seja levado à força para uma vila isolada e simplesmente mate TUDOS e TODOS que aparecerem pelo caminho. O mais bizarro é ver o Ethan Winters, que no jogo anterior mal sabia segurar uma lanterna, agora soltando piadinhas enquanto saqueia o castelo e o vilarejo como se fosse um político que se diz a favor do povo. Apesar de não ser considerado um dos melhores da franquia por quem prefere o estilo dos mais antigos, eu amei demais a jornada por esse vilarejo misterioso do leste europeu. É um jogo que sabe ser divertido sem pensar no que o público vai achar. Os personagens são cativantes, cada lorde daquela vila tem um carisma bizarro, é triste ver que todos foram mal utilizados. E a gameplay, em comparação ao 7, é muito superior, com diversas melhorias de jogabilidade que tornam o combate muito mais divertido. Sem falar nos gráficos, que são extremamente bonitos até hoje. É o jogo recomendado para quem quer desligar um pouco o cérebro e se divertir fuzilando lobisomens, vampiras e milfonas gigantes no meio do leste europeu. Não tenta ser o ápice do terror, mas como experiência de ação e exploração: 10/10"
220507598,1.6166666666666667,True,0,pagar 80 reais pra jogar em terceira pessoa? to fora.
220461116,32.81666666666667,True,9,"A sequencia direta de um dos melhores jogos da franquia! Recomendo fortemente, de preferencia em alguma promoção da versão GOLD. Muito satisfatório ouvir aquele ""VTNC sua m4luc4"" 10/10"
220439861,55.5,True,2,Jogo perfeito simplesmente isso... estou quase platinando de tão bom é o jogo franquia RE merece aplausos pela história conectada a todos os jogos.
220432784,1.3333333333333333,True,0,"Simplesmente perfeito, tem algumas coisinhas que poderiam ser melhor na textura e cenário mas tirando isso, foi muito bem ambientado sem falar que conduziram muito bem a continuação do 7 😃👍"
220395993,13.766666666666667,True,0,"É um resident evil ok, muito longe da qualidade que foi o 7 mas ainda é um jogo legal. O game começa muito bem e chega num ponto que começa a decair muito e no final fica bem ruinzinho, tão ruim que a pessoa chega no final esquecendo que o jogo foi divertido até a metade. Nota 6,5. Se você jogou até o 7 e quer saber a continuação da historia, nem perca seu tempo mas, se vc quer um resident evil diferente só pra curtir e matar uns bicho doido vai em frente."
220362922,30.35,True,0,"* TEM SPOILER! * Pqp, a Capcom tava inspirada no RE8! Acabei de terminar essa jornada e, sério, que jogo divertido. É uma montanha-russa de emoções que te joga do castelo de uma vampira gigante direto pro laboratório de um cientista maluco. Polêmica: RE7 vs RE8 Muita gente por aí diz que o Resident Evil 7 é perfeito e que o 8 é uma ""bomba"". Olha, eu achei o 7 ok, um bom jogo de terror, mas o 8 é MUITO melhor, kkkkk! O que eu mais curti no Village é que ele parece demais com o Resident Evil 4, e isso deixa o gameplay sensacional. Ele tem aquele clima de vilarejo isolado, o gerenciamento de inventário e aquela progressão que te faz querer explorar cada canto. Terror + Combate: O Equilíbrio Perfeito As partes de terror são muito legais e dão aquele frio na espinha, mas eu também gosto muito do combate. O jogo não te deixa só fugindo; ele te dá ferramentas pra lutar, e a sensação de trocar tiro com os lobisomens e monstros é satisfatória demais. Os Vilões e os Cenários Castelo Dimitrescu: Simplesmente sensacional. Aquela exploração clássica que a gente ama, com um visual impecável. Casa Beneviento (A Boneca): No jogo principal é uma parte mais simples, focada em puzzle, mas muito tensa. Agora, a DLC (Shadows of Rose) elevou isso a outro nível! Aquelas bonecas da Mia correndo atrás de mim? Me caguei de medo, kkkkk. O Peixão (Moreau): Achei a parte do reservatório bem legal, traz uma dinâmica diferente de perseguição na água. Heisenberg (O ""Walter White""): A fábrica é uma viagem total, parece outro jogo, mas é divertidinha demais. O clima industrial e os inimigos meio ""cyborgs"" dão um ar de ação frenética. Mãe Miranda: A luta final contra a ""Mamãe"" é muito divertida e fecha bem a história com aquele combate épico. O Dono do Jogo: O Duque Não dá pra falar de RE8 sem citar o Gordão da Lojinha. O Duque é uma das melhores adições; o cara é gente fina, te ajuda e ainda solta umas frases icônicas. É sempre um alívio ver a carruagem dele. DLC e Modo Mercenários Expansão dos Winters: A DLC é massa demais. A luta final é foda e voltar para o castelo com novos desafios e uma perspectiva diferente foi muito divertido. Modo Mercenários: Viciante! Aquela adrenalina de correr contra o tempo, matando tudo que se move pra combar pontos e chegar no fim o mais rápido possível. Pegar as skills certas no meio da partida deixa tudo mais estratégico e prazeroso. Veredito: Resident Evil Village entrega tudo: terror, ação, exploração e um fator replay altíssimo. Se você gosta de um jogo que não tem medo de ser ""viajado"" e divertido ao mesmo tempo, esse é o título certo. Pode falar o que quiserem, o 8 ganha do 7 fácil!"
135961538,34.8,True,0,Eu joguei todos os resident evil isso e a diferença de um fã para um fanboy~!!!
220342717,13.366666666666667,True,0,"Muito louco! Como uma sequência do 7, seguindo a história da família Winters, esse jogo é um deleite de se jogar e explorar. Achei interessante jogar esse logo depois do 4... Os paralelos são evidentes e aqui são muito bem aplicados para a perspectiva em primeira pessoa. O gameplay é excelente, mais preciso e dinâmico que o anterior! Fiquei bem interessado na lore desse jogo, que traz elementos muito interessantes para a origem de tudo e oferece um final digno ao Ethan. Muito curioso pra ver para onde Resident Evil vai a partir daqui."
220329400,18.333333333333332,True,0,"É um jogo bem interessante, que começa muito bem mas que perde força no ato final. Gostei muito da jogabilidade (que me lembra bastante RE4), os quatro inimigos iniciais são combatidos de formas diferentes e foi muito interessante ver um jogo da franquia que não envolvesse apenas atirar em uma massa gigante de carne com olhos laranjas (esses elementos estão sim presentes, mas os combates não são pautados apenas isso - inclusive, tem uma mecânica breve no combate final que poderia ser muito melhor explorada). O principal ponto fraco pra mim foi o plot, principalmente uma parte específica que busca reescrever parte do que houve em RE7 mas na real não explica nada mesmo e parece um surto coletivo (sério, me irritou demais ter sido criada toda uma narrativa acerca do Ethan e no fim das contas isso nem ser tão relevante pro desenrolar do jogo, enfim, odiei essa parte kk). As motivações da Miranda me parecem ok, mas pareceu muito rushado, contendo elementos aleatórios que ligassem as pontas. Poderia ser muito melhor trabalhado, e a personagem da Miranda poderia ser muito melhor explorada. O balanço final, pra mim, é bem positivo (as primeiras horas já justificam o valor pago pelo jogo)! Não é o melhor Resident Evil da história, mas é um jogo interessante o suficiente pra deixar uma marca na história da franquia."
220316544,21.933333333333334,True,0,"Vi um pessoal esculachando o game e, pra mim, foi um jogão. Me surpreendeu demais."
220313090,36.71666666666667,True,0,"O jogo é incrível, uma experiência única, visuais incríveis e cenários belíssimos, tomei cada susto."
220296727,9.833333333333334,True,0,"O jogo é do caralho, mas compra se vc tiver dinheiro sobrando ja que ele é curtinho pra um jogo caro critica: como se ja n bastasse pagar pelo jogo vc tbm tem que pagar 90 reais pra saber oq aconteceu com a rose numa DLC que aparentemente é ruim de acordo com umas reviews, sacanagem"
220290060,17.633333333333333,True,0,"Ethan todos te odeiam, mas eu te amo. Jogasso da porra"
220283548,4.716666666666667,True,0,pau no cu que fala o jogo e ruim bom
220244493,15.966666666666667,True,0,"Se você curte jogos de terror com ação, Village é top. Tem aquele clima assustador do RE7, mas com mais tiroteio e boss fights épicas — tipo a Lady Dimitrescu, que virou meme (e merece!). Ambientes lindos, história envolvente (mesmo que um pouco maluca no final), e dura uns 10h. Pode ser curto, mas é muito divertido do começo ao fim."
220234593,12.633333333333333,True,0,maior susto nesse jogo foi um motor de avião ambulante
220231278,15.633333333333333,True,0,"Que jogo perfeito do começo ao fim, aqueles que ficam dizendo que o game não é resident evil por 1001 motivos isso aquilo que o game é ruim e etc ficam vivendo da nostalgia de ps2 so resident evil 4 so protagonista Leon e por ai vai e desmerecem esta obra. Para quem pensa em comprar vai sem medo o jogo é exelente do começo ao fim boa historia e gameplay."
125178528,34.06666666666667,True,0,"Assim como RE6 eu acho esse game muito injustiçado. Village é um jogo incrível do começo ao fim. Ele foge dos clássicos, trás uma pegada bem diferente, mas eu particularmente gosto muito da forma como ele se conecta com os outros e da narrativa também. É um a gameplay muito gostosa, que vale muito a pena. Boa narrativa, boa progressão, atmosfera, gostinho de RE mesmo que não clássico, e otimização bacana também."
220182207,16.75,True,0,"O jogo é muito bem feito, terror e investigação na dose certa durante todo o jogo sinto que tem alguma coisa tentando me matar"
220158802,40.583333333333336,True,0,"Entendo q n gosta, porem, como um jogo em si, ele é exelente!"
220125182,14.866666666666667,True,0,"top. achei meio padrao comparado aos outros RE, mas ainda é bem divertido, uns sustinhos aqui, mas num geral bom jogo de ação"
220124383,26.783333333333335,True,0,"Jogo maravilhoso, apesar de todos os elementos incríveis, não foi tão assustador quanto o anterior, porém, nada desqualifica essa obra. Me parece um grande tributo ao 4 que é meu favorito e te passa todo aquele feeling que os fãs tanto gostam, se tornou um dos meus favoritos!"
220122201,40.8,True,0,"Jogão absurdo, recomendo demais vale a pena o problema é que ele é bem curto infelizmente"
217070092,19.583333333333332,True,0,"Excelente jogo! Mantendo as mecânicas do RE7, jogo altera ou inova pouco na gameplay comparado ao antecessor, porém, mesmo assim, segue sendo um dos jogos mais legais da franquia. A ambientação é fantástica, talvez a melhor da série, a história é um mix de um bom suspense + busca de pai pela filha e dá muito certo. O Ethan se solidifica como um ótimo protagonista dentro da série. Um dos poucos problemas aqui é que os vilões são pouco carismáticos. Havia bastante potencial em alguns deles, mas no fim apenas a Lady Dimitrescu entrega uma performance legal. No conceito terror, a experiência alterna um pouco. Existem momentos assustadores, porém a maioria é bem mais tranquila, porém, sempre naquela linha de poucos recursos e momentos de fuga. Recomendo bastante pra quem curte a série e mais ainda pra quem curte um jogo de terror/zumbis."
137485889,31.866666666666667,True,0,"Dahorinha como jogo à parte e nunca, em hipótese nenhuma, pague o preço cheio."
219957608,10.566666666666666,True,0,"Particularmente não sei nem por onde começar a falar desse jogo. Acredito que logo de cara posso dizer que esse é um jogo profundamente injustiçado, pois ele é muito bom, apesar de seus problemas, ele consegue se sair muito bem no que se propõe. Eu particularmente sou um fã clássico da saga, amo os RE clássicos, sobretudo o 1 Remake e o 2 Remake, porém o Village me pega de um jeito muito curioso, a história é muito interessante, apesar de uma falta de profundidade nos personagens, ela acaba sendo mais corrido no quesito história, porém ele consegue ser ótimo naquilo que se propõe. Ethan um personagem que no RE 7 é bem mais ou menos, aqui no Village ele ganha um profundidade maior, sobretudo em nossa dublagem PT-BR onde o personagem é magistralmente dublado pelo Raphael Rossato, uma voz que combinou muito com o personagem, e ainda sonho com a dublagem do RE7, mas além disso a dublagem de todos os outros personagens é excelente, como o primeiro Resident dublado, o Village se saiu muito bem. A exploração e gameplay é algo muito gostoso de se fazer e jogar, o modo terceira pessoa é meio duro, porém é algo que você se acostuma. Porém em minha opinião o ponto mais alto desse jogo é a relação entre Ethan e Rose, esse jogo é a história de um pai que a todo custo busca salvar a filha. E a continuação do game na DLC Sombras de Rose, consegue melhorar muito isso. Apesar de saber que esse game não vai agradar muitos fãs clássicos, para mim esse jogo foi uma surpresa muito boa, é um jogo que possui uma ambientação muito boa, uma lore bem interessante, uma gameplay que supera seu antecessor, e apesar do terror não estar tão presente como foi o 7, o Village mesmo com seus problemas possui um charme particular que fez com que ele entrasse na minha lista de RE favoritos, não o melhor, mas muito longe de ser o pior ou uma bomba como muitos dizem, ele é um jogo competente no que se propõe, apesar dos erros, ele te entrega uma experiência muito boa. Nota 9/10"
220042486,12.866666666666667,True,0,"e de fato um dos jogos, porem nao e mto estilo resident evil. achei q fosse tao bom quanto o 7, mas nao, mesmo assim, continua sendo um jogo bom de susto e acao"
220040655,28.933333333333334,True,0,"Chris é casca grossa mas aparece pouco, o Ethan fico mais legal mas ele morre e tem o magneto"
124727890,148.88333333333333,True,1,"Resident Evil Village é um jogo excelente e inovador, evoluindo bem a base criada por Resident Evil 7: Biohazard. Possui gráficos de alto nível graças à RE Engine, ótima ambientação, trilha sonora marcante e jogabilidade sólida. A história da família Winters é interessante, embora a questão dos poderes em alguns momentos pareça um pouco exagerada. O jogo também poderia ter mais puzzles e um boss final ainda mais impactante. Um ponto muito positivo é que foi o primeiro jogo da série Resident Evil com dublagem oficial em português do Brasil pela Capcom. Mesmo diferente do padrão clássico da franquia, continua sendo um Resident Evil marcante, com terror, ação, exploração e survival horror de alta qualidade."
220034292,16.666666666666668,True,0,"Gameplay muito boa, história interessante e inimigos legais de lidar, só queria que os personagens tivessem mais tempo de tela/desenvolvimento"
213956790,58.916666666666664,True,11,"um jogo excelente, mas acaba se perdendo em partes principalmente na fabrica do ultimo lorde , mas fora isso a tensão e a exploração dos demais lugares são otimos"
220025267,14.983333333333333,True,0,Jogo muito bem produzido. Valeu a pena pegar na promoção
220023058,17.133333333333333,True,0,oi ethan voce quer ser meu pai sim ou nao
220021419,12.766666666666667,True,0,"o jogo é bom, mas em questão de resident evil é uma bosta"
220014840,20.083333333333332,True,0,otimo maravilhoso só fico triste pelo Ethan... gostei d+ jogar com ele
219993588,14.466666666666667,True,0,"É um jogo bem divertido. A história se perde muito do meio pro final, mas a gameplay do jogo é muito boa. Como um Resident Evil é fraco, vilões mal aproveitados, etc."
219982272,10.733333333333333,True,0,"O jogo é muito bom, mas não é tão focado no terror e tem bastante inspiração no RE4, mas vale a experiência"
219943285,58.93333333333333,True,0,tudo e bom exeto o mercenarios detesto o contra relojo
219935383,10.383333333333333,True,57,"Eu jogo Residente Evil desde o 1. Eu joguei TODOS, ok? Todos. E, essa é a diferença de um fã para um fanboy, certo? Vou dedar aqui a diferença de um fã para um fanboy. Eu sou fã de Resident Evil eu joguei todos eu ZEREI TODOS, certo? Tanto os principais quanto os Spin-offs. Éaah...Eu gostei demais do Resident Evil 1, 2, 3..."
219934488,20.416666666666668,True,0,"Esse jogo vai servir de exemplo pra sempre a mim mesmo que não devo confiar 100% na internet em relação a opinião a algum jogo... Joguei despretensiosamente achando que ia ser um jogo ruim e me surpreendi muito positivamente Ele tem algumas escolhas narrativas que não me agradam tanto mas nada ofensivo... Compensação a isso, o backtracking do vilarejo (região central do mapa, vamos dizer assim) é MUITO bom, o que eles fizeram aqui para incentivar a exploração é brincadeira, chegando no castelo Dimitrescu até a casa Beneviento é MUITO bom. Depois desse trecho sinto uma decaída, principalmente na fábrica e na boss fight do Heisenberg que aí sim me ofendeu um pouco, sinceramente aquilo é bem ruim KKKKKK Mas cara resumindo, é um bom jogo, não perfeito... Mas ainda sim bem divertido vale total a experiência! 7.0/10"
219917688,8.133333333333333,True,0,"Brabo esse jogo, fiquei tão imerso na história, que zerei em uma tacada kkkk"
196018300,57.916666666666664,True,1,"Direto ao ponto: jogo fantástico, 10/10. Recomendo para qualquer jogador."
136588536,34.03333333333333,True,0,"Resident Evil Village é um dos melhores jogos da saga Resident Evil, o jogo começa maravilhosamente, nos introduzindo a Vila e aos licantropos, usando elementos de terror, com uma ambientação fantástica, nível CAPCOM, começamos nossa aventura com Ethan Winters, numa continuação direta do Resident Evil 7. Se você não jogou o 7, não se preocupe, isso não vai afetar sua experiência, mas se puder assistir a um resumo antes, não será ruim. Graficamente o jogo é bem bonito, sem exigir tanto de hardwares mais modestos, possui uma jogabilidade divertida e plenamente satisfatória, com uma narrativa boa na maior parte do tempo. O jogo irá te divertir bastante, e te fará sentir medo em muitos momentos, apesar de largar um pouco essa premissa depois que você chega mais no final de jogo. Recomendo pegar em uma promoção, com certeza você ficará satisfeito, principalmente se for fã da saga. Edit: Não quero mudar a análise original, por mais duvidosa que seja, então estou fazendo somente uma adição. A DLC é.... curiosa, é tão viajada quanto a parte do Heisenberg, mas não é tão divertida quanto, então, sei lá. Se você por acaso comprou Gold e tem ela aí, joga, se não, vê no youtube."
219874735,54.166666666666664,True,0,"Ainda estou sem palavras com este jogo. A fidelidade dos gráficos é esplêndida, criando uma ambientação tão real que o medo se torna palpável. O que mais me impressionou foi o peso da narrativa: a busca desesperada de Ethan Winters pela sua filha, Rose, traz uma carga emocional que raramente se vê em jogos de terror. O jogo transita com maestria entre o terror psicológico sufocante e o horror mais explícito, fazendo você sentir cada passo da jornada desse pai que enfrenta o impossível contra criaturas e lordes bizarros. É uma experiência imersiva, visualmente impecável e com um enredo que te prende do início ao fim. Nota 10/10."
219857654,15.583333333333334,False,0,"Esse jogo tenta ser um novo resident evil 4, mas não consegue, recomendo jogar e zerar, mas não comprar."
219848529,15.75,True,1,"esperei anos pra jogar esse daqui, amo o ethan achei o 7 muito foda e o 8 é tao bom quanto pra mim, igual o sete, o começo do jogo dá um cagaço mas pro mid late game já dá pra jogar com o audio no talo e só atirar e andar pra frente. começo muito bom chega no heisenberg fica uma bosta e o final é ruim forçado demais. mas deu pra me divertir e aproveitar o jogo. eu te amo Ethan Winters"
219847871,44.766666666666666,True,0,"Jogo divertido, mantém a vibe do re7 com mecânicas novas"
219846008,52.43333333333333,True,0,"Resident Evil Village trouxe aspectos marcantes que acompanham a franquia já tem um tempo, em destaque o mercador de equipamentos, puzzles e seus momentos de terror. O jogo possui grandes altos e baixos, mas a Capcom realmente conseguiu pegar coisas que foram interessantes em jogos anteriores (Principalmente o 4) e reutilizaram de uma maneira diferente, indo mais na onda de folclore europeu (Vampiros, Lobisomens etc), e lendas regionais. As construções, level design e ambientação foram bem desenvolvidos para o cenário e historia, devo ressaltar também como o tempo e ambiente se modifica ao decorrer da gameplay, tendo manhã, tarde e noite, cada um deles tendo seu brilho em cada momento do jogo. A trilha sonora infelizmente não é tão marcante como os outros jogos, na minha opinião conseguiram fazer isso muito bem em Resident Evil 7, mas no Village você sente falta dessa atenção da capcom, apesar dos pesares, tem alguns poucos momentos que a trilha se destaca. Os inimigos comuns não possuem o mesmo carisma que os zumbis, ganados e outros famosos da capcom, os Licanos e outros que aparecem ao decorrer da campanha são legais, mas não te dão a mesma sensação. Os Boses são realmente legais (Menos o Penúltimo), não sei aonde a Capcom estava com a cabeça no momento que colocou o Ethan para lutar com um transformer, achei bizarro e bem chata essa luta, realmente um ponto necessário de ser discutido, mas em destaque eu deixo a primeira Boss Fight e a terceira como minhas favoritas. Por fim o maior ponto positivo desse jogo para mim, principalmente por não parecer forçado, sem sentido, e bem nostálgico, O MERCADOR. Ele traz uma mecânica que muitos que tiveram um PS2 já tiveram que e gerenciar moedas para investir em armas, acho que o Duque acompanha bem a história, mas no Village ele também serve como um conselheiro e guiador, ele é quem ajuda o Ethan a encontrar o caminho para continuar em frente, então parabéns pelo mercador. OBS: O jogo traz uma revelação bem interessante sobre os personagens presentes nesse jogo, então eu recomendo jogar o Resident Evil 7 antes de jogar esse."
219839117,30.483333333333334,True,0,Eu recomendo esse jogo apenas para você baixar o mod de tapinhas e ficar dando tapas na bunda da dimitrescu
219835613,11.683333333333334,True,0,"criticamente falando, terrivel. Mas no meu coração, O meu favorito com certeza absoluta, no momento dessa analise so nao joguei o 1 o 6 e o 9 entao nao posso afirmar, mas recomendo muito o village. Mas antes de jogar esse jogue o 7/Biohazard."
200862680,16.633333333333333,True,0,"A dublagem do jogo e muito boa, todo o sistema de som do jogo é muito bom, o som das armas é excelente, e as musicas combinam bem. As animações são perfeitas, e os graficos lindos, principalmente as expressoes faciais, a tematica do game é muito boa e os Lycanos se encaixam perfeitamente. Infelizmente, o jogo é mais Sobrevivencia do que terror, alguns personagens são mal aproveitados, como a Dimitrescu e suas filhas, por exemplo, que deveria servir como uma perseguidora no game, mas te persegue apenas por uma peguena parte do game, e as batalhas com as filhas é muito simples, somente a primeira é memoravel. O Jack no jogo anterior funciona como perseguidor de uma forma muito melhor, muito mais complexo e presente. O sistema de combate e criação é muito boa, talvez o melhor da franquia, as partes de ação do jogo são muito boas. Mas pra quem gosta mais do terror ainda vai preferir o jogo anterior, mas sem duvidas é um bom jogo de Resident Evil, e um bom jogo de Survival Horror. Esse jogo brilha mesmo na sua historia que apresenta muita profundidade, quando joguei esse jogo, não achei grande coisa, mas conforme o tempo foi passando, percebi que esse jogo tem uma narrativa excelente."
219811977,19.016666666666666,True,0,Quando você está numa competição de pior protagonista da saga mas seu oponente é Chris Redfield
